[2026-07-17T08:03] refill: enqueued 10
[2026-07-17T08:04] cycle: evaluated=0 actions=0 digest=C:\Users\Brad\Dev Folder\Product\ptcg-ai-battle-challenge-strategy\experiments\factory\digests\cycle-20260717-080358.md
[2026-07-19T21:31] cycle: evaluated=10 actions=9 digest=C:\Users\Brad\Dev Folder\Product\ptcg-ai-battle-challenge-strategy\experiments\factory\digests\cycle-20260719-213002.md
[2026-07-19T21:45] refill: enqueued 1
[2026-07-19T21:45] cycle: evaluated=1 actions=0 digest=C:\Users\Brad\Dev Folder\Product\ptcg-ai-battle-challenge-strategy\experiments\factory\digests\cycle-20260719-214501.md
[2026-07-19T22:00] training: deck=src/ptcg/decks/candidates/generated/mega-starmie-water-lean-attacker-down1.csv
[2026-07-19T22:08] cycle: evaluated=1 actions=1 digest=C:\Users\Brad\Dev Folder\Product\ptcg-ai-battle-challenge-strategy\experiments\factory\digests\cycle-20260719-220038.md
[2026-07-19T22:15] refill: enqueued 1
[2026-07-19T22:34] cycle: evaluated=1 actions=1 digest=C:\Users\Brad\Dev Folder\Product\ptcg-ai-battle-challenge-strategy\experiments\factory\digests\cycle-20260719-221501.md
[2026-07-19T22:45] cycle: evaluated=0 actions=0 digest=C:\Users\Brad\Dev Folder\Product\ptcg-ai-battle-challenge-strategy\experiments\factory\digests\cycle-20260719-224500.md
[2026-07-19T23:00] cycle: evaluated=0 actions=0 digest=C:\Users\Brad\Dev Folder\Product\ptcg-ai-battle-challenge-strategy\experiments\factory\digests\cycle-20260719-230001.md
[2026-07-19T23:15] cycle: evaluated=0 actions=0 digest=C:\Users\Brad\Dev Folder\Product\ptcg-ai-battle-challenge-strategy\experiments\factory\digests\cycle-20260719-231501.md
[2026-07-19T23:30] cycle: evaluated=0 actions=0 digest=C:\Users\Brad\Dev Folder\Product\ptcg-ai-battle-challenge-strategy\experiments\factory\digests\cycle-20260719-233001.md
[2026-07-19T23:45] cycle: evaluated=0 actions=0 digest=C:\Users\Brad\Dev Folder\Product\ptcg-ai-battle-challenge-strategy\experiments\factory\digests\cycle-20260719-234501.md
[2026-07-20T00:00] cycle: noop
[2026-07-20T00:15] cycle: evaluated=0 actions=0 digest=C:\Users\Brad\Dev Folder\Product\ptcg-ai-battle-challenge-strategy\experiments\factory\digests\cycle-20260720-001501.md
[2026-07-20T00:30] cycle: noop
[2026-07-20T00:45] cycle: evaluated=0 actions=0 digest=C:\Users\Brad\Dev Folder\Product\ptcg-ai-battle-challenge-strategy\experiments\factory\digests\cycle-20260720-004501.md
[2026-07-20T01:00] cycle: noop
[2026-07-20T01:15] cycle: evaluated=0 actions=0 digest=C:\Users\Brad\Dev Folder\Product\ptcg-ai-battle-challenge-strategy\experiments\factory\digests\cycle-20260720-011501.md
[2026-07-20T01:30] cycle: evaluated=0 actions=0 digest=C:\Users\Brad\Dev Folder\Product\ptcg-ai-battle-challenge-strategy\experiments\factory\digests\cycle-20260720-013001.md
[2026-07-20T01:45] cycle: evaluated=0 actions=0 digest=C:\Users\Brad\Dev Folder\Product\ptcg-ai-battle-challenge-strategy\experiments\factory\digests\cycle-20260720-014501.md
[2026-07-20T02:00] cycle: evaluated=0 actions=0 digest=C:\Users\Brad\Dev Folder\Product\ptcg-ai-battle-challenge-strategy\experiments\factory\digests\cycle-20260720-020001.md
[2026-07-20T02:15] cycle: noop
[2026-07-20T02:30] cycle: noop
[2026-07-20T02:45] cycle: noop
[2026-07-20T03:00] cycle: evaluated=0 actions=0 digest=C:\Users\Brad\Dev Folder\Product\ptcg-ai-battle-challenge-strategy\experiments\factory\digests\cycle-20260720-030001.md
[2026-07-20T03:15] cycle: evaluated=0 actions=0 digest=C:\Users\Brad\Dev Folder\Product\ptcg-ai-battle-challenge-strategy\experiments\factory\digests\cycle-20260720-031501.md
[2026-07-20T03:30] cycle: noop
[2026-07-20T03:45] cycle: noop
[2026-07-20T04:00] cycle: noop
[2026-07-20T04:15] cycle: noop
[2026-07-20T04:30] cycle: noop
[2026-07-20T04:45] cycle: evaluated=0 actions=0 digest=C:\Users\Brad\Dev Folder\Product\ptcg-ai-battle-challenge-strategy\experiments\factory\digests\cycle-20260720-044501.md
[2026-07-20T05:00] cycle: noop
[2026-07-20T05:15] cycle: noop
[2026-07-20T05:30] cycle: noop
[2026-07-20T05:45] cycle: evaluated=0 actions=0 digest=C:\Users\Brad\Dev Folder\Product\ptcg-ai-battle-challenge-strategy\experiments\factory\digests\cycle-20260720-054501.md
[2026-07-20T06:00] cycle: evaluated=0 actions=0 digest=C:\Users\Brad\Dev Folder\Product\ptcg-ai-battle-challenge-strategy\experiments\factory\digests\cycle-20260720-060001.md
[2026-07-20T06:15] cycle: noop
[2026-07-20T06:30] cycle: evaluated=0 actions=0 digest=C:\Users\Brad\Dev Folder\Product\ptcg-ai-battle-challenge-strategy\experiments\factory\digests\cycle-20260720-063001.md
[2026-07-20T06:45] cycle: noop
[2026-07-20T07:00] cycle: evaluated=0 actions=0 digest=C:\Users\Brad\Dev Folder\Product\ptcg-ai-battle-challenge-strategy\experiments\factory\digests\cycle-20260720-070001.md
[2026-07-20T07:15] cycle: noop
[2026-07-20T07:30] cycle: noop
[2026-07-20T07:45] cycle: evaluated=0 actions=0 digest=C:\Users\Brad\Dev Folder\Product\ptcg-ai-battle-challenge-strategy\experiments\factory\digests\cycle-20260720-074501.md
[2026-07-20T08:00] cycle: evaluated=0 actions=0 digest=C:\Users\Brad\Dev Folder\Product\ptcg-ai-battle-challenge-strategy\experiments\factory\digests\cycle-20260720-080001.md
[2026-07-20T08:15] cycle: noop
[2026-07-20T08:30] cycle: noop
[2026-07-20T08:45] paused
[2026-07-20T09:00] paused
[2026-07-20T09:24] cycle: evaluated=4 actions=3 digest=C:\Users\Brad\Dev Folder\Product\ptcg-ai-battle-challenge-strategy\experiments\factory\digests\cycle-20260720-091500.md
[2026-07-20T09:30] refill: enqueued 2
[2026-07-20T09:30] cycle: evaluated=2 actions=2 digest=C:\Users\Brad\Dev Folder\Product\ptcg-ai-battle-challenge-strategy\experiments\factory\digests\cycle-20260720-093001.md
[2026-07-20T09:45] cycle: evaluated=0 actions=2 digest=C:\Users\Brad\Dev Folder\Product\ptcg-ai-battle-challenge-strategy\experiments\factory\digests\cycle-20260720-094501.md
[2026-07-20T10:00] paused
[2026-07-20T10:15] paused
[2026-07-20T10:30] paused
[2026-07-20T10:45] paused
[2026-07-20T11:00] paused
[2026-07-20T11:15] cycle: evaluated=0 actions=2 digest=C:\Users\Brad\Dev Folder\Product\ptcg-ai-battle-challenge-strategy\experiments\factory\digests\cycle-20260720-111502.md
[2026-07-20T11:30] cycle: evaluated=0 actions=0 digest=C:\Users\Brad\Dev Folder\Product\ptcg-ai-battle-challenge-strategy\experiments\factory\digests\cycle-20260720-113001.md
[2026-07-20T11:45] cycle: evaluated=0 actions=0 digest=C:\Users\Brad\Dev Folder\Product\ptcg-ai-battle-challenge-strategy\experiments\factory\digests\cycle-20260720-114501.md
[2026-07-20T12:00] cycle: evaluated=0 actions=0 digest=C:\Users\Brad\Dev Folder\Product\ptcg-ai-battle-challenge-strategy\experiments\factory\digests\cycle-20260720-120001.md
[2026-07-20T12:15] cycle: evaluated=0 actions=0 digest=C:\Users\Brad\Dev Folder\Product\ptcg-ai-battle-challenge-strategy\experiments\factory\digests\cycle-20260720-121501.md
[2026-07-20T12:30] paused
[2026-07-20T12:45] paused
[2026-07-20T13:00] paused
[2026-07-20T13:15] paused
[2026-07-20T13:30] cycle: evaluated=0 actions=0 digest=C:\Users\Brad\Dev Folder\Product\ptcg-ai-battle-challenge-strategy\experiments\factory\digests\cycle-20260720-133001.md
[2026-07-20T13:45] cycle: evaluated=0 actions=0 digest=C:\Users\Brad\Dev Folder\Product\ptcg-ai-battle-challenge-strategy\experiments\factory\digests\cycle-20260720-134502.md
[2026-07-20T14:00] training: deck=src/ptcg/decks/candidates/mega-lucario-fighting.csv
[2026-07-20T14:06] cycle: evaluated=1 actions=1 digest=C:\Users\Brad\Dev Folder\Product\ptcg-ai-battle-challenge-strategy\experiments\factory\digests\cycle-20260720-140039.md
[2026-07-20T14:15] refill: enqueued 1
[2026-07-20T14:29] cycle: evaluated=1 actions=1 digest=C:\Users\Brad\Dev Folder\Product\ptcg-ai-battle-challenge-strategy\experiments\factory\digests\cycle-20260720-141501.md
[2026-07-20T14:30] cycle: noop
[2026-07-20T14:45] cycle: noop
[2026-07-20T15:00] cycle: noop
[2026-07-20T15:15] cycle: evaluated=0 actions=0 digest=C:\Users\Brad\Dev Folder\Product\ptcg-ai-battle-challenge-strategy\experiments\factory\digests\cycle-20260720-151503.md
[2026-07-20T15:30] cycle: evaluated=0 actions=0 digest=C:\Users\Brad\Dev Folder\Product\ptcg-ai-battle-challenge-strategy\experiments\factory\digests\cycle-20260720-153003.md
[2026-07-20T15:45] cycle: noop
[2026-07-20T16:00] cycle: noop
[2026-07-20T16:15] cycle: noop
[2026-07-20T16:30] cycle: evaluated=0 actions=0 digest=C:\Users\Brad\Dev Folder\Product\ptcg-ai-battle-challenge-strategy\experiments\factory\digests\cycle-20260720-163001.md
[2026-07-20T16:45] cycle: noop
[2026-07-20T17:00] cycle: evaluated=0 actions=0 digest=C:\Users\Brad\Dev Folder\Product\ptcg-ai-battle-challenge-strategy\experiments\factory\digests\cycle-20260720-170001.md
[2026-07-20T17:15] cycle: noop
[2026-07-20T17:30] cycle: noop
[2026-07-20T17:45] cycle: noop
[2026-07-20T18:00] cycle: noop
[2026-07-20T18:15] cycle: noop
[2026-07-20T18:30] cycle: noop
[2026-07-20T18:45] cycle: evaluated=0 actions=0 digest=C:\Users\Brad\Dev Folder\Product\ptcg-ai-battle-challenge-strategy\experiments\factory\digests\cycle-20260720-184501.md
[2026-07-20T19:00] cycle: noop
[2026-07-20T19:15] cycle: noop
[2026-07-20T19:30] cycle: evaluated=0 actions=0 digest=C:\Users\Brad\Dev Folder\Product\ptcg-ai-battle-challenge-strategy\experiments\factory\digests\cycle-20260720-193003.md
[2026-07-20T19:45] cycle: noop
[2026-07-20T20:00] cycle: noop
[2026-07-20T20:15] cycle: noop
[2026-07-20T20:30] cycle: noop
[2026-07-20T20:45] cycle: evaluated=0 actions=1 digest=C:\Users\Brad\Dev Folder\Product\ptcg-ai-battle-challenge-strategy\experiments\factory\digests\cycle-20260720-204501.md
[2026-07-20T21:00] cycle: evaluated=0 actions=1 digest=C:\Users\Brad\Dev Folder\Product\ptcg-ai-battle-challenge-strategy\experiments\factory\digests\cycle-20260720-210001.md
[2026-07-20T23:15] cycle: evaluated=0 actions=1 digest=C:\Users\Brad\Dev Folder\Product\ptcg-ai-battle-challenge-strategy\experiments\factory\digests\cycle-20260720-231500.md
[2026-07-20T23:30] cycle: evaluated=0 actions=1 digest=C:\Users\Brad\Dev Folder\Product\ptcg-ai-battle-challenge-strategy\experiments\factory\digests\cycle-20260720-233000.md
[2026-07-21T07:00] cycle: evaluated=0 actions=1 digest=C:\Users\Brad\Dev Folder\Product\ptcg-ai-battle-challenge-strategy\experiments\factory\digests\cycle-20260721-070001.md
[2026-07-21T11:00] episodes: no-new
[2026-07-21T11:15] episodes: no-new
[2026-07-21T11:30] episodes: no-new
[2026-07-21T11:45] refill: skipped (evolution owns births)
[2026-07-21T11:45] episodes: no-new
[2026-07-21T12:00] refill: skipped (evolution owns births)
[2026-07-21T12:00] episodes: no-new
[2026-07-21T12:15] refill: skipped (evolution owns births)
[2026-07-21T12:15] episodes: no-new
[2026-07-21T12:30] refill: skipped (evolution owns births)
[2026-07-21T12:30] episodes: no-new
[2026-07-21T12:45] refill: skipped (evolution owns births)
[2026-07-21T12:45] episodes: no-new
[2026-07-21T13:00] refill: skipped (evolution owns births)
[2026-07-21T13:00] episodes: no-new
[2026-07-21T13:15] refill: skipped (evolution owns births)
[2026-07-21T13:15] episodes: no-new
[2026-07-21T13:30] refill: skipped (evolution owns births)
[2026-07-21T13:30] episodes: no-new
[2026-07-21T13:45] refill: skipped (evolution owns births)
[2026-07-21T13:45] episodes: no-new
[2026-07-21T14:00] refill: skipped (evolution owns births)
[2026-07-21T14:00] episodes: no-new
[2026-07-21T14:15] refill: skipped (evolution owns births)
[2026-07-21T14:15] episodes: no-new
[2026-07-21T14:30] refill: skipped (evolution owns births)
[2026-07-21T14:30] episodes: no-new
[2026-07-21T14:45] refill: skipped (evolution owns births)
[2026-07-21T14:45] episodes: no-new
[2026-07-21T15:00] refill: skipped (evolution owns births)
[2026-07-21T15:00] episodes: no-new
[2026-07-21T15:15] refill: skipped (evolution owns births)
[2026-07-21T15:15] episodes: no-new
[2026-07-21T15:30] refill: skipped (evolution owns births)
[2026-07-21T15:30] episodes: no-new
[2026-07-21T15:45] refill: skipped (evolution owns births)
[2026-07-21T15:45] episodes: no-new
[2026-07-21T16:00] refill: skipped (evolution owns births)
[2026-07-21T16:00] episodes: no-new
[2026-07-21T16:15] refill: skipped (evolution owns births)
[2026-07-21T16:15] episodes: no-new
[2026-07-21T16:30] refill: skipped (evolution owns births)
[2026-07-21T16:30] episodes: no-new
[2026-07-21T16:45] refill: skipped (evolution owns births)
[2026-07-21T16:45] episodes: no-new
[2026-07-21T17:00] refill: skipped (evolution owns births)
[2026-07-21T17:00] episodes: no-new
[2026-07-21T17:15] refill: skipped (evolution owns births)
[2026-07-21T17:15] episodes: no-new
[2026-07-21T17:30] refill: skipped (evolution owns births)
[2026-07-21T17:30] episodes: no-new
[2026-07-21T17:45] refill: skipped (evolution owns births)
[2026-07-21T17:45] episodes: no-new
[2026-07-21T18:00] refill: skipped (evolution owns births)
[2026-07-21T18:00] episodes: no-new
[2026-07-21T18:15] refill: skipped (evolution owns births)
[2026-07-21T18:15] episodes: no-new
[2026-07-21T18:30] refill: skipped (evolution owns births)
[2026-07-21T18:30] episodes: no-new
[2026-07-21T18:45] refill: skipped (evolution owns births)
[2026-07-21T18:45] episodes: no-new
[2026-07-21T19:00] refill: skipped (evolution owns births)
[2026-07-21T19:00] episodes: no-new
[2026-07-21T19:15] refill: skipped (evolution owns births)
[2026-07-21T19:15] episodes: no-new
[2026-07-21T19:30] refill: skipped (evolution owns births)
[2026-07-21T19:30] episodes: no-new
[2026-07-21T19:45] refill: skipped (evolution owns births)
[2026-07-21T19:45] episodes: no-new
[2026-07-21T20:00] refill: skipped (evolution owns births)
[2026-07-21T20:00] episodes: no-new
[2026-07-21T20:15] refill: skipped (evolution owns births)
[2026-07-21T20:15] episodes: no-new
[2026-07-21T20:30] refill: skipped (evolution owns births)
[2026-07-21T20:30] episodes: no-new
[2026-07-21T20:45] refill: skipped (evolution owns births)
[2026-07-21T20:45] episodes: no-new
[2026-07-21T21:00] refill: skipped (evolution owns births)
[2026-07-21T21:00] episodes: no-new
[2026-07-21T21:15] refill: skipped (evolution owns births)
[2026-07-21T21:15] episodes: no-new
[2026-07-21T21:30] refill: skipped (evolution owns births)
[2026-07-21T21:30] episodes: no-new
[2026-07-21T21:45] refill: skipped (evolution owns births)
[2026-07-21T21:45] episodes: no-new
[2026-07-21T22:00] refill: skipped (evolution owns births)
[2026-07-21T22:00] episodes: no-new
[2026-07-21T22:15] refill: skipped (evolution owns births)
[2026-07-21T22:15] episodes: no-new
[2026-07-21T22:30] refill: skipped (evolution owns births)
[2026-07-21T22:30] episodes: no-new
[2026-07-21T22:45] refill: skipped (evolution owns births)
[2026-07-21T22:45] episodes: no-new
[2026-07-21T23:00] refill: skipped (evolution owns births)
[2026-07-21T23:00] episodes: no-new
[2026-07-21T23:15] refill: skipped (evolution owns births)
[2026-07-21T23:15] episodes: no-new
[2026-07-21T23:30] refill: skipped (evolution owns births)
[2026-07-21T23:30] episodes: no-new
[2026-07-21T23:45] refill: skipped (evolution owns births)
[2026-07-21T23:45] episodes: no-new
[2026-07-22T00:00] refill: skipped (evolution owns births)
[2026-07-22T00:00] episodes: no-new
[2026-07-22T00:15] refill: skipped (evolution owns births)
[2026-07-22T00:15] episodes: no-new
[2026-07-22T00:30] refill: skipped (evolution owns births)
[2026-07-22T00:30] episodes: no-new
[2026-07-22T00:45] refill: skipped (evolution owns births)
[2026-07-22T00:45] episodes: no-new
[2026-07-22T01:00] refill: skipped (evolution owns births)
[2026-07-22T01:00] episodes: no-new
[2026-07-22T01:15] refill: skipped (evolution owns births)
[2026-07-22T01:15] episodes: no-new
[2026-07-22T01:30] refill: skipped (evolution owns births)
[2026-07-22T01:30] episodes: no-new
[2026-07-22T01:45] refill: skipped (evolution owns births)
[2026-07-22T01:45] episodes: no-new
[2026-07-22T02:00] refill: skipped (evolution owns births)
[2026-07-22T02:00] episodes: no-new
[2026-07-22T02:15] refill: skipped (evolution owns births)
[2026-07-22T02:15] episodes: no-new
[2026-07-22T02:30] refill: skipped (evolution owns births)
[2026-07-22T02:30] episodes: no-new
[2026-07-22T02:45] refill: skipped (evolution owns births)
[2026-07-22T02:45] episodes: no-new
[2026-07-22T03:00] refill: skipped (evolution owns births)
[2026-07-22T03:00] episodes: no-new
[2026-07-22T03:15] refill: skipped (evolution owns births)
[2026-07-22T03:15] episodes: no-new
[2026-07-22T03:30] refill: skipped (evolution owns births)
[2026-07-22T03:30] episodes: no-new
[2026-07-22T03:45] refill: skipped (evolution owns births)
[2026-07-22T03:45] episodes: no-new
[2026-07-22T04:00] refill: skipped (evolution owns births)
[2026-07-22T04:00] episodes: no-new
[2026-07-22T04:15] refill: skipped (evolution owns births)
[2026-07-22T04:15] episodes: no-new
[2026-07-22T04:30] refill: skipped (evolution owns births)
[2026-07-22T04:30] episodes: no-new
[2026-07-22T04:45] refill: skipped (evolution owns births)
[2026-07-22T04:45] episodes: no-new
[2026-07-22T05:00] refill: skipped (evolution owns births)
[2026-07-22T05:00] episodes: no-new
[2026-07-22T05:15] refill: skipped (evolution owns births)
[2026-07-22T05:15] episodes: no-new
[2026-07-22T05:30] refill: skipped (evolution owns births)
[2026-07-22T05:30] episodes: no-new
[2026-07-22T05:45] refill: skipped (evolution owns births)
[2026-07-22T05:45] episodes: no-new
[2026-07-22T06:00] refill: skipped (evolution owns births)
[2026-07-22T06:00] episodes: no-new
[2026-07-22T06:15] refill: skipped (evolution owns births)
[2026-07-22T06:15] episodes: no-new
[2026-07-22T06:30] refill: skipped (evolution owns births)
[2026-07-22T06:30] episodes: no-new
[2026-07-22T06:45] refill: skipped (evolution owns births)
[2026-07-22T06:45] episodes: no-new
[2026-07-22T07:00] refill: skipped (evolution owns births)
[2026-07-22T07:00] episodes: no-new
[2026-07-22T07:15] refill: skipped (evolution owns births)
[2026-07-22T07:15] episodes: no-new
[2026-07-22T07:35] refill: skipped (evolution owns births)
[2026-07-22T07:35] episodes: no-new
[2026-07-22T07:45] refill: skipped (evolution owns births)
[2026-07-22T07:45] episodes: no-new
[2026-07-22T08:00] refill: skipped (evolution owns births)
[2026-07-22T08:00] episodes: no-new
[2026-07-22T08:15] refill: skipped (evolution owns births)
[2026-07-22T08:15] episodes: no-new
[2026-07-22T08:30] paused
[2026-07-22T08:39] paused
[2026-07-22T08:45] paused
[2026-07-22T09:00] paused
[2026-07-22T09:15] paused
[2026-07-22T09:30] refill: skipped (evolution owns births)
[2026-07-22T09:30] episodes: no-new
[2026-07-22T09:30] evo-gate: anchor-guard deck:flipped-to-anchor
[2026-07-22T09:30] evo-gate: incumbent anchor uncovered
[2026-07-22T09:30] cycle: evaluated=0 actions=7 digest=C:\Users\Brad\Dev Folder\Product\ptcg-ai-battle-challenge-strategy\experiments\factory\digests\cycle-20260722-093005.md
[2026-07-22T09:45] refill: skipped (evolution owns births)
[2026-07-22T09:45] episodes: no-new
[2026-07-22T09:45] evo-gate: incumbent anchor uncovered
[2026-07-22T09:45] cycle: evaluated=0 actions=5 digest=C:\Users\Brad\Dev Folder\Product\ptcg-ai-battle-challenge-strategy\experiments\factory\digests\cycle-20260722-094506.md
[2026-07-22T10:00] refill: skipped (evolution owns births)
[2026-07-22T10:00] episodes: no-new
[2026-07-22T10:00] evo-gate: incumbent anchor uncovered
[2026-07-22T10:00] cycle: evaluated=0 actions=3 digest=C:\Users\Brad\Dev Folder\Product\ptcg-ai-battle-challenge-strategy\experiments\factory\digests\cycle-20260722-100010.md
[2026-07-22T10:15] refill: skipped (evolution owns births)
[2026-07-22T10:15] episodes: no-new
[2026-07-22T10:15] evo-gate: incumbent anchor uncovered
[2026-07-22T10:15] cycle: evaluated=0 actions=3 digest=C:\Users\Brad\Dev Folder\Product\ptcg-ai-battle-challenge-strategy\experiments\factory\digests\cycle-20260722-101505.md
[2026-07-22T10:30] refill: skipped (evolution owns births)
[2026-07-22T10:30] episodes: no-new
[2026-07-22T10:30] evo-gate: incumbent anchor uncovered
[2026-07-22T10:30] cycle: evaluated=0 actions=3 digest=C:\Users\Brad\Dev Folder\Product\ptcg-ai-battle-challenge-strategy\experiments\factory\digests\cycle-20260722-103005.md
[2026-07-22T10:45] refill: skipped (evolution owns births)
[2026-07-22T10:45] episodes: no-new
[2026-07-22T10:45] evo-gate: incumbent anchor uncovered
[2026-07-22T10:45] cycle: evaluated=0 actions=3 digest=C:\Users\Brad\Dev Folder\Product\ptcg-ai-battle-challenge-strategy\experiments\factory\digests\cycle-20260722-104506.md
[2026-07-22T11:00] refill: skipped (evolution owns births)
[2026-07-22T11:00] episodes: no-new
[2026-07-22T11:00] evo-gate: incumbent anchor uncovered
[2026-07-22T11:00] cycle: evaluated=0 actions=3 digest=C:\Users\Brad\Dev Folder\Product\ptcg-ai-battle-challenge-strategy\experiments\factory\digests\cycle-20260722-110007.md
[2026-07-22T11:15] refill: skipped (evolution owns births)
[2026-07-22T11:15] episodes: no-new
[2026-07-22T11:15] evo-gate: incumbent anchor uncovered
[2026-07-22T11:15] cycle: evaluated=0 actions=3 digest=C:\Users\Brad\Dev Folder\Product\ptcg-ai-battle-challenge-strategy\experiments\factory\digests\cycle-20260722-111505.md
[2026-07-22T11:30] refill: skipped (evolution owns births)
[2026-07-22T11:30] episodes: no-new
[2026-07-22T11:30] evo-gate: incumbent anchor uncovered
[2026-07-22T11:30] cycle: evaluated=0 actions=3 digest=C:\Users\Brad\Dev Folder\Product\ptcg-ai-battle-challenge-strategy\experiments\factory\digests\cycle-20260722-113006.md
[2026-07-22T11:45] refill: skipped (evolution owns births)
[2026-07-22T11:45] episodes: no-new
[2026-07-22T11:45] evo-gate: incumbent anchor uncovered
[2026-07-22T11:45] cycle: evaluated=0 actions=3 digest=C:\Users\Brad\Dev Folder\Product\ptcg-ai-battle-challenge-strategy\experiments\factory\digests\cycle-20260722-114505.md
[2026-07-22T12:00] refill: skipped (evolution owns births)
[2026-07-22T12:00] episodes: no-new
[2026-07-22T12:00] evo-gate: incumbent anchor uncovered
[2026-07-22T12:00] cycle: evaluated=0 actions=3 digest=C:\Users\Brad\Dev Folder\Product\ptcg-ai-battle-challenge-strategy\experiments\factory\digests\cycle-20260722-120013.md
[2026-07-22T12:15] refill: skipped (evolution owns births)
[2026-07-22T12:15] episodes: no-new
[2026-07-22T12:15] evo-gate: incumbent anchor uncovered
[2026-07-22T12:15] cycle: evaluated=0 actions=3 digest=C:\Users\Brad\Dev Folder\Product\ptcg-ai-battle-challenge-strategy\experiments\factory\digests\cycle-20260722-121506.md
[2026-07-22T12:30] refill: skipped (evolution owns births)
[2026-07-22T12:30] episodes: no-new
[2026-07-22T12:30] evo-gate: incumbent anchor uncovered
[2026-07-22T12:30] cycle: evaluated=0 actions=3 digest=C:\Users\Brad\Dev Folder\Product\ptcg-ai-battle-challenge-strategy\experiments\factory\digests\cycle-20260722-123014.md
[2026-07-22T12:45] refill: skipped (evolution owns births)
[2026-07-22T12:45] episodes: no-new
[2026-07-22T12:45] evo-gate: incumbent anchor uncovered
[2026-07-22T12:45] submit: held (SUBMIT_HOLD present)
[2026-07-22T13:00] refill: skipped (evolution owns births)
[2026-07-22T13:00] episodes: no-new
[2026-07-22T13:00] evo-gate: incumbent anchor uncovered
[2026-07-22T13:00] submit: held (SUBMIT_HOLD present)
[2026-07-22T13:15] refill: skipped (evolution owns births)
[2026-07-22T13:15] episodes: no-new
[2026-07-22T13:15] evo-gate: incumbent anchor uncovered
[2026-07-22T13:15] submit: held (SUBMIT_HOLD present)
[2026-07-22T13:30] refill: skipped (evolution owns births)
[2026-07-22T13:30] episodes: no-new
[2026-07-22T13:30] evo-gate: incumbent anchor uncovered
[2026-07-22T13:30] submit: held (SUBMIT_HOLD present)
[2026-07-22T13:45] refill: skipped (evolution owns births)
[2026-07-22T13:45] episodes: no-new
[2026-07-22T13:45] evo-gate: incumbent anchor uncovered
[2026-07-22T13:45] submit: held (SUBMIT_HOLD present)
[2026-07-22T14:00] refill: skipped (evolution owns births)
[2026-07-22T14:00] episodes: no-new
[2026-07-22T14:00] evo-gate: incumbent anchor uncovered
[2026-07-22T14:00] submit: held (SUBMIT_HOLD present)
[2026-07-22T14:15] refill: skipped (evolution owns births)
[2026-07-22T14:17] episodes: harvested:2026-07-22
[2026-07-22T14:17] evo-gate: incumbent anchor uncovered
[2026-07-22T14:17] submit: held (SUBMIT_HOLD present)
[2026-07-22T14:31] refill: skipped (evolution owns births)
[2026-07-22T14:34] episodes: error:RuntimeError('kaggle CLI failed (1): Traceback (most recent call last):\n  File "C:\\Users\\Brad\\AppData\\Local\\uv\\cache\\archive-v0\\Ks_UsZXjlrsm4vUA8BTh4\\Lib\\site-packages\\urllib3\\connectionpool.py", line 464, in _make_request\n    self._validate_conn(conn)\n    ~~~~~~~~~~~~~~~~~~~^^^^^^\n  File "C:\\Users\\Brad\\AppData\\Local\\uv\\cache\\archive-v0\\Ks_UsZXjlrsm4vUA8BTh4\\Lib\\sit
[2026-07-22T14:36] evo-gate: incumbent anchor uncovered
[2026-07-22T14:36] submit: held (SUBMIT_HOLD present)
[2026-07-22T14:45] refill: skipped (evolution owns births)
[2026-07-22T14:45] episodes: no-new
[2026-07-22T14:45] evo-gate: incumbent anchor uncovered
[2026-07-22T14:45] submit: held (SUBMIT_HOLD present)
[2026-07-22T15:00] refill: skipped (evolution owns births)
[2026-07-22T15:00] episodes: no-new
[2026-07-22T15:00] evo-gate: incumbent anchor uncovered
[2026-07-22T15:00] submit: held (SUBMIT_HOLD present)
[2026-07-22T15:15] refill: skipped (evolution owns births)
[2026-07-22T15:15] episodes: no-new
[2026-07-22T15:15] evo-gate: incumbent anchor uncovered
[2026-07-22T15:15] submit: held (SUBMIT_HOLD present)
[2026-07-22T15:30] refill: skipped (evolution owns births)
[2026-07-22T15:30] episodes: no-new
[2026-07-22T15:30] evo-gate: incumbent anchor uncovered
[2026-07-22T15:30] submit: held (SUBMIT_HOLD present)
[2026-07-22T15:45] refill: skipped (evolution owns births)
[2026-07-22T15:45] episodes: no-new
[2026-07-22T15:45] evo-gate: incumbent anchor uncovered
[2026-07-22T15:45] submit: held (SUBMIT_HOLD present)
[2026-07-22T16:00] refill: skipped (evolution owns births)
[2026-07-22T16:00] episodes: no-new
[2026-07-22T16:00] evo-gate: incumbent anchor uncovered
[2026-07-22T16:00] submit: held (SUBMIT_HOLD present)
[2026-07-22T16:15] refill: skipped (evolution owns births)
[2026-07-22T16:15] episodes: no-new
[2026-07-22T16:15] evo-gate: incumbent anchor uncovered
[2026-07-22T16:15] submit: held (SUBMIT_HOLD present)
[2026-07-22T16:30] refill: skipped (evolution owns births)
[2026-07-22T16:30] episodes: no-new
[2026-07-22T16:30] evo-gate: incumbent anchor uncovered
[2026-07-22T16:30] submit: held (SUBMIT_HOLD present)
[2026-07-22T16:45] refill: skipped (evolution owns births)
[2026-07-22T16:45] episodes: no-new
[2026-07-22T16:45] evo-gate: incumbent anchor uncovered
[2026-07-22T16:45] submit: held (SUBMIT_HOLD present)
[2026-07-22T17:00] refill: skipped (evolution owns births)
[2026-07-22T17:00] episodes: no-new
[2026-07-22T17:00] evo-gate: incumbent anchor uncovered
[2026-07-22T17:00] submit: held (SUBMIT_HOLD present)
[2026-07-22T17:15] refill: skipped (evolution owns births)
[2026-07-22T17:15] episodes: no-new
[2026-07-22T17:15] evo-gate: incumbent anchor uncovered
[2026-07-22T17:15] submit: held (SUBMIT_HOLD present)
[2026-07-22T17:30] refill: skipped (evolution owns births)
[2026-07-22T17:30] episodes: no-new
[2026-07-22T17:30] evo-gate: incumbent anchor uncovered
[2026-07-22T17:30] submit: held (SUBMIT_HOLD present)
[2026-07-22T17:45] refill: skipped (evolution owns births)
[2026-07-22T17:45] episodes: no-new
[2026-07-22T17:45] evo-gate: incumbent anchor uncovered
[2026-07-22T17:45] submit: held (SUBMIT_HOLD present)
[2026-07-22T18:00] refill: skipped (evolution owns births)
[2026-07-22T18:00] episodes: no-new
[2026-07-22T18:00] evo-gate: incumbent anchor uncovered
[2026-07-22T18:00] submit: held (SUBMIT_HOLD present)
[2026-07-22T18:15] refill: skipped (evolution owns births)
[2026-07-22T18:15] episodes: no-new
[2026-07-22T18:15] evo-gate: incumbent anchor uncovered
[2026-07-22T18:15] submit: held (SUBMIT_HOLD present)
[2026-07-22T18:30] refill: skipped (evolution owns births)
[2026-07-22T18:30] episodes: no-new
[2026-07-22T18:30] evo-gate: incumbent anchor uncovered
[2026-07-22T18:30] submit: held (SUBMIT_HOLD present)
[2026-07-22T18:45] refill: skipped (evolution owns births)
[2026-07-22T18:45] episodes: no-new
[2026-07-22T18:45] evo-gate: incumbent anchor uncovered
[2026-07-22T18:45] submit: held (SUBMIT_HOLD present)
[2026-07-22T19:00] refill: skipped (evolution owns births)
[2026-07-22T19:00] episodes: no-new
[2026-07-22T19:00] evo-gate: incumbent anchor uncovered
[2026-07-22T19:00] submit: held (SUBMIT_HOLD present)
[2026-07-22T19:15] refill: skipped (evolution owns births)
[2026-07-22T19:15] episodes: no-new
[2026-07-22T19:15] evo-gate: incumbent anchor uncovered
[2026-07-22T19:15] submit: held (SUBMIT_HOLD present)
[2026-07-22T19:30] refill: skipped (evolution owns births)
[2026-07-22T19:30] episodes: no-new
[2026-07-22T19:30] evo-gate: incumbent anchor uncovered
[2026-07-22T19:30] submit: held (SUBMIT_HOLD present)
[2026-07-22T19:45] refill: skipped (evolution owns births)
[2026-07-22T19:45] episodes: no-new
[2026-07-22T19:45] evo-gate: incumbent anchor uncovered
[2026-07-22T19:45] submit: held (SUBMIT_HOLD present)
[2026-07-22T20:00] refill: skipped (evolution owns births)
[2026-07-22T20:00] episodes: no-new
[2026-07-22T20:00] evo-gate: incumbent anchor uncovered
[2026-07-22T20:00] submit: held (SUBMIT_HOLD present)
[2026-07-22T20:15] refill: skipped (evolution owns births)
[2026-07-22T20:15] episodes: no-new
[2026-07-22T20:15] evo-gate: incumbent anchor uncovered
[2026-07-22T20:15] submit: held (SUBMIT_HOLD present)
[2026-07-22T20:30] refill: skipped (evolution owns births)
[2026-07-22T20:30] episodes: no-new
[2026-07-22T20:30] evo-gate: incumbent anchor uncovered
[2026-07-22T20:30] submit: held (SUBMIT_HOLD present)
[2026-07-22T20:45] refill: skipped (evolution owns births)
[2026-07-22T20:45] episodes: no-new
[2026-07-22T20:45] evo-gate: incumbent anchor uncovered
[2026-07-22T20:45] submit: held (SUBMIT_HOLD present)
[2026-07-22T21:00] refill: skipped (evolution owns births)
[2026-07-22T21:00] episodes: no-new
[2026-07-22T21:00] evo-gate: incumbent anchor uncovered
[2026-07-22T21:00] submit: held (SUBMIT_HOLD present)
[2026-07-22T21:15] refill: skipped (evolution owns births)
[2026-07-22T21:15] episodes: no-new
[2026-07-22T21:15] evo-gate: incumbent anchor uncovered
[2026-07-22T21:15] submit: held (SUBMIT_HOLD present)
[2026-07-22T21:30] refill: skipped (evolution owns births)
[2026-07-22T21:30] episodes: no-new
[2026-07-22T21:30] evo-gate: incumbent anchor uncovered
[2026-07-22T21:30] submit: held (SUBMIT_HOLD present)
[2026-07-22T21:45] refill: skipped (evolution owns births)
[2026-07-22T21:45] episodes: no-new
[2026-07-22T21:45] evo-gate: incumbent anchor uncovered
[2026-07-22T21:45] submit: held (SUBMIT_HOLD present)
[2026-07-22T22:00] refill: skipped (evolution owns births)
[2026-07-22T22:00] episodes: no-new
[2026-07-22T22:00] evo-gate: incumbent anchor uncovered
[2026-07-22T22:00] submit: held (SUBMIT_HOLD present)
[2026-07-22T22:15] refill: skipped (evolution owns births)
[2026-07-22T22:15] episodes: no-new
[2026-07-22T22:15] evo-gate: incumbent anchor uncovered
[2026-07-22T22:15] submit: held (SUBMIT_HOLD present)
[2026-07-22T22:30] refill: skipped (evolution owns births)
[2026-07-22T22:30] episodes: no-new
[2026-07-22T22:30] evo-gate: incumbent anchor uncovered
[2026-07-22T22:30] submit: held (SUBMIT_HOLD present)
[2026-07-22T22:45] refill: skipped (evolution owns births)
[2026-07-22T22:45] episodes: no-new
[2026-07-22T22:45] evo-gate: incumbent anchor uncovered
[2026-07-22T22:45] submit: held (SUBMIT_HOLD present)
[2026-07-22T23:00] refill: skipped (evolution owns births)
[2026-07-22T23:00] episodes: no-new
[2026-07-22T23:00] evo-gate: incumbent anchor uncovered
[2026-07-22T23:00] submit: held (SUBMIT_HOLD present)
[2026-07-22T23:15] refill: skipped (evolution owns births)
[2026-07-22T23:15] episodes: no-new
[2026-07-22T23:15] evo-gate: incumbent anchor uncovered
[2026-07-22T23:15] submit: held (SUBMIT_HOLD present)
[2026-07-22T23:30] refill: skipped (evolution owns births)
[2026-07-22T23:30] episodes: no-new
[2026-07-22T23:30] evo-gate: incumbent anchor uncovered
[2026-07-22T23:30] submit: held (SUBMIT_HOLD present)
[2026-07-22T23:45] refill: skipped (evolution owns births)
[2026-07-22T23:45] episodes: no-new
[2026-07-22T23:45] evo-gate: incumbent anchor uncovered
[2026-07-22T23:45] submit: held (SUBMIT_HOLD present)
[2026-07-23T00:00] refill: skipped (evolution owns births)
[2026-07-23T00:00] episodes: no-new
[2026-07-23T00:00] evo-gate: incumbent anchor uncovered
[2026-07-23T00:00] submit: held (SUBMIT_HOLD present)
[2026-07-23T00:15] refill: skipped (evolution owns births)
[2026-07-23T00:15] episodes: no-new
[2026-07-23T00:15] evo-gate: incumbent anchor uncovered
[2026-07-23T00:15] submit: held (SUBMIT_HOLD present)
[2026-07-23T00:30] refill: skipped (evolution owns births)
[2026-07-23T00:30] episodes: no-new
[2026-07-23T00:30] evo-gate: incumbent anchor uncovered
[2026-07-23T00:30] submit: held (SUBMIT_HOLD present)
[2026-07-23T00:45] refill: skipped (evolution owns births)
[2026-07-23T00:45] episodes: no-new
[2026-07-23T00:45] evo-gate: incumbent anchor uncovered
[2026-07-23T00:45] submit: held (SUBMIT_HOLD present)
[2026-07-23T01:00] refill: skipped (evolution owns births)
[2026-07-23T01:00] episodes: no-new
[2026-07-23T01:00] evo-gate: incumbent anchor uncovered
[2026-07-23T01:00] submit: held (SUBMIT_HOLD present)
[2026-07-23T01:15] refill: skipped (evolution owns births)
[2026-07-23T01:15] episodes: no-new
[2026-07-23T01:15] evo-gate: incumbent anchor uncovered
[2026-07-23T01:15] submit: held (SUBMIT_HOLD present)
[2026-07-23T01:30] refill: skipped (evolution owns births)
[2026-07-23T01:30] episodes: no-new
[2026-07-23T01:30] evo-gate: incumbent anchor uncovered
[2026-07-23T01:30] submit: held (SUBMIT_HOLD present)
[2026-07-23T01:45] refill: skipped (evolution owns births)
[2026-07-23T01:45] episodes: no-new
[2026-07-23T01:45] evo-gate: incumbent anchor uncovered
[2026-07-23T01:45] submit: held (SUBMIT_HOLD present)
[2026-07-23T02:00] refill: skipped (evolution owns births)
[2026-07-23T02:00] episodes: no-new
[2026-07-23T02:00] evo-gate: incumbent anchor uncovered
[2026-07-23T02:00] submit: held (SUBMIT_HOLD present)
[2026-07-23T02:15] refill: skipped (evolution owns births)
[2026-07-23T02:15] episodes: no-new
[2026-07-23T02:15] evo-gate: incumbent anchor uncovered
[2026-07-23T02:15] submit: held (SUBMIT_HOLD present)
[2026-07-23T02:30] refill: skipped (evolution owns births)
[2026-07-23T02:30] episodes: no-new
[2026-07-23T02:30] evo-gate: incumbent anchor uncovered
[2026-07-23T02:30] submit: held (SUBMIT_HOLD present)
[2026-07-23T02:45] refill: skipped (evolution owns births)
[2026-07-23T02:45] episodes: no-new
[2026-07-23T02:45] evo-gate: incumbent anchor uncovered
[2026-07-23T02:45] submit: held (SUBMIT_HOLD present)
[2026-07-23T03:00] refill: skipped (evolution owns births)
[2026-07-23T03:00] episodes: no-new
[2026-07-23T03:00] evo-gate: incumbent anchor uncovered
[2026-07-23T03:00] submit: held (SUBMIT_HOLD present)
[2026-07-23T03:15] refill: skipped (evolution owns births)
[2026-07-23T03:15] episodes: no-new
[2026-07-23T03:15] evo-gate: incumbent anchor uncovered
[2026-07-23T03:15] submit: held (SUBMIT_HOLD present)
[2026-07-23T03:30] refill: skipped (evolution owns births)
[2026-07-23T03:30] episodes: no-new
[2026-07-23T03:30] evo-gate: incumbent anchor uncovered
[2026-07-23T03:30] submit: held (SUBMIT_HOLD present)
[2026-07-23T03:45] refill: skipped (evolution owns births)
[2026-07-23T03:45] episodes: no-new
[2026-07-23T03:45] evo-gate: incumbent anchor uncovered
[2026-07-23T03:45] submit: held (SUBMIT_HOLD present)
[2026-07-23T04:00] refill: skipped (evolution owns births)
[2026-07-23T04:00] episodes: no-new
[2026-07-23T04:00] evo-gate: incumbent anchor uncovered
[2026-07-23T04:00] submit: held (SUBMIT_HOLD present)
[2026-07-23T04:15] refill: skipped (evolution owns births)
[2026-07-23T04:15] episodes: no-new
[2026-07-23T04:15] evo-gate: incumbent anchor uncovered
[2026-07-23T04:15] submit: held (SUBMIT_HOLD present)
[2026-07-23T04:30] refill: skipped (evolution owns births)
[2026-07-23T04:30] episodes: no-new
[2026-07-23T04:30] evo-gate: incumbent anchor uncovered
[2026-07-23T04:30] submit: held (SUBMIT_HOLD present)
[2026-07-23T04:45] refill: skipped (evolution owns births)
[2026-07-23T04:45] episodes: no-new
[2026-07-23T04:45] evo-gate: incumbent anchor uncovered
[2026-07-23T04:45] submit: held (SUBMIT_HOLD present)
[2026-07-23T05:00] refill: skipped (evolution owns births)
[2026-07-23T05:00] episodes: no-new
[2026-07-23T05:00] evo-gate: incumbent anchor uncovered
[2026-07-23T05:00] submit: held (SUBMIT_HOLD present)
[2026-07-23T05:15] refill: skipped (evolution owns births)
[2026-07-23T05:15] episodes: no-new
[2026-07-23T05:15] evo-gate: incumbent anchor uncovered
[2026-07-23T05:15] submit: held (SUBMIT_HOLD present)
[2026-07-23T05:30] refill: skipped (evolution owns births)
[2026-07-23T05:30] episodes: no-new
[2026-07-23T05:30] evo-gate: incumbent anchor uncovered
[2026-07-23T05:30] submit: held (SUBMIT_HOLD present)
[2026-07-23T05:45] refill: skipped (evolution owns births)
[2026-07-23T05:45] episodes: no-new
[2026-07-23T05:45] evo-gate: incumbent anchor uncovered
[2026-07-23T05:45] submit: held (SUBMIT_HOLD present)
[2026-07-23T06:00] refill: skipped (evolution owns births)
[2026-07-23T06:00] episodes: no-new
[2026-07-23T06:00] evo-gate: incumbent anchor uncovered
[2026-07-23T06:00] submit: held (SUBMIT_HOLD present)
[2026-07-23T06:15] refill: skipped (evolution owns births)
[2026-07-23T06:15] episodes: no-new
[2026-07-23T06:15] evo-gate: incumbent anchor uncovered
[2026-07-23T06:15] submit: held (SUBMIT_HOLD present)
[2026-07-23T06:30] refill: skipped (evolution owns births)
[2026-07-23T06:30] episodes: no-new
[2026-07-23T06:30] evo-gate: incumbent anchor uncovered
[2026-07-23T06:30] submit: held (SUBMIT_HOLD present)
[2026-07-23T06:45] refill: skipped (evolution owns births)
[2026-07-23T06:45] episodes: no-new
[2026-07-23T06:45] evo-gate: incumbent anchor uncovered
[2026-07-23T06:45] submit: held (SUBMIT_HOLD present)
[2026-07-23T07:00] refill: skipped (evolution owns births)
[2026-07-23T07:00] episodes: no-new
[2026-07-23T07:00] evo-gate: incumbent anchor uncovered
[2026-07-23T07:00] submit: held (SUBMIT_HOLD present)
[2026-07-23T07:15] refill: skipped (evolution owns births)
[2026-07-23T07:15] episodes: no-new
[2026-07-23T07:15] evo-gate: incumbent anchor uncovered
[2026-07-23T07:15] submit: held (SUBMIT_HOLD present)
[2026-07-23T07:30] refill: skipped (evolution owns births)
[2026-07-23T07:30] episodes: no-new
[2026-07-23T07:30] evo-gate: incumbent anchor uncovered
[2026-07-23T07:30] submit: held (SUBMIT_HOLD present)
[2026-07-23T07:45] refill: skipped (evolution owns births)
[2026-07-23T07:45] episodes: error:RuntimeError("kaggle CLI failed (1): HTTPSConnectionPool(host='storage.googleapis.com', port=443): Max retries exceeded with url: /kaggle-data-sets/10788915/18269982/bundle/archive.zip?X-Goog-Algorithm=GOOG4-RSA-SHA256&X-Goog-Credential=gcp-kaggle-com%40kaggle-161607.iam.gserviceaccount.com%2F20260723%2Fauto%2Fstorage%2Fgoog4_request&X-Goog-Date=20260723T174514Z&X-Goog-Expires=259200&X-Goog-
[2026-07-23T07:45] evo-gate: incumbent anchor uncovered
[2026-07-23T07:45] submit: held (SUBMIT_HOLD present)
[2026-07-23T08:00] refill: skipped (evolution owns births)
[2026-07-23T08:00] episodes: no-new
[2026-07-23T08:00] evo-gate: incumbent anchor uncovered
[2026-07-23T08:00] submit: held (SUBMIT_HOLD present)
[2026-07-23T08:15] refill: skipped (evolution owns births)
[2026-07-23T08:15] episodes: no-new
[2026-07-23T08:15] evo-gate: incumbent anchor uncovered
[2026-07-23T08:15] submit: held (SUBMIT_HOLD present)
[2026-07-23T08:30] refill: skipped (evolution owns births)
[2026-07-23T08:30] episodes: no-new
[2026-07-23T08:30] evo-gate: incumbent anchor uncovered
[2026-07-23T08:30] submit: held (SUBMIT_HOLD present)
[2026-07-23T08:45] refill: skipped (evolution owns births)
[2026-07-23T08:45] episodes: no-new
[2026-07-23T08:45] evo-gate: incumbent anchor uncovered
[2026-07-23T08:45] submit: held (SUBMIT_HOLD present)
[2026-07-23T09:00] refill: skipped (evolution owns births)
[2026-07-23T09:00] episodes: no-new
[2026-07-23T09:00] evo-gate: incumbent anchor uncovered
[2026-07-23T09:00] submit: held (SUBMIT_HOLD present)
[2026-07-23T09:15] refill: skipped (evolution owns births)
[2026-07-23T09:15] episodes: no-new
[2026-07-23T09:15] evo-gate: incumbent anchor uncovered
[2026-07-23T09:15] submit: held (SUBMIT_HOLD present)
[2026-07-23T09:30] refill: skipped (evolution owns births)
[2026-07-23T09:30] episodes: no-new
[2026-07-23T09:30] evo-gate: incumbent anchor uncovered
[2026-07-23T09:30] submit: held (SUBMIT_HOLD present)
[2026-07-23T09:45] refill: skipped (evolution owns births)
[2026-07-23T09:45] episodes: no-new
[2026-07-23T09:45] evo-gate: incumbent anchor uncovered
[2026-07-23T09:45] submit: held (SUBMIT_HOLD present)
[2026-07-23T10:00] refill: skipped (evolution owns births)
[2026-07-23T10:00] episodes: no-new
[2026-07-23T10:00] evo-gate: incumbent anchor uncovered
[2026-07-23T10:00] submit: held (SUBMIT_HOLD present)
[2026-07-23T10:15] refill: skipped (evolution owns births)
[2026-07-23T10:15] episodes: no-new
[2026-07-23T10:15] evo-gate: incumbent anchor uncovered
[2026-07-23T10:15] submit: held (SUBMIT_HOLD present)
[2026-07-23T10:30] refill: skipped (evolution owns births)
[2026-07-23T10:30] episodes: no-new
[2026-07-23T10:30] evo-gate: incumbent anchor uncovered
[2026-07-23T10:30] submit: held (SUBMIT_HOLD present)
[2026-07-23T10:45] refill: skipped (evolution owns births)
[2026-07-23T10:45] episodes: no-new
[2026-07-23T10:45] evo-gate: incumbent anchor uncovered
[2026-07-23T10:45] submit: held (SUBMIT_HOLD present)
[2026-07-23T11:00] refill: skipped (evolution owns births)
[2026-07-23T11:00] episodes: no-new
[2026-07-23T11:00] evo-gate: incumbent anchor uncovered
[2026-07-23T11:00] submit: held (SUBMIT_HOLD present)
[2026-07-23T11:15] refill: skipped (evolution owns births)
[2026-07-23T11:15] episodes: no-new
[2026-07-23T11:15] evo-gate: incumbent anchor uncovered
[2026-07-23T11:15] submit: held (SUBMIT_HOLD present)
[2026-07-23T11:30] refill: skipped (evolution owns births)
[2026-07-23T11:30] episodes: no-new
[2026-07-23T11:30] evo-gate: incumbent anchor uncovered
[2026-07-23T11:30] submit: held (SUBMIT_HOLD present)
[2026-07-23T11:45] refill: skipped (evolution owns births)
[2026-07-23T11:45] episodes: no-new
[2026-07-23T11:45] evo-gate: incumbent anchor uncovered
[2026-07-23T11:45] submit: held (SUBMIT_HOLD present)
[2026-07-23T12:00] refill: skipped (evolution owns births)
[2026-07-23T12:00] episodes: no-new
[2026-07-23T12:00] evo-gate: incumbent anchor uncovered
[2026-07-23T12:00] submit: held (SUBMIT_HOLD present)
[2026-07-23T12:15] refill: skipped (evolution owns births)
[2026-07-23T12:15] episodes: no-new
[2026-07-23T12:15] evo-gate: incumbent anchor uncovered
[2026-07-23T12:15] submit: held (SUBMIT_HOLD present)
[2026-07-23T12:30] refill: skipped (evolution owns births)
[2026-07-23T12:30] episodes: no-new
[2026-07-23T12:30] evo-gate: incumbent anchor uncovered
[2026-07-23T12:30] submit: held (SUBMIT_HOLD present)
[2026-07-23T12:45] refill: skipped (evolution owns births)
[2026-07-23T12:45] episodes: no-new
[2026-07-23T12:45] evo-gate: incumbent anchor uncovered
[2026-07-23T12:45] submit: held (SUBMIT_HOLD present)
[2026-07-23T13:00] refill: skipped (evolution owns births)
[2026-07-23T13:00] episodes: no-new
[2026-07-23T13:00] evo-gate: incumbent anchor uncovered
[2026-07-23T13:00] submit: held (SUBMIT_HOLD present)
[2026-07-23T13:15] refill: skipped (evolution owns births)
[2026-07-23T13:15] episodes: no-new
[2026-07-23T13:15] evo-gate: incumbent anchor uncovered
[2026-07-23T13:15] submit: held (SUBMIT_HOLD present)
[2026-07-23T13:30] refill: skipped (evolution owns births)
[2026-07-23T13:30] episodes: no-new
[2026-07-23T13:30] evo-gate: incumbent anchor uncovered
[2026-07-23T13:30] submit: held (SUBMIT_HOLD present)
[2026-07-23T13:45] refill: skipped (evolution owns births)
[2026-07-23T13:45] episodes: no-new
[2026-07-23T13:45] evo-gate: incumbent anchor uncovered
[2026-07-23T13:45] submit: held (SUBMIT_HOLD present)
[2026-07-23T14:00] refill: skipped (evolution owns births)
[2026-07-23T14:00] episodes: no-new
[2026-07-23T14:00] evo-gate: incumbent anchor uncovered
[2026-07-23T14:00] submit: held (SUBMIT_HOLD present)
[2026-07-23T14:15] refill: skipped (evolution owns births)
[2026-07-23T14:17] episodes: harvested:2026-07-23
[2026-07-23T14:17] evo-gate: incumbent anchor uncovered
[2026-07-23T14:17] submit: held (SUBMIT_HOLD present)
[2026-07-23T14:30] refill: skipped (evolution owns births)
[2026-07-23T14:30] episodes: no-new
[2026-07-23T14:30] evo-gate: incumbent anchor uncovered
[2026-07-23T14:30] submit: held (SUBMIT_HOLD present)
[2026-07-23T14:45] refill: skipped (evolution owns births)
[2026-07-23T14:45] episodes: no-new
[2026-07-23T14:45] evo-gate: incumbent anchor uncovered
[2026-07-23T14:45] submit: held (SUBMIT_HOLD present)
[2026-07-23T15:00] refill: skipped (evolution owns births)
[2026-07-23T15:00] episodes: no-new
[2026-07-23T15:00] evo-gate: incumbent anchor uncovered
[2026-07-23T15:00] submit: held (SUBMIT_HOLD present)
[2026-07-23T15:15] refill: skipped (evolution owns births)
[2026-07-23T15:15] episodes: no-new
[2026-07-23T15:15] evo-gate: incumbent anchor uncovered
[2026-07-23T15:15] submit: held (SUBMIT_HOLD present)
[2026-07-23T15:30] refill: skipped (evolution owns births)
[2026-07-23T15:30] episodes: no-new
[2026-07-23T15:30] evo-gate: incumbent anchor uncovered
[2026-07-23T15:30] submit: held (SUBMIT_HOLD present)
[2026-07-23T15:45] refill: skipped (evolution owns births)
[2026-07-23T15:45] episodes: no-new
[2026-07-23T15:45] evo-gate: incumbent anchor uncovered
[2026-07-23T15:45] submit: held (SUBMIT_HOLD present)
[2026-07-23T16:00] refill: skipped (evolution owns births)
[2026-07-23T16:00] episodes: no-new
[2026-07-23T16:00] evo-gate: incumbent anchor uncovered
[2026-07-23T16:00] submit: held (SUBMIT_HOLD present)
[2026-07-23T16:15] refill: skipped (evolution owns births)
[2026-07-23T16:15] episodes: no-new
[2026-07-23T16:15] evo-gate: incumbent anchor uncovered
[2026-07-23T16:15] submit: held (SUBMIT_HOLD present)
[2026-07-23T16:30] refill: skipped (evolution owns births)
[2026-07-23T16:30] episodes: no-new
[2026-07-23T16:30] evo-gate: incumbent anchor uncovered
[2026-07-23T16:30] submit: held (SUBMIT_HOLD present)
[2026-07-23T16:45] refill: skipped (evolution owns births)
[2026-07-23T16:45] episodes: no-new
[2026-07-23T16:45] evo-gate: incumbent anchor uncovered
[2026-07-23T16:45] submit: held (SUBMIT_HOLD present)
[2026-07-23T17:00] refill: skipped (evolution owns births)
[2026-07-23T17:00] episodes: no-new
[2026-07-23T17:00] evo-gate: incumbent anchor uncovered
[2026-07-23T17:00] submit: held (SUBMIT_HOLD present)
[2026-07-23T17:15] refill: skipped (evolution owns births)
[2026-07-23T17:15] episodes: no-new
[2026-07-23T17:15] evo-gate: incumbent anchor uncovered
[2026-07-23T17:15] submit: held (SUBMIT_HOLD present)
[2026-07-23T17:30] refill: skipped (evolution owns births)
[2026-07-23T17:30] episodes: no-new
[2026-07-23T17:30] evo-gate: incumbent anchor uncovered
[2026-07-23T17:30] submit: held (SUBMIT_HOLD present)
[2026-07-23T17:45] refill: skipped (evolution owns births)
[2026-07-23T17:45] episodes: no-new
[2026-07-23T17:45] evo-gate: incumbent anchor uncovered
[2026-07-23T17:45] submit: held (SUBMIT_HOLD present)
[2026-07-23T18:00] refill: skipped (evolution owns births)
[2026-07-23T18:00] episodes: no-new
[2026-07-23T18:00] evo-gate: incumbent anchor uncovered
[2026-07-23T18:00] submit: held (SUBMIT_HOLD present)
[2026-07-23T18:15] refill: skipped (evolution owns births)
[2026-07-23T18:15] episodes: no-new
[2026-07-23T18:15] evo-gate: incumbent anchor uncovered
[2026-07-23T18:15] submit: held (SUBMIT_HOLD present)
[2026-07-23T18:30] refill: skipped (evolution owns births)
[2026-07-23T18:30] episodes: no-new
[2026-07-23T18:30] evo-gate: incumbent anchor uncovered
[2026-07-23T18:30] submit: held (SUBMIT_HOLD present)
[2026-07-23T18:45] refill: skipped (evolution owns births)
[2026-07-23T18:45] episodes: no-new
[2026-07-23T18:45] evo-gate: incumbent anchor uncovered
[2026-07-23T18:45] submit: held (SUBMIT_HOLD present)
[2026-07-23T19:00] refill: skipped (evolution owns births)
[2026-07-23T19:00] episodes: no-new
[2026-07-23T19:00] evo-gate: incumbent anchor uncovered
[2026-07-23T19:00] submit: held (SUBMIT_HOLD present)
[2026-07-23T19:15] refill: skipped (evolution owns births)
[2026-07-23T19:15] episodes: no-new
[2026-07-23T19:15] evo-gate: incumbent anchor uncovered
[2026-07-23T19:15] submit: held (SUBMIT_HOLD present)
[2026-07-23T19:30] refill: skipped (evolution owns births)
[2026-07-23T19:30] episodes: no-new
[2026-07-23T19:30] evo-gate: incumbent anchor uncovered
[2026-07-23T19:30] submit: held (SUBMIT_HOLD present)
[2026-07-23T19:45] refill: skipped (evolution owns births)
[2026-07-23T19:45] episodes: no-new
[2026-07-23T19:45] evo-gate: incumbent anchor uncovered
[2026-07-23T19:45] submit: held (SUBMIT_HOLD present)
[2026-07-23T20:00] refill: skipped (evolution owns births)
[2026-07-23T20:00] episodes: no-new
[2026-07-23T20:00] evo-gate: incumbent anchor uncovered
[2026-07-23T20:00] submit: held (SUBMIT_HOLD present)
[2026-07-23T20:15] refill: skipped (evolution owns births)
[2026-07-23T20:15] episodes: no-new
[2026-07-23T20:15] evo-gate: incumbent anchor uncovered
[2026-07-23T20:15] submit: held (SUBMIT_HOLD present)
[2026-07-23T20:30] refill: skipped (evolution owns births)
[2026-07-23T20:30] episodes: no-new
[2026-07-23T20:30] evo-gate: incumbent anchor uncovered
[2026-07-23T20:30] submit: held (SUBMIT_HOLD present)
[2026-07-23T20:45] refill: skipped (evolution owns births)
[2026-07-23T20:45] episodes: no-new
[2026-07-23T20:45] evo-gate: incumbent anchor uncovered
[2026-07-23T20:45] submit: held (SUBMIT_HOLD present)
[2026-07-23T21:00] refill: skipped (evolution owns births)
[2026-07-23T21:00] episodes: no-new
[2026-07-23T21:00] evo-gate: incumbent anchor uncovered
[2026-07-23T21:00] submit: held (SUBMIT_HOLD present)
[2026-07-23T21:15] refill: skipped (evolution owns births)
[2026-07-23T21:15] episodes: no-new
[2026-07-23T21:15] evo-gate: incumbent anchor uncovered
[2026-07-23T21:15] submit: held (SUBMIT_HOLD present)
[2026-07-23T21:30] refill: skipped (evolution owns births)
[2026-07-23T21:30] episodes: no-new
[2026-07-23T21:30] evo-gate: incumbent anchor uncovered
[2026-07-23T21:30] submit: held (SUBMIT_HOLD present)
[2026-07-23T21:45] refill: skipped (evolution owns births)
[2026-07-23T21:45] episodes: no-new
[2026-07-23T21:45] evo-gate: incumbent anchor uncovered
[2026-07-23T21:45] submit: held (SUBMIT_HOLD present)
[2026-07-23T22:00] refill: skipped (evolution owns births)
[2026-07-23T22:00] episodes: no-new
[2026-07-23T22:00] evo-gate: incumbent anchor uncovered
[2026-07-23T22:00] submit: held (SUBMIT_HOLD present)
[2026-07-23T22:15] refill: skipped (evolution owns births)
[2026-07-23T22:15] episodes: no-new
[2026-07-23T22:15] evo-gate: incumbent anchor uncovered
[2026-07-23T22:15] submit: held (SUBMIT_HOLD present)
[2026-07-23T22:30] refill: skipped (evolution owns births)
[2026-07-23T22:30] episodes: no-new
[2026-07-23T22:30] evo-gate: incumbent anchor uncovered
[2026-07-23T22:30] submit: held (SUBMIT_HOLD present)
[2026-07-23T22:45] refill: skipped (evolution owns births)
[2026-07-23T22:45] episodes: no-new
[2026-07-23T22:45] evo-gate: incumbent anchor uncovered
[2026-07-23T22:45] submit: held (SUBMIT_HOLD present)
[2026-07-23T23:00] refill: skipped (evolution owns births)
[2026-07-23T23:00] episodes: no-new
[2026-07-23T23:00] evo-gate: incumbent anchor uncovered
[2026-07-23T23:00] submit: held (SUBMIT_HOLD present)
[2026-07-23T23:15] refill: skipped (evolution owns births)
[2026-07-23T23:15] episodes: no-new
[2026-07-23T23:15] evo-gate: incumbent anchor uncovered
[2026-07-23T23:15] submit: held (SUBMIT_HOLD present)
[2026-07-23T23:30] refill: skipped (evolution owns births)
[2026-07-23T23:30] episodes: no-new
[2026-07-23T23:30] evo-gate: incumbent anchor uncovered
[2026-07-23T23:30] submit: held (SUBMIT_HOLD present)
[2026-07-23T23:45] refill: skipped (evolution owns births)
[2026-07-23T23:45] episodes: no-new
[2026-07-23T23:45] evo-gate: incumbent anchor uncovered
[2026-07-23T23:45] submit: held (SUBMIT_HOLD present)
[2026-07-24T00:00] refill: skipped (evolution owns births)
[2026-07-24T00:00] episodes: no-new
[2026-07-24T00:00] evo-gate: incumbent anchor uncovered
[2026-07-24T00:00] submit: held (SUBMIT_HOLD present)
[2026-07-24T00:15] refill: skipped (evolution owns births)
[2026-07-24T00:15] episodes: no-new
[2026-07-24T00:15] evo-gate: incumbent anchor uncovered
[2026-07-24T00:15] submit: held (SUBMIT_HOLD present)
[2026-07-24T00:30] refill: skipped (evolution owns births)
[2026-07-24T00:30] episodes: no-new
[2026-07-24T00:30] evo-gate: incumbent anchor uncovered
[2026-07-24T00:30] submit: held (SUBMIT_HOLD present)
[2026-07-24T00:45] refill: skipped (evolution owns births)
[2026-07-24T00:45] episodes: no-new
[2026-07-24T00:45] evo-gate: incumbent anchor uncovered
[2026-07-24T00:45] submit: held (SUBMIT_HOLD present)
[2026-07-24T01:00] refill: skipped (evolution owns births)
[2026-07-24T01:00] episodes: no-new
[2026-07-24T01:00] evo-gate: incumbent anchor uncovered
[2026-07-24T01:00] submit: held (SUBMIT_HOLD present)
[2026-07-24T01:15] refill: skipped (evolution owns births)
[2026-07-24T01:15] episodes: no-new
[2026-07-24T01:15] evo-gate: incumbent anchor uncovered
[2026-07-24T01:15] submit: held (SUBMIT_HOLD present)
[2026-07-24T01:30] refill: skipped (evolution owns births)
[2026-07-24T01:30] episodes: no-new
[2026-07-24T01:30] evo-gate: incumbent anchor uncovered
[2026-07-24T01:30] submit: held (SUBMIT_HOLD present)
[2026-07-24T01:45] refill: skipped (evolution owns births)
[2026-07-24T01:45] episodes: no-new
[2026-07-24T01:45] evo-gate: incumbent anchor uncovered
[2026-07-24T01:45] submit: held (SUBMIT_HOLD present)
[2026-07-24T02:00] refill: skipped (evolution owns births)
[2026-07-24T02:00] episodes: no-new
[2026-07-24T02:00] evo-gate: incumbent anchor uncovered
[2026-07-24T02:00] submit: held (SUBMIT_HOLD present)
[2026-07-24T02:15] refill: skipped (evolution owns births)
[2026-07-24T02:15] episodes: no-new
[2026-07-24T02:15] evo-gate: incumbent anchor uncovered
[2026-07-24T02:15] submit: held (SUBMIT_HOLD present)
[2026-07-24T02:30] refill: skipped (evolution owns births)
[2026-07-24T02:30] episodes: no-new
[2026-07-24T02:30] evo-gate: incumbent anchor uncovered
[2026-07-24T02:30] submit: held (SUBMIT_HOLD present)
[2026-07-24T02:45] refill: skipped (evolution owns births)
[2026-07-24T02:45] episodes: no-new
[2026-07-24T02:45] evo-gate: incumbent anchor uncovered
[2026-07-24T02:45] submit: held (SUBMIT_HOLD present)
[2026-07-24T03:00] refill: skipped (evolution owns births)
[2026-07-24T03:00] episodes: no-new
[2026-07-24T03:00] evo-gate: incumbent anchor uncovered
[2026-07-24T03:00] submit: held (SUBMIT_HOLD present)
[2026-07-24T03:15] refill: skipped (evolution owns births)
[2026-07-24T03:15] episodes: no-new
[2026-07-24T03:15] evo-gate: incumbent anchor uncovered
[2026-07-24T03:15] submit: held (SUBMIT_HOLD present)
[2026-07-24T03:30] refill: skipped (evolution owns births)
[2026-07-24T03:30] episodes: no-new
[2026-07-24T03:30] evo-gate: incumbent anchor uncovered
[2026-07-24T03:30] submit: held (SUBMIT_HOLD present)
[2026-07-24T03:45] refill: skipped (evolution owns births)
[2026-07-24T03:45] episodes: no-new
[2026-07-24T03:45] evo-gate: incumbent anchor uncovered
[2026-07-24T03:45] submit: held (SUBMIT_HOLD present)
[2026-07-24T04:00] refill: skipped (evolution owns births)
[2026-07-24T04:00] episodes: no-new
[2026-07-24T04:00] evo-gate: incumbent anchor uncovered
[2026-07-24T04:00] submit: held (SUBMIT_HOLD present)
[2026-07-24T04:15] refill: skipped (evolution owns births)
[2026-07-24T04:15] episodes: no-new
[2026-07-24T04:15] evo-gate: incumbent anchor uncovered
[2026-07-24T04:15] submit: held (SUBMIT_HOLD present)
[2026-07-24T04:30] refill: skipped (evolution owns births)
[2026-07-24T04:30] episodes: no-new
[2026-07-24T04:30] evo-gate: incumbent anchor uncovered
[2026-07-24T04:30] submit: held (SUBMIT_HOLD present)
[2026-07-24T04:45] refill: skipped (evolution owns births)
[2026-07-24T04:45] episodes: no-new
[2026-07-24T04:45] evo-gate: incumbent anchor uncovered
[2026-07-24T04:45] submit: held (SUBMIT_HOLD present)
[2026-07-24T05:00] refill: skipped (evolution owns births)
[2026-07-24T05:00] episodes: no-new
[2026-07-24T05:00] evo-gate: incumbent anchor uncovered
[2026-07-24T05:00] submit: held (SUBMIT_HOLD present)
[2026-07-24T05:15] refill: skipped (evolution owns births)
[2026-07-24T05:15] episodes: no-new
[2026-07-24T05:15] evo-gate: incumbent anchor uncovered
[2026-07-24T05:15] submit: held (SUBMIT_HOLD present)
[2026-07-24T05:30] refill: skipped (evolution owns births)
[2026-07-24T05:30] episodes: no-new
[2026-07-24T05:30] evo-gate: incumbent anchor uncovered
[2026-07-24T05:30] submit: held (SUBMIT_HOLD present)
[2026-07-24T05:45] refill: skipped (evolution owns births)
[2026-07-24T05:45] episodes: no-new
[2026-07-24T05:45] evo-gate: incumbent anchor uncovered
[2026-07-24T05:45] submit: held (SUBMIT_HOLD present)
[2026-07-24T06:00] refill: skipped (evolution owns births)
[2026-07-24T06:00] episodes: no-new
[2026-07-24T06:00] evo-gate: incumbent anchor uncovered
[2026-07-24T06:00] submit: held (SUBMIT_HOLD present)
[2026-07-24T06:15] refill: skipped (evolution owns births)
[2026-07-24T06:15] episodes: no-new
[2026-07-24T06:15] evo-gate: incumbent anchor uncovered
[2026-07-24T06:15] submit: held (SUBMIT_HOLD present)
[2026-07-24T06:30] refill: skipped (evolution owns births)
[2026-07-24T06:30] episodes: no-new
[2026-07-24T06:30] evo-gate: incumbent anchor uncovered
[2026-07-24T06:30] submit: held (SUBMIT_HOLD present)
[2026-07-24T06:45] refill: skipped (evolution owns births)
[2026-07-24T06:45] episodes: no-new
[2026-07-24T06:45] evo-gate: incumbent anchor uncovered
[2026-07-24T06:45] submit: held (SUBMIT_HOLD present)
[2026-07-24T07:00] refill: skipped (evolution owns births)
[2026-07-24T07:00] episodes: no-new
[2026-07-24T07:00] evo-gate: incumbent anchor uncovered
[2026-07-24T07:00] submit: held (SUBMIT_HOLD present)
[2026-07-24T07:15] refill: skipped (evolution owns births)
[2026-07-24T07:15] episodes: no-new
[2026-07-24T07:15] evo-gate: incumbent anchor uncovered
[2026-07-24T07:15] submit: held (SUBMIT_HOLD present)
[2026-07-24T07:30] refill: skipped (evolution owns births)
[2026-07-24T07:30] episodes: no-new
[2026-07-24T07:30] evo-gate: incumbent anchor uncovered
[2026-07-24T07:30] submit: held (SUBMIT_HOLD present)
[2026-07-24T07:45] refill: skipped (evolution owns births)
[2026-07-24T07:45] episodes: no-new
[2026-07-24T07:45] evo-gate: incumbent anchor uncovered
[2026-07-24T07:45] submit: held (SUBMIT_HOLD present)
[2026-07-24T08:00] refill: skipped (evolution owns births)
[2026-07-24T08:00] episodes: no-new
[2026-07-24T08:00] evo-gate: incumbent anchor uncovered
[2026-07-24T08:00] submit: held (SUBMIT_HOLD present)
[2026-07-24T08:15] refill: skipped (evolution owns births)
[2026-07-24T08:15] episodes: no-new
[2026-07-24T08:15] evo-gate: incumbent anchor uncovered
[2026-07-24T08:15] submit: held (SUBMIT_HOLD present)
[2026-07-24T08:30] refill: skipped (evolution owns births)
[2026-07-24T08:30] episodes: no-new
[2026-07-24T08:30] evo-gate: incumbent anchor uncovered
[2026-07-24T08:30] submit: held (SUBMIT_HOLD present)
[2026-07-24T08:45] refill: skipped (evolution owns births)
[2026-07-24T08:45] episodes: no-new
[2026-07-24T08:45] evo-gate: incumbent anchor uncovered
[2026-07-24T08:45] submit: held (SUBMIT_HOLD present)
[2026-07-24T09:00] refill: skipped (evolution owns births)
[2026-07-24T09:00] episodes: no-new
[2026-07-24T09:00] evo-gate: incumbent anchor uncovered
[2026-07-24T09:00] submit: held (SUBMIT_HOLD present)
[2026-07-24T09:15] refill: skipped (evolution owns births)
[2026-07-24T09:15] episodes: no-new
[2026-07-24T09:15] evo-gate: incumbent anchor uncovered
[2026-07-24T09:15] submit: held (SUBMIT_HOLD present)
[2026-07-24T09:30] refill: skipped (evolution owns births)
[2026-07-24T09:30] episodes: no-new
[2026-07-24T09:30] evo-gate: incumbent anchor uncovered
[2026-07-24T09:30] submit: held (SUBMIT_HOLD present)
[2026-07-24T09:45] refill: skipped (evolution owns births)
[2026-07-24T09:45] episodes: no-new
[2026-07-24T09:45] evo-gate: incumbent anchor uncovered
[2026-07-24T09:45] submit: held (SUBMIT_HOLD present)
[2026-07-24T10:00] refill: skipped (evolution owns births)
[2026-07-24T10:00] episodes: no-new
[2026-07-24T10:01] evo-gate: incumbent anchor uncovered
[2026-07-24T10:01] submit: held (SUBMIT_HOLD present)
[2026-07-24T10:15] refill: skipped (evolution owns births)
[2026-07-24T10:15] episodes: no-new
[2026-07-24T10:15] evo-gate: incumbent anchor uncovered
[2026-07-24T10:15] submit: held (SUBMIT_HOLD present)
[2026-07-24T10:30] refill: skipped (evolution owns births)
[2026-07-24T10:30] episodes: no-new
[2026-07-24T10:30] evo-gate: incumbent anchor uncovered
[2026-07-24T10:30] submit: held (SUBMIT_HOLD present)
[2026-07-24T10:45] refill: skipped (evolution owns births)
[2026-07-24T10:45] episodes: no-new
[2026-07-24T10:45] evo-gate: incumbent anchor uncovered
[2026-07-24T10:45] submit: held (SUBMIT_HOLD present)
[2026-07-24T11:00] refill: skipped (evolution owns births)
[2026-07-24T11:00] episodes: no-new
[2026-07-24T11:00] evo-gate: incumbent anchor uncovered
[2026-07-24T11:00] submit: held (SUBMIT_HOLD present)
[2026-07-24T11:15] refill: skipped (evolution owns births)
[2026-07-24T11:15] episodes: no-new
[2026-07-24T14:59] paused
[2026-07-24T19:17] episodes: harvested:2026-07-24
[2026-07-24T19:17] submit: held (SUBMIT_HOLD present)
[2026-07-24T19:30] episodes: no-new
[2026-07-24T19:30] submit: held (SUBMIT_HOLD present)
[2026-07-24T19:45] episodes: no-new
[2026-07-24T19:45] submit: held (SUBMIT_HOLD present)
[2026-07-24T20:00] episodes: no-new
[2026-07-24T20:00] submit: held (SUBMIT_HOLD present)
[2026-07-24T20:15] episodes: no-new
[2026-07-24T20:15] submit: held (SUBMIT_HOLD present)
[2026-07-24T20:30] episodes: no-new
[2026-07-24T20:30] submit: held (SUBMIT_HOLD present)
[2026-07-24T20:45] episodes: no-new
[2026-07-24T20:45] submit: held (SUBMIT_HOLD present)
[2026-07-24T21:00] episodes: no-new
[2026-07-24T21:00] submit: held (SUBMIT_HOLD present)
[2026-07-24T21:15] episodes: no-new
[2026-07-24T21:15] submit: held (SUBMIT_HOLD present)
[2026-07-24T21:30] episodes: no-new
[2026-07-24T21:30] submit: held (SUBMIT_HOLD present)
[2026-07-24T21:45] episodes: no-new
[2026-07-24T21:45] submit: held (SUBMIT_HOLD present)
[2026-07-24T22:00] episodes: no-new
[2026-07-24T22:00] submit: held (SUBMIT_HOLD present)
[2026-07-24T22:15] episodes: no-new
[2026-07-24T22:15] submit: held (SUBMIT_HOLD present)
[2026-07-24T22:30] episodes: no-new
[2026-07-24T22:30] submit: held (SUBMIT_HOLD present)
[2026-07-24T22:45] episodes: no-new
[2026-07-24T22:45] submit: held (SUBMIT_HOLD present)
[2026-07-24T23:00] episodes: no-new
[2026-07-24T23:00] submit: held (SUBMIT_HOLD present)
[2026-07-24T23:15] episodes: no-new
[2026-07-24T23:15] submit: held (SUBMIT_HOLD present)
[2026-07-24T23:30] episodes: no-new
[2026-07-24T23:30] submit: held (SUBMIT_HOLD present)
[2026-07-24T23:45] episodes: no-new
[2026-07-24T23:45] submit: held (SUBMIT_HOLD present)
[2026-07-25T00:00] episodes: no-new
[2026-07-25T00:00] submit: held (SUBMIT_HOLD present)
[2026-07-25T00:15] episodes: no-new
[2026-07-25T00:15] submit: held (SUBMIT_HOLD present)
[2026-07-25T00:30] episodes: no-new
[2026-07-25T00:30] submit: held (SUBMIT_HOLD present)
[2026-07-25T00:45] episodes: no-new
[2026-07-25T00:45] submit: held (SUBMIT_HOLD present)
[2026-07-25T01:00] episodes: no-new
[2026-07-25T01:00] submit: held (SUBMIT_HOLD present)
[2026-07-25T01:15] episodes: no-new
[2026-07-25T01:15] submit: held (SUBMIT_HOLD present)
[2026-07-25T01:30] episodes: no-new
[2026-07-25T01:30] submit: held (SUBMIT_HOLD present)
[2026-07-25T01:45] episodes: no-new
[2026-07-25T01:45] submit: held (SUBMIT_HOLD present)
[2026-07-25T02:00] episodes: no-new
[2026-07-25T02:00] submit: held (SUBMIT_HOLD present)
[2026-07-25T02:15] episodes: no-new
[2026-07-25T02:15] submit: held (SUBMIT_HOLD present)
[2026-07-25T02:30] episodes: no-new
[2026-07-25T02:30] submit: held (SUBMIT_HOLD present)
[2026-07-25T02:45] episodes: no-new
[2026-07-25T02:45] submit: held (SUBMIT_HOLD present)
[2026-07-25T03:00] episodes: no-new
[2026-07-25T03:00] submit: held (SUBMIT_HOLD present)
[2026-07-25T03:15] episodes: no-new
[2026-07-25T03:15] submit: held (SUBMIT_HOLD present)
[2026-07-25T03:30] episodes: no-new
[2026-07-25T03:30] submit: held (SUBMIT_HOLD present)
[2026-07-25T03:45] episodes: no-new
[2026-07-25T03:45] submit: held (SUBMIT_HOLD present)
[2026-07-25T04:00] episodes: no-new
[2026-07-25T04:00] submit: held (SUBMIT_HOLD present)
[2026-07-25T04:15] episodes: no-new
[2026-07-25T04:15] submit: held (SUBMIT_HOLD present)
[2026-07-25T04:30] episodes: no-new
[2026-07-25T04:30] submit: held (SUBMIT_HOLD present)
[2026-07-25T04:45] episodes: no-new
[2026-07-25T04:45] submit: held (SUBMIT_HOLD present)
[2026-07-25T05:00] episodes: no-new
[2026-07-25T05:00] submit: held (SUBMIT_HOLD present)
[2026-07-25T05:15] episodes: no-new
[2026-07-25T05:15] submit: held (SUBMIT_HOLD present)
[2026-07-25T05:30] episodes: no-new
[2026-07-25T05:30] submit: held (SUBMIT_HOLD present)
[2026-07-25T05:45] episodes: no-new
[2026-07-25T05:45] submit: held (SUBMIT_HOLD present)
[2026-07-25T06:00] episodes: no-new
[2026-07-25T06:00] submit: held (SUBMIT_HOLD present)
[2026-07-25T06:15] episodes: no-new
[2026-07-25T06:15] submit: held (SUBMIT_HOLD present)
[2026-07-25T06:30] episodes: no-new
[2026-07-25T06:30] submit: held (SUBMIT_HOLD present)
[2026-07-25T06:45] episodes: no-new
[2026-07-25T06:45] submit: held (SUBMIT_HOLD present)
[2026-07-25T07:00] episodes: no-new
[2026-07-25T07:00] submit: held (SUBMIT_HOLD present)
[2026-07-25T07:15] episodes: no-new
[2026-07-25T07:15] submit: held (SUBMIT_HOLD present)
[2026-07-25T07:30] episodes: no-new
[2026-07-25T07:30] submit: held (SUBMIT_HOLD present)
[2026-07-25T07:45] episodes: no-new
[2026-07-25T07:45] submit: held (SUBMIT_HOLD present)
[2026-07-25T08:00] episodes: no-new
[2026-07-25T08:00] submit: held (SUBMIT_HOLD present)
[2026-07-25T08:15] episodes: no-new
[2026-07-25T08:15] submit: held (SUBMIT_HOLD present)
[2026-07-25T08:30] episodes: no-new
[2026-07-25T08:30] submit: held (SUBMIT_HOLD present)
[2026-07-25T08:45] episodes: error:RuntimeError("kaggle CLI failed (1): HTTPSConnectionPool(host='storage.googleapis.com', port=443): Max retries exceeded with url: /kaggle-data-sets/10788915/18320609/bundle/archive.zip?X-Goog-Algorithm=GOOG4-RSA-SHA256&X-Goog-Credential=gcp-kaggle-com%40kaggle-161607.iam.gserviceaccount.com%2F20260725%2Fauto%2Fstorage%2Fgoog4_request&X-Goog-Date=20260725T184507Z&X-Goog-Expires=259200&X-Goog-
[2026-07-25T08:45] submit: held (SUBMIT_HOLD present)
[2026-07-25T09:00] episodes: no-new
[2026-07-25T09:00] submit: held (SUBMIT_HOLD present)
[2026-07-25T09:15] episodes: no-new
[2026-07-25T09:15] submit: held (SUBMIT_HOLD present)
[2026-07-25T09:30] episodes: no-new
[2026-07-25T09:30] submit: held (SUBMIT_HOLD present)
[2026-07-25T09:45] episodes: no-new
[2026-07-25T09:45] submit: held (SUBMIT_HOLD present)
[2026-07-25T10:00] episodes: no-new
[2026-07-25T10:00] submit: held (SUBMIT_HOLD present)
[2026-07-25T10:15] episodes: no-new
[2026-07-25T10:15] submit: held (SUBMIT_HOLD present)
[2026-07-25T10:30] episodes: no-new
[2026-07-25T10:30] submit: held (SUBMIT_HOLD present)
[2026-07-25T10:45] episodes: no-new
[2026-07-25T10:45] submit: held (SUBMIT_HOLD present)
[2026-07-25T11:00] episodes: no-new
[2026-07-25T11:00] submit: held (SUBMIT_HOLD present)
[2026-07-25T11:15] episodes: no-new
[2026-07-25T11:15] submit: held (SUBMIT_HOLD present)
[2026-07-25T11:30] episodes: no-new
[2026-07-25T11:30] submit: held (SUBMIT_HOLD present)
[2026-07-25T11:45] episodes: no-new
[2026-07-25T11:45] submit: held (SUBMIT_HOLD present)
[2026-07-25T12:00] episodes: no-new
[2026-07-25T12:00] submit: held (SUBMIT_HOLD present)
[2026-07-25T12:15] episodes: no-new
[2026-07-25T12:15] submit: held (SUBMIT_HOLD present)
[2026-07-25T12:30] episodes: no-new
[2026-07-25T12:30] submit: held (SUBMIT_HOLD present)
[2026-07-25T12:45] episodes: no-new
[2026-07-25T12:45] submit: held (SUBMIT_HOLD present)
[2026-07-25T13:00] episodes: no-new
[2026-07-25T13:00] submit: held (SUBMIT_HOLD present)
[2026-07-25T13:15] episodes: no-new
[2026-07-25T13:15] submit: held (SUBMIT_HOLD present)
[2026-07-25T13:30] episodes: no-new
[2026-07-25T13:30] submit: held (SUBMIT_HOLD present)
[2026-07-25T13:45] episodes: no-new
[2026-07-25T13:45] submit: held (SUBMIT_HOLD present)
[2026-07-25T14:00] episodes: no-new
[2026-07-25T14:00] submit: held (SUBMIT_HOLD present)
[2026-07-25T14:17] episodes: harvested:2026-07-25
[2026-07-25T14:17] submit: held (SUBMIT_HOLD present)
[2026-07-25T14:30] episodes: no-new
[2026-07-25T14:30] submit: held (SUBMIT_HOLD present)
[2026-07-25T14:45] episodes: no-new
[2026-07-25T14:45] submit: held (SUBMIT_HOLD present)
[2026-07-25T15:00] episodes: no-new
[2026-07-25T15:00] submit: held (SUBMIT_HOLD present)
[2026-07-25T15:15] episodes: no-new
[2026-07-25T15:15] submit: held (SUBMIT_HOLD present)
[2026-07-25T15:30] episodes: no-new
[2026-07-25T15:30] submit: held (SUBMIT_HOLD present)
[2026-07-25T15:45] episodes: no-new
[2026-07-25T15:45] submit: held (SUBMIT_HOLD present)
[2026-07-25T16:00] episodes: no-new
[2026-07-25T16:00] submit: held (SUBMIT_HOLD present)
[2026-07-25T16:15] episodes: no-new
[2026-07-25T16:15] submit: held (SUBMIT_HOLD present)
[2026-07-25T16:30] episodes: no-new
[2026-07-25T16:30] submit: held (SUBMIT_HOLD present)
[2026-07-25T16:45] episodes: no-new
[2026-07-25T16:45] submit: held (SUBMIT_HOLD present)
[2026-07-25T17:00] episodes: no-new
[2026-07-25T17:00] submit: held (SUBMIT_HOLD present)
[2026-07-25T17:15] episodes: no-new
[2026-07-25T17:15] submit: held (SUBMIT_HOLD present)
[2026-07-25T17:30] episodes: no-new
[2026-07-25T17:30] submit: held (SUBMIT_HOLD present)
[2026-07-25T17:45] episodes: no-new
[2026-07-25T17:45] submit: held (SUBMIT_HOLD present)
[2026-07-25T18:00] episodes: no-new
[2026-07-25T18:00] submit: held (SUBMIT_HOLD present)
[2026-07-25T18:15] episodes: no-new
[2026-07-25T18:15] submit: held (SUBMIT_HOLD present)
[2026-07-25T18:30] episodes: no-new
[2026-07-25T18:30] submit: held (SUBMIT_HOLD present)
[2026-07-25T18:45] episodes: no-new
[2026-07-25T18:45] submit: held (SUBMIT_HOLD present)
[2026-07-25T19:00] episodes: no-new
[2026-07-25T19:00] submit: held (SUBMIT_HOLD present)
[2026-07-25T19:15] episodes: no-new
[2026-07-25T19:15] submit: held (SUBMIT_HOLD present)
[2026-07-25T19:30] episodes: no-new
[2026-07-25T19:30] submit: held (SUBMIT_HOLD present)
[2026-07-25T19:45] episodes: no-new
[2026-07-25T19:45] submit: held (SUBMIT_HOLD present)
[2026-07-25T20:00] episodes: no-new
[2026-07-25T20:00] submit: held (SUBMIT_HOLD present)
[2026-07-25T20:15] episodes: no-new
[2026-07-25T20:15] submit: held (SUBMIT_HOLD present)
[2026-07-25T20:30] episodes: no-new
[2026-07-25T20:30] submit: held (SUBMIT_HOLD present)
[2026-07-25T20:45] episodes: no-new
[2026-07-25T20:45] submit: held (SUBMIT_HOLD present)
[2026-07-25T21:00] episodes: no-new
[2026-07-25T21:00] submit: held (SUBMIT_HOLD present)
[2026-07-25T21:15] episodes: no-new
[2026-07-25T21:15] submit: held (SUBMIT_HOLD present)
[2026-07-25T21:30] episodes: no-new
[2026-07-25T21:30] submit: held (SUBMIT_HOLD present)
[2026-07-25T21:45] episodes: no-new
[2026-07-25T21:45] submit: held (SUBMIT_HOLD present)
[2026-07-25T22:00] episodes: no-new
[2026-07-25T22:00] submit: held (SUBMIT_HOLD present)
[2026-07-25T22:15] episodes: no-new
[2026-07-25T22:15] submit: held (SUBMIT_HOLD present)
[2026-07-25T22:30] episodes: no-new
[2026-07-25T22:30] submit: held (SUBMIT_HOLD present)
[2026-07-25T22:45] episodes: no-new
[2026-07-25T22:45] submit: held (SUBMIT_HOLD present)
[2026-07-25T23:00] episodes: no-new
[2026-07-25T23:00] submit: held (SUBMIT_HOLD present)
[2026-07-25T23:15] episodes: no-new
[2026-07-25T23:15] submit: held (SUBMIT_HOLD present)
[2026-07-25T23:30] episodes: no-new
[2026-07-25T23:30] submit: held (SUBMIT_HOLD present)
[2026-07-25T23:45] episodes: no-new
[2026-07-25T23:45] submit: held (SUBMIT_HOLD present)
[2026-07-26T00:00] episodes: no-new
[2026-07-26T00:00] submit: held (SUBMIT_HOLD present)
[2026-07-26T00:15] episodes: no-new
[2026-07-26T00:15] submit: held (SUBMIT_HOLD present)
[2026-07-26T00:30] episodes: no-new
[2026-07-26T00:30] submit: held (SUBMIT_HOLD present)
[2026-07-26T00:45] episodes: no-new
[2026-07-26T00:45] submit: held (SUBMIT_HOLD present)
[2026-07-26T01:00] episodes: no-new
[2026-07-26T01:00] submit: held (SUBMIT_HOLD present)
[2026-07-26T01:15] episodes: no-new
[2026-07-26T01:15] submit: held (SUBMIT_HOLD present)
[2026-07-26T01:30] episodes: no-new
[2026-07-26T01:30] submit: held (SUBMIT_HOLD present)
[2026-07-26T01:45] episodes: no-new
[2026-07-26T01:45] submit: held (SUBMIT_HOLD present)
[2026-07-26T02:00] episodes: no-new
[2026-07-26T02:00] submit: held (SUBMIT_HOLD present)
[2026-07-26T02:15] episodes: no-new
[2026-07-26T02:15] submit: held (SUBMIT_HOLD present)
[2026-07-26T02:30] episodes: no-new
[2026-07-26T02:30] submit: held (SUBMIT_HOLD present)
[2026-07-26T02:45] episodes: no-new
[2026-07-26T02:45] submit: held (SUBMIT_HOLD present)
[2026-07-26T03:00] episodes: no-new
[2026-07-26T03:00] submit: held (SUBMIT_HOLD present)
[2026-07-26T03:15] episodes: no-new
[2026-07-26T03:15] submit: held (SUBMIT_HOLD present)
[2026-07-26T03:30] episodes: no-new
[2026-07-26T03:30] submit: held (SUBMIT_HOLD present)
[2026-07-26T03:45] episodes: no-new
[2026-07-26T03:45] submit: held (SUBMIT_HOLD present)
[2026-07-26T04:00] episodes: no-new
[2026-07-26T04:00] submit: held (SUBMIT_HOLD present)
[2026-07-26T04:15] episodes: no-new
[2026-07-26T04:15] submit: held (SUBMIT_HOLD present)
[2026-07-26T04:30] episodes: no-new
[2026-07-26T04:30] submit: held (SUBMIT_HOLD present)
[2026-07-26T04:45] episodes: no-new
[2026-07-26T04:45] submit: held (SUBMIT_HOLD present)
[2026-07-26T05:00] episodes: no-new
[2026-07-26T05:00] submit: held (SUBMIT_HOLD present)
[2026-07-26T05:15] episodes: no-new
[2026-07-26T05:15] submit: held (SUBMIT_HOLD present)
[2026-07-26T05:30] episodes: no-new
[2026-07-26T05:30] submit: held (SUBMIT_HOLD present)
[2026-07-26T05:45] episodes: no-new
[2026-07-26T05:45] submit: held (SUBMIT_HOLD present)
[2026-07-26T06:00] episodes: no-new
[2026-07-26T06:00] submit: held (SUBMIT_HOLD present)
[2026-07-26T06:15] episodes: no-new
[2026-07-26T06:15] submit: held (SUBMIT_HOLD present)
[2026-07-26T06:30] episodes: no-new
[2026-07-26T06:30] submit: held (SUBMIT_HOLD present)
[2026-07-26T06:45] episodes: no-new
[2026-07-26T06:45] submit: held (SUBMIT_HOLD present)
[2026-07-26T07:00] episodes: no-new
[2026-07-26T07:00] submit: held (SUBMIT_HOLD present)
[2026-07-26T07:15] episodes: no-new
[2026-07-26T07:15] submit: held (SUBMIT_HOLD present)
[2026-07-26T07:30] episodes: no-new
[2026-07-26T07:30] submit: held (SUBMIT_HOLD present)
[2026-07-26T07:45] episodes: no-new
[2026-07-26T07:45] submit: held (SUBMIT_HOLD present)
[2026-07-26T08:00] episodes: no-new
[2026-07-26T08:00] submit: held (SUBMIT_HOLD present)
[2026-07-26T08:15] episodes: no-new
[2026-07-26T08:15] submit: held (SUBMIT_HOLD present)
[2026-07-26T08:30] episodes: no-new
[2026-07-26T08:30] submit: held (SUBMIT_HOLD present)
[2026-07-26T08:45] episodes: no-new
[2026-07-26T08:45] submit: held (SUBMIT_HOLD present)
[2026-07-26T09:00] episodes: no-new
[2026-07-26T09:00] submit: held (SUBMIT_HOLD present)
[2026-07-26T09:15] episodes: no-new
[2026-07-26T09:15] submit: held (SUBMIT_HOLD present)
[2026-07-26T09:30] episodes: no-new
[2026-07-26T09:30] submit: held (SUBMIT_HOLD present)
[2026-07-26T09:45] episodes: no-new
[2026-07-26T09:45] submit: held (SUBMIT_HOLD present)
[2026-07-26T10:00] episodes: no-new
[2026-07-26T10:00] submit: held (SUBMIT_HOLD present)
[2026-07-26T10:15] episodes: no-new
[2026-07-26T10:15] submit: held (SUBMIT_HOLD present)
[2026-07-26T10:30] episodes: no-new
[2026-07-26T10:30] submit: held (SUBMIT_HOLD present)
[2026-07-26T10:45] episodes: no-new
[2026-07-26T10:45] submit: held (SUBMIT_HOLD present)
[2026-07-26T11:00] episodes: no-new
[2026-07-26T11:00] submit: held (SUBMIT_HOLD present)
[2026-07-26T11:15] episodes: no-new
[2026-07-26T11:15] submit: held (SUBMIT_HOLD present)
[2026-07-26T11:30] episodes: no-new
[2026-07-26T11:30] submit: held (SUBMIT_HOLD present)
[2026-07-26T11:45] episodes: no-new
[2026-07-26T11:45] submit: held (SUBMIT_HOLD present)
[2026-07-26T12:00] episodes: no-new
[2026-07-26T12:00] submit: held (SUBMIT_HOLD present)
[2026-07-26T12:15] episodes: no-new
[2026-07-26T12:15] submit: held (SUBMIT_HOLD present)
[2026-07-26T12:30] episodes: no-new
[2026-07-26T12:30] submit: held (SUBMIT_HOLD present)
[2026-07-26T12:45] episodes: no-new
[2026-07-26T12:45] submit: held (SUBMIT_HOLD present)
[2026-07-26T13:00] episodes: no-new
[2026-07-26T13:00] submit: held (SUBMIT_HOLD present)
[2026-07-26T13:15] episodes: no-new
[2026-07-26T13:15] submit: held (SUBMIT_HOLD present)
[2026-07-26T13:30] episodes: no-new
[2026-07-26T13:30] submit: held (SUBMIT_HOLD present)
[2026-07-26T13:45] episodes: no-new
[2026-07-26T13:45] submit: held (SUBMIT_HOLD present)
[2026-07-26T14:00] episodes: no-new
[2026-07-26T14:00] submit: held (SUBMIT_HOLD present)
[2026-07-26T14:17] episodes: harvested:2026-07-26
[2026-07-26T14:17] submit: held (SUBMIT_HOLD present)
[2026-07-26T14:30] episodes: no-new
[2026-07-26T14:30] submit: held (SUBMIT_HOLD present)
[2026-07-26T14:45] episodes: no-new
[2026-07-26T14:45] submit: held (SUBMIT_HOLD present)
[2026-07-26T15:00] episodes: no-new
[2026-07-26T15:00] submit: held (SUBMIT_HOLD present)
[2026-07-26T15:15] episodes: no-new
[2026-07-26T15:15] submit: held (SUBMIT_HOLD present)
[2026-07-26T15:30] episodes: no-new
[2026-07-26T15:30] submit: held (SUBMIT_HOLD present)
[2026-07-26T15:45] episodes: no-new
[2026-07-26T15:45] submit: held (SUBMIT_HOLD present)
[2026-07-26T16:00] episodes: no-new
[2026-07-26T16:00] submit: held (SUBMIT_HOLD present)
[2026-07-26T16:15] episodes: no-new
[2026-07-26T16:15] submit: held (SUBMIT_HOLD present)
[2026-07-26T16:30] episodes: no-new
[2026-07-26T16:30] submit: held (SUBMIT_HOLD present)
[2026-07-26T16:45] episodes: no-new
[2026-07-26T16:45] submit: held (SUBMIT_HOLD present)
[2026-07-26T17:00] episodes: no-new
[2026-07-26T17:00] submit: held (SUBMIT_HOLD present)
[2026-07-26T17:15] episodes: no-new
[2026-07-26T17:15] submit: held (SUBMIT_HOLD present)
[2026-07-26T17:30] episodes: no-new
[2026-07-26T17:30] submit: held (SUBMIT_HOLD present)
[2026-07-26T17:45] episodes: no-new
[2026-07-26T17:45] submit: held (SUBMIT_HOLD present)
[2026-07-26T18:00] episodes: no-new
[2026-07-26T18:00] submit: held (SUBMIT_HOLD present)
[2026-07-26T18:15] episodes: no-new
[2026-07-26T18:15] submit: held (SUBMIT_HOLD present)
[2026-07-26T18:30] episodes: no-new
[2026-07-26T18:30] submit: held (SUBMIT_HOLD present)
[2026-07-26T18:45] episodes: no-new
[2026-07-26T18:45] submit: held (SUBMIT_HOLD present)
[2026-07-26T19:00] episodes: no-new
[2026-07-26T19:00] submit: held (SUBMIT_HOLD present)
[2026-07-26T19:15] episodes: no-new
[2026-07-26T19:15] submit: held (SUBMIT_HOLD present)
[2026-07-26T19:30] episodes: no-new
[2026-07-26T19:30] submit: held (SUBMIT_HOLD present)
[2026-07-26T19:45] episodes: no-new
[2026-07-26T19:45] submit: held (SUBMIT_HOLD present)
[2026-07-26T20:00] episodes: no-new
[2026-07-26T20:00] submit: held (SUBMIT_HOLD present)
[2026-07-26T20:15] episodes: no-new
[2026-07-26T20:15] submit: held (SUBMIT_HOLD present)
[2026-07-26T20:30] episodes: no-new
[2026-07-26T20:30] submit: held (SUBMIT_HOLD present)
[2026-07-26T20:45] episodes: no-new
[2026-07-26T20:45] submit: held (SUBMIT_HOLD present)
[2026-07-26T21:00] episodes: no-new
[2026-07-26T21:00] submit: held (SUBMIT_HOLD present)
[2026-07-26T21:15] episodes: no-new
[2026-07-26T21:15] submit: held (SUBMIT_HOLD present)
[2026-07-26T21:30] episodes: no-new
[2026-07-26T21:30] submit: held (SUBMIT_HOLD present)
[2026-07-26T21:45] episodes: no-new
[2026-07-26T21:45] submit: held (SUBMIT_HOLD present)
[2026-07-26T22:00] episodes: no-new
[2026-07-26T22:00] submit: held (SUBMIT_HOLD present)
[2026-07-26T22:15] episodes: no-new
[2026-07-26T22:15] submit: held (SUBMIT_HOLD present)
[2026-07-26T22:30] episodes: no-new
[2026-07-26T22:30] submit: held (SUBMIT_HOLD present)
[2026-07-26T22:45] episodes: no-new
[2026-07-26T22:45] submit: held (SUBMIT_HOLD present)
[2026-07-26T23:00] episodes: no-new
[2026-07-26T23:00] submit: held (SUBMIT_HOLD present)
[2026-07-26T23:15] episodes: no-new
[2026-07-26T23:15] submit: held (SUBMIT_HOLD present)
[2026-07-26T23:30] episodes: no-new
[2026-07-26T23:30] submit: held (SUBMIT_HOLD present)
[2026-07-26T23:45] episodes: no-new
[2026-07-26T23:45] submit: held (SUBMIT_HOLD present)
[2026-07-27T00:00] episodes: no-new
[2026-07-27T00:00] submit: held (SUBMIT_HOLD present)
[2026-07-27T00:15] episodes: no-new
[2026-07-27T00:15] submit: held (SUBMIT_HOLD present)
[2026-07-27T00:30] episodes: no-new
[2026-07-27T00:30] submit: held (SUBMIT_HOLD present)
[2026-07-27T00:45] episodes: no-new
[2026-07-27T00:45] submit: held (SUBMIT_HOLD present)
[2026-07-27T01:00] episodes: no-new
[2026-07-27T01:00] submit: held (SUBMIT_HOLD present)
[2026-07-27T01:15] episodes: no-new
[2026-07-27T01:15] submit: held (SUBMIT_HOLD present)
[2026-07-27T01:30] episodes: no-new
[2026-07-27T01:30] submit: held (SUBMIT_HOLD present)
[2026-07-27T01:45] episodes: no-new
[2026-07-27T01:45] submit: held (SUBMIT_HOLD present)
[2026-07-27T02:00] episodes: no-new
[2026-07-27T02:00] submit: held (SUBMIT_HOLD present)
[2026-07-27T02:15] episodes: no-new
[2026-07-27T02:15] submit: held (SUBMIT_HOLD present)
[2026-07-27T02:30] episodes: no-new
[2026-07-27T02:30] submit: held (SUBMIT_HOLD present)
[2026-07-27T02:45] episodes: no-new
[2026-07-27T02:45] submit: held (SUBMIT_HOLD present)
[2026-07-27T03:00] episodes: no-new
[2026-07-27T03:00] submit: held (SUBMIT_HOLD present)
[2026-07-27T03:15] episodes: no-new
[2026-07-27T03:15] submit: held (SUBMIT_HOLD present)
[2026-07-27T03:30] episodes: no-new
[2026-07-27T03:30] submit: held (SUBMIT_HOLD present)
[2026-07-27T03:45] episodes: no-new
[2026-07-27T03:45] submit: held (SUBMIT_HOLD present)
[2026-07-27T04:00] episodes: no-new
[2026-07-27T04:00] submit: held (SUBMIT_HOLD present)
[2026-07-27T04:15] episodes: no-new
[2026-07-27T04:15] submit: held (SUBMIT_HOLD present)
[2026-07-27T04:30] episodes: no-new
[2026-07-27T04:30] submit: held (SUBMIT_HOLD present)
[2026-07-27T04:45] episodes: no-new
[2026-07-27T04:45] submit: held (SUBMIT_HOLD present)
[2026-07-27T05:00] episodes: no-new
[2026-07-27T05:00] submit: held (SUBMIT_HOLD present)
[2026-07-27T05:15] episodes: no-new
[2026-07-27T05:15] submit: held (SUBMIT_HOLD present)
[2026-07-27T05:30] episodes: no-new
[2026-07-27T05:30] submit: held (SUBMIT_HOLD present)
[2026-07-27T05:45] episodes: no-new
[2026-07-27T05:45] submit: held (SUBMIT_HOLD present)
[2026-07-27T06:00] episodes: no-new
[2026-07-27T06:00] submit: held (SUBMIT_HOLD present)
[2026-07-27T06:15] episodes: no-new
[2026-07-27T06:15] submit: held (SUBMIT_HOLD present)
[2026-07-27T06:30] episodes: no-new
[2026-07-27T06:30] submit: held (SUBMIT_HOLD present)
[2026-07-27T06:45] episodes: no-new
[2026-07-27T06:45] submit: held (SUBMIT_HOLD present)
[2026-07-27T07:00] episodes: no-new
[2026-07-27T07:00] submit: held (SUBMIT_HOLD present)
[2026-07-27T07:15] episodes: no-new
[2026-07-27T07:15] submit: held (SUBMIT_HOLD present)
[2026-07-27T07:30] episodes: no-new
[2026-07-27T07:30] submit: held (SUBMIT_HOLD present)
[2026-07-27T07:45] episodes: no-new
[2026-07-27T07:45] submit: held (SUBMIT_HOLD present)
[2026-07-27T08:00] episodes: no-new
[2026-07-27T08:00] submit: held (SUBMIT_HOLD present)
[2026-07-27T08:15] episodes: no-new
[2026-07-27T08:15] submit: held (SUBMIT_HOLD present)
[2026-07-27T08:30] episodes: no-new
[2026-07-27T08:30] submit: held (SUBMIT_HOLD present)
[2026-07-27T08:45] episodes: no-new
[2026-07-27T08:45] submit: held (SUBMIT_HOLD present)
[2026-07-27T09:00] episodes: no-new
[2026-07-27T09:00] submit: held (SUBMIT_HOLD present)
[2026-07-27T09:15] episodes: no-new
[2026-07-27T09:15] submit: held (SUBMIT_HOLD present)
[2026-07-27T09:30] episodes: no-new
[2026-07-27T09:30] submit: held (SUBMIT_HOLD present)
[2026-07-27T09:45] episodes: no-new
[2026-07-27T09:45] submit: held (SUBMIT_HOLD present)
[2026-07-27T10:00] episodes: no-new
[2026-07-27T10:00] submit: held (SUBMIT_HOLD present)
[2026-07-27T10:15] episodes: no-new
[2026-07-27T10:15] submit: held (SUBMIT_HOLD present)
[2026-07-27T10:30] episodes: no-new
[2026-07-27T10:30] submit: held (SUBMIT_HOLD present)
[2026-07-27T10:45] episodes: no-new
[2026-07-27T10:45] submit: held (SUBMIT_HOLD present)
[2026-07-27T11:00] episodes: no-new
[2026-07-27T11:00] submit: held (SUBMIT_HOLD present)
[2026-07-27T11:15] episodes: no-new
[2026-07-27T11:15] submit: held (SUBMIT_HOLD present)
[2026-07-27T11:30] episodes: no-new
[2026-07-27T11:30] submit: held (SUBMIT_HOLD present)
[2026-07-27T11:45] episodes: error:RuntimeError("kaggle CLI failed (1): HTTPSConnectionPool(host='storage.googleapis.com', port=443): Max retries exceeded with url: /kaggle-data-sets/10788915/18367432/bundle/archive.zip?X-Goog-Algorithm=GOOG4-RSA-SHA256&X-Goog-Credential=gcp-kaggle-com%40kaggle-161607.iam.gserviceaccount.com%2F20260727%2Fauto%2Fstorage%2Fgoog4_request&X-Goog-Date=20260727T214505Z&X-Goog-Expires=259200&X-Goog-
[2026-07-27T11:45] submit: held (SUBMIT_HOLD present)
[2026-07-27T12:00] episodes: no-new
[2026-07-27T12:00] submit: held (SUBMIT_HOLD present)
[2026-07-27T12:15] episodes: no-new
[2026-07-27T12:15] submit: held (SUBMIT_HOLD present)
[2026-07-27T12:30] episodes: no-new
[2026-07-27T12:30] submit: held (SUBMIT_HOLD present)
[2026-07-27T12:45] episodes: no-new
[2026-07-27T12:45] submit: held (SUBMIT_HOLD present)
[2026-07-27T13:00] episodes: no-new
[2026-07-27T13:00] submit: held (SUBMIT_HOLD present)
[2026-07-27T13:15] episodes: no-new
[2026-07-27T13:15] submit: held (SUBMIT_HOLD present)
[2026-07-27T13:30] episodes: no-new
[2026-07-27T13:30] submit: held (SUBMIT_HOLD present)
[2026-07-27T13:45] episodes: no-new
[2026-07-27T13:45] submit: held (SUBMIT_HOLD present)
[2026-07-27T14:00] episodes: no-new
[2026-07-27T14:00] submit: held (SUBMIT_HOLD present)
[2026-07-27T14:17] episodes: harvested:2026-07-27
[2026-07-27T14:17] submit: held (SUBMIT_HOLD present)
[2026-07-27T14:30] episodes: no-new
[2026-07-27T14:30] submit: held (SUBMIT_HOLD present)
[2026-07-27T14:45] episodes: no-new
[2026-07-27T14:45] submit: held (SUBMIT_HOLD present)
[2026-07-27T15:00] episodes: no-new
[2026-07-27T15:00] submit: held (SUBMIT_HOLD present)
[2026-07-27T15:15] episodes: no-new
[2026-07-27T15:15] submit: held (SUBMIT_HOLD present)
[2026-07-27T15:30] episodes: no-new
[2026-07-27T15:30] submit: held (SUBMIT_HOLD present)
[2026-07-27T15:45] episodes: no-new
[2026-07-27T15:45] submit: held (SUBMIT_HOLD present)
[2026-07-27T16:00] episodes: no-new
[2026-07-27T16:00] submit: held (SUBMIT_HOLD present)
[2026-07-27T16:15] episodes: no-new
[2026-07-27T16:15] submit: held (SUBMIT_HOLD present)
[2026-07-27T16:30] episodes: no-new
[2026-07-27T16:30] submit: held (SUBMIT_HOLD present)
[2026-07-27T16:45] episodes: no-new
[2026-07-27T16:45] submit: held (SUBMIT_HOLD present)
[2026-07-27T17:00] episodes: no-new
[2026-07-27T17:00] submit: held (SUBMIT_HOLD present)
[2026-07-27T17:15] episodes: no-new
[2026-07-27T17:15] submit: held (SUBMIT_HOLD present)
[2026-07-27T17:30] episodes: no-new
[2026-07-27T17:30] submit: held (SUBMIT_HOLD present)
[2026-07-27T17:45] episodes: no-new
[2026-07-27T17:45] submit: held (SUBMIT_HOLD present)
[2026-07-27T18:00] episodes: no-new
[2026-07-27T18:00] submit: held (SUBMIT_HOLD present)
[2026-07-27T18:15] episodes: no-new
[2026-07-27T18:15] submit: held (SUBMIT_HOLD present)
[2026-07-27T18:30] episodes: no-new
[2026-07-27T18:30] submit: held (SUBMIT_HOLD present)
[2026-07-27T18:45] episodes: no-new
[2026-07-27T18:45] submit: held (SUBMIT_HOLD present)
[2026-07-27T19:00] episodes: no-new
[2026-07-27T19:00] submit: held (SUBMIT_HOLD present)
[2026-07-27T19:15] episodes: no-new
[2026-07-27T19:15] submit: held (SUBMIT_HOLD present)
[2026-07-27T19:30] episodes: no-new
[2026-07-27T19:30] submit: held (SUBMIT_HOLD present)
[2026-07-27T19:45] episodes: no-new
[2026-07-27T19:45] submit: held (SUBMIT_HOLD present)
[2026-07-27T20:00] episodes: no-new
[2026-07-27T20:00] submit: held (SUBMIT_HOLD present)
[2026-07-27T20:15] episodes: no-new
[2026-07-27T20:15] submit: held (SUBMIT_HOLD present)
[2026-07-27T20:30] episodes: no-new
[2026-07-27T20:30] submit: held (SUBMIT_HOLD present)
[2026-07-27T20:45] episodes: no-new
[2026-07-27T20:45] submit: held (SUBMIT_HOLD present)
[2026-07-27T21:00] episodes: no-new
[2026-07-27T21:00] submit: held (SUBMIT_HOLD present)
[2026-07-27T21:15] episodes: no-new
[2026-07-27T21:15] submit: held (SUBMIT_HOLD present)
[2026-07-27T21:30] episodes: no-new
[2026-07-27T21:30] submit: held (SUBMIT_HOLD present)
[2026-07-27T21:45] episodes: no-new
[2026-07-27T21:45] submit: held (SUBMIT_HOLD present)
[2026-07-27T22:00] episodes: no-new
[2026-07-27T22:00] submit: held (SUBMIT_HOLD present)
[2026-07-27T22:15] episodes: no-new
[2026-07-27T22:15] submit: held (SUBMIT_HOLD present)
[2026-07-27T22:30] episodes: no-new
[2026-07-27T22:30] submit: held (SUBMIT_HOLD present)
[2026-07-27T22:45] episodes: no-new
[2026-07-27T22:45] submit: held (SUBMIT_HOLD present)
[2026-07-27T23:00] episodes: no-new
[2026-07-27T23:00] submit: held (SUBMIT_HOLD present)
[2026-07-27T23:15] episodes: no-new
[2026-07-27T23:15] submit: held (SUBMIT_HOLD present)
[2026-07-27T23:30] episodes: no-new
[2026-07-27T23:30] submit: held (SUBMIT_HOLD present)
[2026-07-27T23:45] episodes: no-new
[2026-07-27T23:45] submit: held (SUBMIT_HOLD present)
[2026-07-28T00:00] episodes: no-new
[2026-07-28T00:00] submit: held (SUBMIT_HOLD present)
[2026-07-28T00:15] episodes: no-new
[2026-07-28T00:15] submit: held (SUBMIT_HOLD present)
[2026-07-28T00:30] episodes: no-new
[2026-07-28T00:30] submit: held (SUBMIT_HOLD present)
[2026-07-28T00:45] episodes: no-new
[2026-07-28T00:45] submit: held (SUBMIT_HOLD present)
[2026-07-28T01:00] episodes: no-new
[2026-07-28T01:00] submit: held (SUBMIT_HOLD present)
[2026-07-28T01:15] episodes: no-new
[2026-07-28T01:15] submit: held (SUBMIT_HOLD present)
[2026-07-28T01:30] episodes: no-new
[2026-07-28T01:30] submit: held (SUBMIT_HOLD present)
[2026-07-28T01:45] episodes: no-new
[2026-07-28T01:45] submit: held (SUBMIT_HOLD present)
[2026-07-28T02:00] episodes: no-new
[2026-07-28T02:00] submit: held (SUBMIT_HOLD present)
[2026-07-28T02:15] episodes: no-new
[2026-07-28T02:15] submit: held (SUBMIT_HOLD present)
[2026-07-28T02:30] episodes: no-new
[2026-07-28T02:30] submit: held (SUBMIT_HOLD present)
[2026-07-28T02:45] episodes: no-new
[2026-07-28T02:45] submit: held (SUBMIT_HOLD present)
[2026-07-28T03:00] episodes: no-new
[2026-07-28T03:00] submit: held (SUBMIT_HOLD present)
[2026-07-28T03:15] episodes: no-new
[2026-07-28T03:15] submit: held (SUBMIT_HOLD present)
[2026-07-28T03:30] episodes: no-new
[2026-07-28T03:30] submit: held (SUBMIT_HOLD present)
[2026-07-28T03:45] episodes: no-new
[2026-07-28T03:45] submit: held (SUBMIT_HOLD present)
[2026-07-28T04:00] episodes: no-new
[2026-07-28T04:00] submit: held (SUBMIT_HOLD present)
[2026-07-28T04:15] episodes: no-new
[2026-07-28T04:15] submit: held (SUBMIT_HOLD present)
[2026-07-28T04:30] episodes: no-new
[2026-07-28T04:30] submit: held (SUBMIT_HOLD present)
[2026-07-28T04:45] episodes: no-new
[2026-07-28T04:45] submit: held (SUBMIT_HOLD present)
[2026-07-28T05:00] episodes: no-new
[2026-07-28T05:00] submit: held (SUBMIT_HOLD present)
[2026-07-28T05:15] episodes: no-new
[2026-07-28T05:15] submit: held (SUBMIT_HOLD present)
[2026-07-28T05:30] episodes: no-new
[2026-07-28T05:30] submit: held (SUBMIT_HOLD present)
[2026-07-28T05:45] episodes: no-new
[2026-07-28T05:45] submit: held (SUBMIT_HOLD present)
[2026-07-28T06:00] episodes: no-new
[2026-07-28T06:00] submit: held (SUBMIT_HOLD present)
[2026-07-28T06:15] episodes: no-new
[2026-07-28T06:15] submit: held (SUBMIT_HOLD present)
[2026-07-28T06:30] episodes: no-new
[2026-07-28T06:30] submit: held (SUBMIT_HOLD present)
[2026-07-28T06:45] episodes: no-new
[2026-07-28T06:45] submit: held (SUBMIT_HOLD present)
[2026-07-28T07:00] episodes: no-new
[2026-07-28T07:00] submit: held (SUBMIT_HOLD present)
[2026-07-28T07:15] episodes: no-new
[2026-07-28T07:15] submit: held (SUBMIT_HOLD present)
[2026-07-28T07:30] episodes: no-new
[2026-07-28T07:30] submit: held (SUBMIT_HOLD present)
[2026-07-28T07:45] episodes: no-new
[2026-07-28T07:45] submit: held (SUBMIT_HOLD present)
[2026-07-28T08:00] episodes: no-new
[2026-07-28T08:00] submit: held (SUBMIT_HOLD present)
[2026-07-28T08:15] episodes: no-new
[2026-07-28T08:15] submit: held (SUBMIT_HOLD present)
[2026-07-28T08:30] episodes: no-new
[2026-07-28T08:30] submit: held (SUBMIT_HOLD present)
[2026-07-28T08:45] episodes: no-new
[2026-07-28T08:45] submit: held (SUBMIT_HOLD present)
[2026-07-28T09:00] episodes: no-new
[2026-07-28T09:00] submit: held (SUBMIT_HOLD present)
[2026-07-28T09:15] episodes: no-new
[2026-07-28T09:15] submit: held (SUBMIT_HOLD present)
[2026-07-28T09:30] episodes: no-new
[2026-07-28T09:30] submit: held (SUBMIT_HOLD present)
[2026-07-28T09:45] episodes: no-new
[2026-07-28T09:45] submit: held (SUBMIT_HOLD present)
[2026-07-28T10:00] episodes: no-new
[2026-07-28T10:00] submit: held (SUBMIT_HOLD present)
[2026-07-28T10:15] episodes: no-new
[2026-07-28T10:15] submit: held (SUBMIT_HOLD present)
[2026-07-28T10:30] episodes: no-new
[2026-07-28T10:30] submit: held (SUBMIT_HOLD present)
[2026-07-28T10:45] episodes: no-new
[2026-07-28T10:45] submit: held (SUBMIT_HOLD present)
[2026-07-28T11:00] episodes: no-new
[2026-07-28T11:00] submit: held (SUBMIT_HOLD present)
[2026-07-28T11:15] episodes: no-new
[2026-07-28T11:15] submit: held (SUBMIT_HOLD present)
[2026-07-28T11:30] episodes: no-new
[2026-07-28T11:30] submit: held (SUBMIT_HOLD present)
[2026-07-28T11:45] episodes: no-new
[2026-07-28T11:45] submit: held (SUBMIT_HOLD present)
[2026-07-28T12:00] episodes: no-new
[2026-07-28T12:00] submit: held (SUBMIT_HOLD present)
[2026-07-28T12:15] episodes: no-new
[2026-07-28T12:15] submit: held (SUBMIT_HOLD present)
[2026-07-28T12:30] episodes: no-new
[2026-07-28T12:30] submit: held (SUBMIT_HOLD present)
[2026-07-28T12:45] episodes: no-new
[2026-07-28T12:45] submit: held (SUBMIT_HOLD present)
[2026-07-28T13:00] episodes: no-new
[2026-07-28T13:00] submit: held (SUBMIT_HOLD present)
[2026-07-28T13:15] episodes: no-new
[2026-07-28T13:15] submit: held (SUBMIT_HOLD present)
[2026-07-28T13:30] episodes: no-new
[2026-07-28T13:30] submit: held (SUBMIT_HOLD present)
[2026-07-28T13:45] episodes: no-new
[2026-07-28T13:45] submit: held (SUBMIT_HOLD present)
[2026-07-28T14:00] episodes: no-new
[2026-07-28T14:00] submit: held (SUBMIT_HOLD present)
[2026-07-28T14:15] episodes: error:RuntimeError('kaggle CLI failed (1): 404 Client Error: Not Found for url: https://api.kaggle.com/v1/datasets.DatasetApiService/DownloadDataset')
[2026-07-28T14:15] submit: held (SUBMIT_HOLD present)
[2026-07-28T14:32] episodes: harvested:2026-07-28
[2026-07-28T14:32] submit: held (SUBMIT_HOLD present)
[2026-07-28T14:45] episodes: no-new
[2026-07-28T14:45] submit: held (SUBMIT_HOLD present)
[2026-07-28T15:00] episodes: no-new
[2026-07-28T15:00] submit: held (SUBMIT_HOLD present)
[2026-07-28T15:15] episodes: no-new
[2026-07-28T15:15] submit: held (SUBMIT_HOLD present)
[2026-07-28T15:30] episodes: no-new
[2026-07-28T15:30] submit: held (SUBMIT_HOLD present)
[2026-07-28T15:45] episodes: no-new
[2026-07-28T15:45] submit: held (SUBMIT_HOLD present)
[2026-07-28T16:00] episodes: no-new
[2026-07-28T16:00] submit: held (SUBMIT_HOLD present)
[2026-07-28T16:15] episodes: no-new
[2026-07-28T16:15] submit: held (SUBMIT_HOLD present)
[2026-07-28T16:30] episodes: no-new
[2026-07-28T16:30] submit: held (SUBMIT_HOLD present)
[2026-07-28T16:45] episodes: no-new
[2026-07-28T16:45] submit: held (SUBMIT_HOLD present)
[2026-07-28T17:00] episodes: no-new
[2026-07-28T17:00] submit: held (SUBMIT_HOLD present)
[2026-07-28T17:15] episodes: no-new
[2026-07-28T17:15] submit: held (SUBMIT_HOLD present)
[2026-07-28T17:30] episodes: no-new
[2026-07-28T17:30] submit: held (SUBMIT_HOLD present)
[2026-07-28T17:45] episodes: no-new
[2026-07-28T17:45] submit: held (SUBMIT_HOLD present)
[2026-07-28T18:00] episodes: no-new
[2026-07-28T18:00] submit: held (SUBMIT_HOLD present)
[2026-07-28T18:15] episodes: no-new
[2026-07-28T18:15] submit: held (SUBMIT_HOLD present)
[2026-07-28T18:30] episodes: no-new
[2026-07-28T18:30] submit: held (SUBMIT_HOLD present)
[2026-07-28T18:45] episodes: no-new
[2026-07-28T18:45] submit: held (SUBMIT_HOLD present)
[2026-07-28T19:00] episodes: no-new
[2026-07-28T19:00] submit: held (SUBMIT_HOLD present)
[2026-07-28T19:15] episodes: no-new
[2026-07-28T19:15] submit: held (SUBMIT_HOLD present)
[2026-07-28T19:30] episodes: no-new
[2026-07-28T19:30] submit: held (SUBMIT_HOLD present)
[2026-07-28T19:45] episodes: no-new
[2026-07-28T19:45] submit: held (SUBMIT_HOLD present)
[2026-07-28T20:00] episodes: no-new
[2026-07-28T20:00] submit: held (SUBMIT_HOLD present)
[2026-07-28T20:15] episodes: no-new
[2026-07-28T20:15] submit: held (SUBMIT_HOLD present)
[2026-07-28T20:30] episodes: no-new
[2026-07-28T20:30] submit: held (SUBMIT_HOLD present)
[2026-07-28T20:45] episodes: no-new
[2026-07-28T20:45] submit: held (SUBMIT_HOLD present)
[2026-07-28T21:00] episodes: no-new
[2026-07-28T21:00] submit: held (SUBMIT_HOLD present)
[2026-07-28T21:15] episodes: no-new
[2026-07-28T21:15] submit: held (SUBMIT_HOLD present)
[2026-07-28T21:30] episodes: no-new
[2026-07-28T21:30] submit: held (SUBMIT_HOLD present)
[2026-07-28T21:45] episodes: no-new
[2026-07-28T21:45] submit: held (SUBMIT_HOLD present)
[2026-07-28T22:00] episodes: no-new
[2026-07-28T22:00] submit: held (SUBMIT_HOLD present)
[2026-07-28T22:15] episodes: no-new
[2026-07-28T22:15] submit: held (SUBMIT_HOLD present)
[2026-07-28T22:30] episodes: no-new
[2026-07-28T22:30] submit: held (SUBMIT_HOLD present)
[2026-07-28T22:45] episodes: no-new
[2026-07-28T22:45] submit: held (SUBMIT_HOLD present)
[2026-07-28T23:00] episodes: no-new
[2026-07-28T23:00] submit: held (SUBMIT_HOLD present)
[2026-07-28T23:15] episodes: no-new
[2026-07-28T23:15] submit: held (SUBMIT_HOLD present)
[2026-07-28T23:30] episodes: no-new
[2026-07-28T23:30] submit: held (SUBMIT_HOLD present)
[2026-07-28T23:45] episodes: no-new
[2026-07-28T23:45] submit: held (SUBMIT_HOLD present)
[2026-07-29T00:00] episodes: no-new
[2026-07-29T00:00] submit: held (SUBMIT_HOLD present)
[2026-07-29T00:15] episodes: no-new
[2026-07-29T00:15] submit: held (SUBMIT_HOLD present)
[2026-07-29T00:30] episodes: no-new
[2026-07-29T00:30] submit: held (SUBMIT_HOLD present)
[2026-07-29T00:45] episodes: no-new
[2026-07-29T00:45] submit: held (SUBMIT_HOLD present)
[2026-07-29T01:00] episodes: no-new
[2026-07-29T01:00] submit: held (SUBMIT_HOLD present)
[2026-07-29T01:15] episodes: no-new
[2026-07-29T01:15] submit: held (SUBMIT_HOLD present)
[2026-07-29T01:30] episodes: no-new
[2026-07-29T01:30] submit: held (SUBMIT_HOLD present)
[2026-07-29T01:45] episodes: no-new
[2026-07-29T01:45] submit: held (SUBMIT_HOLD present)
[2026-07-29T02:00] episodes: no-new
[2026-07-29T02:00] submit: held (SUBMIT_HOLD present)
[2026-07-29T02:15] episodes: no-new
[2026-07-29T02:15] submit: held (SUBMIT_HOLD present)
[2026-07-29T02:30] episodes: no-new
[2026-07-29T02:30] submit: held (SUBMIT_HOLD present)
[2026-07-29T02:45] episodes: no-new
[2026-07-29T02:45] submit: held (SUBMIT_HOLD present)
[2026-07-29T03:00] episodes: no-new
[2026-07-29T03:00] submit: held (SUBMIT_HOLD present)
[2026-07-29T03:15] episodes: no-new
[2026-07-29T03:15] submit: held (SUBMIT_HOLD present)
[2026-07-29T03:30] episodes: no-new
[2026-07-29T03:30] submit: held (SUBMIT_HOLD present)
[2026-07-29T03:45] episodes: no-new
[2026-07-29T03:45] submit: held (SUBMIT_HOLD present)
[2026-07-29T04:00] episodes: no-new
[2026-07-29T04:00] submit: held (SUBMIT_HOLD present)
[2026-07-29T04:15] episodes: no-new
[2026-07-29T04:15] submit: held (SUBMIT_HOLD present)
[2026-07-29T04:30] episodes: no-new
[2026-07-29T04:30] submit: held (SUBMIT_HOLD present)
[2026-07-29T04:45] episodes: no-new
[2026-07-29T04:45] submit: held (SUBMIT_HOLD present)
[2026-07-29T05:00] episodes: no-new
[2026-07-29T05:00] submit: held (SUBMIT_HOLD present)
[2026-07-29T05:15] episodes: no-new
[2026-07-29T05:15] submit: held (SUBMIT_HOLD present)
[2026-07-29T05:30] episodes: no-new
[2026-07-29T05:30] submit: held (SUBMIT_HOLD present)
[2026-07-29T05:45] episodes: no-new
[2026-07-29T05:45] submit: held (SUBMIT_HOLD present)
[2026-07-29T06:00] episodes: no-new
[2026-07-29T06:00] submit: held (SUBMIT_HOLD present)
[2026-07-29T06:15] episodes: no-new
[2026-07-29T06:15] submit: held (SUBMIT_HOLD present)
[2026-07-29T06:30] episodes: no-new
[2026-07-29T06:30] submit: held (SUBMIT_HOLD present)
[2026-07-29T06:45] episodes: no-new
[2026-07-29T06:45] submit: held (SUBMIT_HOLD present)
[2026-07-29T07:00] episodes: no-new
[2026-07-29T07:00] submit: held (SUBMIT_HOLD present)
[2026-07-29T07:15] episodes: no-new
[2026-07-29T07:15] submit: held (SUBMIT_HOLD present)
[2026-07-29T07:30] episodes: no-new
[2026-07-29T07:30] submit: held (SUBMIT_HOLD present)
[2026-07-29T07:45] episodes: no-new
[2026-07-29T07:45] submit: held (SUBMIT_HOLD present)
[2026-07-29T08:00] episodes: no-new
[2026-07-29T08:00] submit: held (SUBMIT_HOLD present)
[2026-07-29T08:15] episodes: no-new
[2026-07-29T08:15] submit: held (SUBMIT_HOLD present)
[2026-07-29T08:30] episodes: no-new
[2026-07-29T08:30] submit: held (SUBMIT_HOLD present)
[2026-07-29T08:45] episodes: no-new
[2026-07-29T08:45] submit: held (SUBMIT_HOLD present)
[2026-07-29T09:00] episodes: no-new
[2026-07-29T09:00] submit: held (SUBMIT_HOLD present)
[2026-07-29T09:15] episodes: no-new
[2026-07-29T09:15] submit: held (SUBMIT_HOLD present)
[2026-07-29T09:30] episodes: no-new
[2026-07-29T09:30] submit: held (SUBMIT_HOLD present)
[2026-07-29T09:45] episodes: no-new
[2026-07-29T09:45] submit: held (SUBMIT_HOLD present)
[2026-07-29T10:00] episodes: no-new
[2026-07-29T10:00] submit: held (SUBMIT_HOLD present)
[2026-07-29T10:15] episodes: no-new
[2026-07-29T10:15] submit: held (SUBMIT_HOLD present)
[2026-07-29T10:30] episodes: no-new
[2026-07-29T10:30] submit: held (SUBMIT_HOLD present)
[2026-07-29T10:45] episodes: no-new
[2026-07-29T10:45] submit: held (SUBMIT_HOLD present)
[2026-07-29T11:00] episodes: no-new
[2026-07-29T11:00] submit: held (SUBMIT_HOLD present)
[2026-07-29T11:15] episodes: no-new
[2026-07-29T11:15] submit: held (SUBMIT_HOLD present)
[2026-07-29T11:30] episodes: no-new
[2026-07-29T11:30] submit: held (SUBMIT_HOLD present)
[2026-07-29T11:45] episodes: no-new
[2026-07-29T11:45] submit: held (SUBMIT_HOLD present)
[2026-07-29T12:00] episodes: no-new
[2026-07-29T12:00] submit: held (SUBMIT_HOLD present)
[2026-07-29T12:15] episodes: no-new
[2026-07-29T12:15] submit: held (SUBMIT_HOLD present)
[2026-07-29T12:30] episodes: no-new
[2026-07-29T12:30] submit: held (SUBMIT_HOLD present)
[2026-07-29T12:45] episodes: no-new
[2026-07-29T12:45] submit: held (SUBMIT_HOLD present)
[2026-07-29T13:00] episodes: no-new
[2026-07-29T13:00] submit: held (SUBMIT_HOLD present)
[2026-07-29T13:15] episodes: no-new
[2026-07-29T13:15] submit: held (SUBMIT_HOLD present)
[2026-07-29T13:30] episodes: no-new
[2026-07-29T13:30] submit: held (SUBMIT_HOLD present)
[2026-07-29T13:45] episodes: no-new
[2026-07-29T13:45] submit: held (SUBMIT_HOLD present)
[2026-07-29T14:00] episodes: no-new
[2026-07-29T14:00] submit: held (SUBMIT_HOLD present)
[2026-07-29T14:15] episodes: no-new
[2026-07-29T14:15] submit: held (SUBMIT_HOLD present)
[2026-07-29T14:32] episodes: harvested:2026-07-29
[2026-07-29T14:32] submit: held (SUBMIT_HOLD present)
[2026-07-29T14:45] episodes: no-new
[2026-07-29T14:45] submit: held (SUBMIT_HOLD present)
[2026-07-29T15:00] episodes: no-new
[2026-07-29T15:00] submit: held (SUBMIT_HOLD present)
[2026-07-29T15:15] episodes: no-new
[2026-07-29T15:15] submit: held (SUBMIT_HOLD present)
[2026-07-29T15:30] episodes: no-new
[2026-07-29T15:30] submit: held (SUBMIT_HOLD present)
[2026-07-29T15:45] episodes: no-new
[2026-07-29T15:45] submit: held (SUBMIT_HOLD present)
[2026-07-29T16:00] episodes: no-new
[2026-07-29T16:00] submit: held (SUBMIT_HOLD present)
[2026-07-29T16:15] episodes: no-new
[2026-07-29T16:15] submit: held (SUBMIT_HOLD present)
[2026-07-29T16:30] episodes: no-new
[2026-07-29T16:30] submit: held (SUBMIT_HOLD present)
[2026-07-29T16:45] episodes: no-new
[2026-07-29T16:45] submit: held (SUBMIT_HOLD present)
[2026-07-29T17:00] episodes: no-new
[2026-07-29T17:00] submit: held (SUBMIT_HOLD present)
[2026-07-29T17:15] episodes: no-new
[2026-07-29T17:15] submit: held (SUBMIT_HOLD present)
[2026-07-29T17:30] episodes: no-new
[2026-07-29T17:30] submit: held (SUBMIT_HOLD present)
[2026-07-29T17:45] episodes: no-new
[2026-07-29T17:45] submit: held (SUBMIT_HOLD present)
[2026-07-29T18:00] episodes: no-new
[2026-07-29T18:00] submit: held (SUBMIT_HOLD present)
[2026-07-29T18:15] episodes: no-new
[2026-07-29T18:15] submit: held (SUBMIT_HOLD present)
[2026-07-29T18:30] episodes: no-new
[2026-07-29T18:30] submit: held (SUBMIT_HOLD present)
[2026-07-29T18:45] episodes: error:RuntimeError("kaggle CLI failed (1): HTTPSConnectionPool(host='api.kaggle.com', port=443): Max retries exceeded with url: /v1/datasets.DatasetApiService/DownloadDataset (Caused by SSLError(SSLEOFError(8, '[SSL: UNEXPECTED_EOF_WHILE_READING] EOF occurred in violation of protocol (_ssl.c:1028)')))")
[2026-07-29T18:45] submit: held (SUBMIT_HOLD present)
[2026-07-29T19:00] episodes: no-new
[2026-07-29T19:00] submit: held (SUBMIT_HOLD present)
[2026-07-29T19:15] episodes: no-new
[2026-07-29T19:15] submit: held (SUBMIT_HOLD present)
[2026-07-29T19:30] episodes: no-new
[2026-07-29T19:30] submit: held (SUBMIT_HOLD present)
[2026-07-29T19:45] episodes: no-new
[2026-07-29T19:45] submit: held (SUBMIT_HOLD present)
[2026-07-29T20:00] episodes: no-new
[2026-07-29T20:00] submit: held (SUBMIT_HOLD present)
[2026-07-29T20:15] episodes: no-new
[2026-07-29T20:15] submit: held (SUBMIT_HOLD present)
[2026-07-29T20:30] episodes: no-new
[2026-07-29T20:30] submit: held (SUBMIT_HOLD present)
[2026-07-29T20:45] episodes: no-new
[2026-07-29T20:45] submit: held (SUBMIT_HOLD present)
[2026-07-29T21:00] episodes: no-new
[2026-07-29T21:00] submit: held (SUBMIT_HOLD present)
[2026-07-29T21:15] episodes: no-new
[2026-07-29T21:15] submit: held (SUBMIT_HOLD present)
[2026-07-29T21:30] episodes: no-new
[2026-07-29T21:30] submit: held (SUBMIT_HOLD present)
[2026-07-29T21:45] episodes: no-new
[2026-07-29T21:45] submit: held (SUBMIT_HOLD present)
[2026-07-29T22:00] episodes: no-new
[2026-07-29T22:00] submit: held (SUBMIT_HOLD present)
[2026-07-29T22:15] episodes: error:RuntimeError("kaggle CLI failed (1): HTTPSConnectionPool(host='storage.googleapis.com', port=443): Max retries exceeded with url: /kaggle-data-sets/10788915/18455810/bundle/archive.zip?X-Goog-Algorithm=GOOG4-RSA-SHA256&X-Goog-Credential=gcp-kaggle-com%40kaggle-161607.iam.gserviceaccount.com%2F20260730%2Fauto%2Fstorage%2Fgoog4_request&X-Goog-Date=20260730T081514Z&X-Goog-Expires=259200&X-Goog-
[2026-07-29T22:15] submit: held (SUBMIT_HOLD present)
[2026-07-29T22:30] paused
[2026-07-29T22:45] paused
[2026-07-29T23:00] paused
[2026-07-29T23:15] paused
[2026-07-29T23:30] paused
[2026-07-29T23:45] paused
[2026-07-30T00:00] paused
[2026-07-30T00:15] paused
[2026-07-30T00:30] paused
[2026-07-30T00:45] paused
[2026-07-30T01:00] paused
[2026-07-30T01:15] paused
[2026-07-30T01:30] paused
[2026-07-30T01:45] paused
[2026-07-30T02:00] paused
[2026-07-30T02:15] paused
[2026-07-30T02:30] paused
[2026-07-30T02:45] paused
[2026-07-30T03:00] paused
[2026-07-30T03:15] paused
[2026-07-30T03:30] paused
[2026-07-30T03:45] paused
[2026-07-30T04:00] paused
[2026-07-30T04:15] paused
[2026-07-30T04:30] paused
[2026-07-30T04:45] paused
[2026-07-30T05:00] paused
[2026-07-30T05:15] paused
[2026-07-30T05:30] paused
[2026-07-30T05:45] paused
[2026-07-30T06:00] paused
[2026-07-30T06:15] paused
[2026-07-30T06:30] paused
[2026-07-30T06:45] paused
[2026-07-30T07:00] paused
[2026-07-30T07:15] paused
[2026-07-30T07:30] paused
[2026-07-30T07:45] paused
[2026-07-30T08:00] paused
[2026-07-30T08:15] episodes: no-new
[2026-07-30T08:15] submit: no-op
[2026-07-30T08:30] episodes: no-new
[2026-07-30T08:30] submit: no-op
[2026-07-30T08:45] episodes: no-new
[2026-07-30T08:45] submit: no-op
[2026-07-30T09:00] episodes: no-new
[2026-07-30T09:00] submit: no-op
[2026-07-30T09:15] episodes: no-new
[2026-07-30T09:15] submit: no-op
[2026-07-30T09:30] episodes: no-new
[2026-07-30T09:30] submit: no-op
[2026-07-30T09:45] episodes: no-new
[2026-07-30T09:45] submit: no-op
[2026-07-30T10:00] episodes: no-new
[2026-07-30T10:00] submit: no-op
[2026-07-30T10:15] episodes: no-new
[2026-07-30T10:15] submit: no-op
[2026-07-30T10:30] episodes: no-new
[2026-07-30T10:30] submit: no-op
[2026-07-30T10:45] episodes: no-new
[2026-07-30T10:45] submit: no-op
[2026-07-30T11:00] episodes: no-new
[2026-07-30T11:00] submit: no-op
[2026-07-30T11:15] episodes: no-new
[2026-07-30T11:15] submit: no-op
[2026-07-30T11:30] episodes: no-new
[2026-07-30T11:30] submit: no-op
[2026-07-30T11:45] episodes: no-new
[2026-07-30T11:45] submit: no-op
[2026-07-30T12:00] episodes: no-new
[2026-07-30T12:00] submit: no-op
[2026-07-30T12:15] episodes: no-new
[2026-07-30T12:15] submit: no-op
[2026-07-30T12:30] episodes: no-new
[2026-07-30T12:30] submit: no-op
[2026-07-30T12:45] episodes: no-new
[2026-07-30T12:45] submit: no-op
[2026-07-30T13:00] episodes: no-new
[2026-07-30T13:00] submit: no-op
[2026-07-30T13:15] episodes: no-new
[2026-07-30T13:15] submit: no-op
[2026-07-30T13:30] episodes: no-new
[2026-07-30T13:30] submit: no-op
[2026-07-30T13:45] episodes: no-new
[2026-07-30T13:45] submit: no-op
[2026-07-30T14:00] episodes: no-new
[2026-07-30T14:00] submit: no-op
[2026-07-30T14:17] episodes: harvested:2026-07-30
[2026-07-30T14:17] submit: no-op
[2026-07-30T14:30] episodes: no-new
[2026-07-30T14:30] submit: no-op
[2026-07-30T14:45] episodes: no-new
[2026-07-30T14:45] submit: no-op
[2026-07-30T15:00] episodes: no-new
[2026-07-30T15:00] submit: no-op
[2026-07-30T15:15] episodes: no-new
[2026-07-30T15:15] submit: no-op
[2026-07-30T15:30] episodes: no-new
[2026-07-30T15:30] submit: no-op
[2026-07-30T15:45] episodes: no-new
[2026-07-30T15:45] submit: no-op
[2026-07-30T16:00] episodes: no-new
[2026-07-30T16:00] submit: no-op
[2026-07-30T16:15] episodes: no-new
[2026-07-30T16:15] submit: no-op
[2026-07-30T16:30] episodes: no-new
[2026-07-30T16:30] submit: no-op
[2026-07-30T16:45] episodes: no-new
[2026-07-30T16:45] submit: no-op
[2026-07-30T17:00] episodes: no-new
[2026-07-30T17:00] submit: no-op
[2026-07-30T17:15] episodes: no-new
[2026-07-30T17:15] submit: no-op
[2026-07-30T17:30] episodes: no-new
[2026-07-30T17:30] submit: tournament-champion-v0.1=submitted
[2026-07-30T17:45] episodes: no-new
[2026-07-30T17:45] submit: no-op
[2026-07-30T18:00] episodes: no-new
[2026-07-30T18:00] submit: no-op
[2026-07-30T18:15] episodes: no-new
[2026-07-30T18:15] submit: no-op
[2026-07-30T18:30] episodes: no-new
[2026-07-30T18:30] submit: no-op
[2026-07-30T18:45] episodes: no-new
[2026-07-30T18:45] submit: no-op
[2026-07-30T19:00] episodes: no-new
[2026-07-30T19:00] submit: no-op
[2026-07-30T19:15] episodes: no-new
[2026-07-30T19:15] submit: no-op
[2026-07-30T19:30] episodes: no-new
[2026-07-30T19:30] submit: no-op
[2026-07-30T19:45] episodes: no-new
[2026-07-30T19:45] submit: no-op
[2026-07-30T20:00] episodes: no-new
[2026-07-30T20:00] submit: no-op
[2026-07-30T20:15] episodes: no-new
[2026-07-30T20:15] submit: no-op
[2026-07-30T20:30] episodes: no-new
[2026-07-30T20:30] submit: no-op
[2026-07-30T20:45] episodes: no-new
[2026-07-30T20:45] submit: no-op
[2026-07-30T21:00] episodes: no-new
[2026-07-30T21:00] submit: no-op
[2026-07-30T21:15] episodes: no-new
[2026-07-30T21:15] submit: no-op
[2026-07-30T21:30] episodes: no-new
[2026-07-30T21:30] submit: no-op
[2026-07-30T21:45] episodes: no-new
[2026-07-30T21:45] submit: no-op
[2026-07-30T22:00] episodes: no-new
[2026-07-30T22:00] submit: no-op
[2026-07-30T22:15] episodes: no-new
[2026-07-30T22:15] submit: no-op
[2026-07-30T22:30] episodes: no-new
[2026-07-30T22:30] submit: no-op
[2026-07-30T22:45] episodes: no-new
[2026-07-30T22:45] submit: no-op
[2026-07-30T23:00] episodes: no-new
[2026-07-30T23:00] submit: no-op
[2026-07-30T23:15] episodes: no-new
[2026-07-30T23:15] submit: no-op
[2026-07-30T23:30] episodes: no-new
[2026-07-30T23:30] submit: no-op
[2026-07-30T23:45] episodes: no-new
[2026-07-30T23:45] submit: no-op
[2026-07-31T00:00] episodes: no-new
[2026-07-31T00:00] submit: no-op
[2026-07-31T00:15] episodes: no-new
[2026-07-31T00:15] submit: no-op
[2026-07-31T00:30] episodes: no-new
[2026-07-31T00:30] submit: no-op
[2026-07-31T00:45] episodes: no-new
[2026-07-31T00:45] submit: no-op
[2026-07-31T01:00] episodes: no-new
[2026-07-31T01:00] submit: no-op
[2026-07-31T01:15] episodes: no-new
[2026-07-31T01:15] submit: no-op
[2026-07-31T01:30] episodes: no-new
[2026-07-31T01:30] submit: no-op
[2026-07-31T01:45] episodes: no-new
[2026-07-31T01:45] submit: no-op
[2026-07-31T02:00] episodes: no-new
[2026-07-31T02:00] submit: no-op
[2026-07-31T02:15] episodes: no-new
[2026-07-31T02:15] submit: no-op
[2026-07-31T02:30] episodes: no-new
[2026-07-31T02:30] submit: no-op
[2026-07-31T02:45] episodes: no-new
[2026-07-31T02:45] submit: no-op
[2026-07-31T03:00] episodes: no-new
[2026-07-31T03:00] submit: no-op
[2026-07-31T03:15] episodes: no-new
[2026-07-31T03:15] submit: no-op
[2026-07-31T03:30] episodes: no-new
[2026-07-31T03:30] submit: no-op
[2026-07-31T03:45] episodes: no-new
[2026-07-31T03:45] submit: no-op
[2026-07-31T04:00] episodes: no-new
[2026-07-31T04:00] submit: no-op
[2026-07-31T04:15] episodes: no-new
[2026-07-31T04:15] submit: no-op
[2026-07-31T04:30] episodes: no-new
[2026-07-31T04:30] submit: no-op
[2026-07-31T04:45] episodes: no-new
[2026-07-31T04:45] submit: no-op
[2026-07-31T05:00] episodes: no-new
[2026-07-31T05:00] submit: no-op
[2026-07-31T05:15] episodes: no-new
[2026-07-31T05:15] submit: no-op
[2026-07-31T05:30] episodes: no-new
[2026-07-31T05:30] submit: no-op
[2026-07-31T05:45] episodes: no-new
[2026-07-31T05:45] submit: no-op
[2026-07-31T06:00] episodes: no-new
[2026-07-31T06:00] submit: no-op
[2026-07-31T06:15] episodes: no-new
[2026-07-31T06:15] submit: no-op
[2026-07-31T06:30] episodes: no-new
[2026-07-31T06:30] submit: no-op
[2026-07-31T06:45] episodes: no-new
[2026-07-31T06:45] submit: no-op
[2026-07-31T07:00] episodes: no-new
[2026-07-31T07:00] submit: no-op
[2026-07-31T07:15] episodes: no-new
[2026-07-31T07:15] submit: no-op
[2026-07-31T07:30] episodes: no-new
[2026-07-31T07:30] submit: no-op
[2026-07-31T07:45] episodes: no-new
[2026-07-31T07:45] submit: no-op
[2026-07-31T08:00] episodes: no-new
[2026-07-31T08:00] submit: no-op
[2026-07-31T08:15] episodes: no-new
[2026-07-31T08:15] submit: no-op
[2026-07-31T08:30] episodes: no-new
[2026-07-31T08:30] submit: no-op
[2026-07-31T08:45] episodes: no-new
[2026-07-31T08:45] submit: no-op
[2026-07-31T09:00] episodes: no-new
[2026-07-31T09:00] submit: no-op
[2026-07-31T09:15] episodes: no-new
[2026-07-31T09:15] submit: no-op
[2026-07-31T09:30] episodes: no-new
[2026-07-31T09:30] submit: no-op
[2026-07-31T09:45] episodes: no-new
[2026-07-31T09:45] submit: no-op
[2026-07-31T10:00] episodes: no-new
[2026-07-31T10:00] submit: no-op
[2026-07-31T10:15] episodes: no-new
[2026-07-31T10:15] submit: no-op
[2026-07-31T10:30] episodes: no-new
[2026-07-31T10:30] submit: no-op
[2026-07-31T10:45] episodes: no-new
[2026-07-31T10:45] submit: no-op
[2026-07-31T11:00] episodes: no-new
[2026-07-31T11:00] submit: no-op
[2026-07-31T11:15] episodes: no-new
[2026-07-31T11:15] submit: no-op
[2026-07-31T11:30] episodes: no-new
[2026-07-31T11:30] submit: no-op
[2026-07-31T11:45] episodes: no-new
[2026-07-31T11:45] submit: no-op
[2026-07-31T12:00] episodes: no-new
[2026-07-31T12:00] submit: no-op
[2026-07-31T12:15] episodes: no-new
[2026-07-31T12:15] submit: no-op
[2026-07-31T12:30] episodes: no-new
[2026-07-31T12:30] submit: no-op
[2026-07-31T12:45] episodes: no-new
[2026-07-31T12:45] submit: no-op
[2026-07-31T13:00] episodes: no-new
[2026-07-31T13:00] submit: no-op
[2026-07-31T13:15] episodes: no-new
[2026-07-31T13:15] submit: no-op
[2026-07-31T13:30] episodes: no-new
[2026-07-31T13:30] submit: no-op
[2026-07-31T13:45] episodes: no-new
[2026-07-31T13:45] submit: no-op
[2026-07-31T14:00] episodes: no-new
[2026-07-31T14:00] submit: no-op
[2026-07-31T14:17] episodes: harvested:2026-07-31
[2026-07-31T14:17] submit: no-op
[2026-07-31T14:30] episodes: no-new
[2026-07-31T14:30] submit: no-op
[2026-07-31T14:45] episodes: no-new
[2026-07-31T14:45] submit: no-op
[2026-07-31T15:00] episodes: no-new
[2026-07-31T15:00] submit: no-op
[2026-07-31T15:15] episodes: no-new
[2026-07-31T15:15] submit: no-op
[2026-07-31T15:30] episodes: no-new
[2026-07-31T15:30] submit: no-op
[2026-07-31T15:45] episodes: no-new
[2026-07-31T15:45] submit: no-op
[2026-07-31T16:00] episodes: no-new
[2026-07-31T16:00] submit: no-op
[2026-07-31T16:15] episodes: no-new
[2026-07-31T16:15] submit: no-op
[2026-07-31T16:30] episodes: no-new
[2026-07-31T16:30] submit: no-op
[2026-07-31T16:45] episodes: no-new
[2026-07-31T16:45] submit: no-op
[2026-07-31T17:00] episodes: no-new
[2026-07-31T17:00] submit: no-op
[2026-07-31T17:15] episodes: no-new
[2026-07-31T17:15] submit: held (SUBMIT_HOLD present)
[2026-07-31T17:33] episodes: error:RuntimeError("kaggle CLI failed (1): HTTPSConnectionPool(host='api.kaggle.com', port=443): Max retries exceeded with url: /v1/datasets.DatasetApiService/DownloadDataset (Caused by SSLError(SSLEOFError(8, '[SSL: UNEXPECTED_EOF_WHILE_READING] EOF occurred in violation of protocol (_ssl.c:1028)')))")
[2026-07-31T17:33] submit: held (SUBMIT_HOLD present)
[2026-07-31T17:46] episodes: no-new
[2026-07-31T17:46] submit: held (SUBMIT_HOLD present)
[2026-07-31T18:01] episodes: no-new
[2026-07-31T18:01] submit: held (SUBMIT_HOLD present)
[2026-07-31T18:15] episodes: no-new
[2026-07-31T18:15] submit: held (SUBMIT_HOLD present)
[2026-07-31T18:30] episodes: no-new
[2026-07-31T18:30] submit: held (SUBMIT_HOLD present)
[2026-07-31T18:45] episodes: no-new
[2026-07-31T18:45] submit: held (SUBMIT_HOLD present)
[2026-07-31T19:00] episodes: no-new
[2026-07-31T19:00] submit: held (SUBMIT_HOLD present)
[2026-07-31T19:15] episodes: no-new
[2026-07-31T19:15] submit: held (SUBMIT_HOLD present)
[2026-07-31T19:30] episodes: no-new
[2026-07-31T19:30] submit: held (SUBMIT_HOLD present)
[2026-07-31T19:45] episodes: no-new
[2026-07-31T19:45] submit: held (SUBMIT_HOLD present)
[2026-07-31T20:00] episodes: no-new
[2026-07-31T20:00] submit: held (SUBMIT_HOLD present)
[2026-07-31T20:15] episodes: no-new
[2026-07-31T20:15] submit: held (SUBMIT_HOLD present)
[2026-07-31T20:30] episodes: no-new
[2026-07-31T20:30] submit: held (SUBMIT_HOLD present)
[2026-07-31T20:45] episodes: no-new
[2026-07-31T20:45] submit: held (SUBMIT_HOLD present)
[2026-07-31T21:00] episodes: no-new
[2026-07-31T21:00] submit: held (SUBMIT_HOLD present)
[2026-07-31T21:15] episodes: no-new
[2026-07-31T21:15] submit: held (SUBMIT_HOLD present)
[2026-07-31T21:30] episodes: no-new
[2026-07-31T21:30] submit: held (SUBMIT_HOLD present)
[2026-07-31T21:45] episodes: no-new
[2026-07-31T21:45] submit: held (SUBMIT_HOLD present)
[2026-07-31T22:00] episodes: no-new
[2026-07-31T22:00] submit: held (SUBMIT_HOLD present)
[2026-07-31T22:15] episodes: no-new
[2026-07-31T22:15] submit: held (SUBMIT_HOLD present)
[2026-07-31T22:30] episodes: no-new
[2026-07-31T22:30] submit: held (SUBMIT_HOLD present)
[2026-07-31T22:45] episodes: no-new
[2026-07-31T22:45] submit: held (SUBMIT_HOLD present)
[2026-07-31T23:00] episodes: no-new
[2026-07-31T23:00] submit: held (SUBMIT_HOLD present)
[2026-07-31T23:15] episodes: no-new
[2026-07-31T23:15] submit: held (SUBMIT_HOLD present)
[2026-07-31T23:30] episodes: no-new
[2026-07-31T23:30] submit: held (SUBMIT_HOLD present)
[2026-07-31T23:45] episodes: no-new
[2026-07-31T23:45] submit: held (SUBMIT_HOLD present)
[2026-08-01T00:00] episodes: no-new
[2026-08-01T00:00] submit: held (SUBMIT_HOLD present)
[2026-08-01T00:15] episodes: no-new
[2026-08-01T00:15] submit: held (SUBMIT_HOLD present)
[2026-08-01T00:30] episodes: no-new
[2026-08-01T00:30] submit: held (SUBMIT_HOLD present)
[2026-08-01T00:45] episodes: no-new
[2026-08-01T00:45] submit: held (SUBMIT_HOLD present)
[2026-08-01T01:00] episodes: no-new
[2026-08-01T01:00] submit: held (SUBMIT_HOLD present)
[2026-08-01T01:15] episodes: no-new
[2026-08-01T01:15] submit: held (SUBMIT_HOLD present)
[2026-08-01T01:30] episodes: no-new
[2026-08-01T01:30] submit: held (SUBMIT_HOLD present)
[2026-08-01T01:45] episodes: no-new
[2026-08-01T01:45] submit: held (SUBMIT_HOLD present)
[2026-08-01T02:00] episodes: no-new
[2026-08-01T02:00] submit: held (SUBMIT_HOLD present)
[2026-08-01T02:15] episodes: no-new
[2026-08-01T02:15] submit: held (SUBMIT_HOLD present)
[2026-08-01T02:30] episodes: no-new
[2026-08-01T02:30] submit: held (SUBMIT_HOLD present)
[2026-08-01T02:45] episodes: no-new
[2026-08-01T02:45] submit: held (SUBMIT_HOLD present)
[2026-08-01T03:00] episodes: no-new
[2026-08-01T03:00] submit: held (SUBMIT_HOLD present)
[2026-08-01T03:15] episodes: no-new
[2026-08-01T03:15] submit: held (SUBMIT_HOLD present)
[2026-08-01T03:30] episodes: no-new
[2026-08-01T03:30] submit: held (SUBMIT_HOLD present)
[2026-08-01T03:45] episodes: no-new
[2026-08-01T03:45] submit: held (SUBMIT_HOLD present)
[2026-08-01T04:00] episodes: no-new
[2026-08-01T04:00] submit: held (SUBMIT_HOLD present)
[2026-08-01T04:15] episodes: no-new
[2026-08-01T04:15] submit: held (SUBMIT_HOLD present)
[2026-08-01T04:30] episodes: no-new
[2026-08-01T04:30] submit: held (SUBMIT_HOLD present)
[2026-08-01T04:45] episodes: no-new
[2026-08-01T04:45] submit: held (SUBMIT_HOLD present)
[2026-08-01T05:00] episodes: no-new
[2026-08-01T05:00] submit: held (SUBMIT_HOLD present)
[2026-08-01T05:15] episodes: no-new
[2026-08-01T05:15] submit: held (SUBMIT_HOLD present)
[2026-08-01T05:30] episodes: no-new
[2026-08-01T05:30] submit: held (SUBMIT_HOLD present)
[2026-08-01T05:45] episodes: no-new
[2026-08-01T05:45] submit: held (SUBMIT_HOLD present)
[2026-08-01T06:00] episodes: no-new
[2026-08-01T06:00] submit: held (SUBMIT_HOLD present)
[2026-08-01T06:15] episodes: no-new
[2026-08-01T06:15] submit: held (SUBMIT_HOLD present)
[2026-08-01T06:30] episodes: no-new
[2026-08-01T06:30] submit: held (SUBMIT_HOLD present)
[2026-08-01T06:45] episodes: no-new
[2026-08-01T06:45] submit: held (SUBMIT_HOLD present)
[2026-08-01T07:00] episodes: no-new
[2026-08-01T07:00] submit: held (SUBMIT_HOLD present)
[2026-08-01T07:15] episodes: no-new
[2026-08-01T07:15] submit: held (SUBMIT_HOLD present)
[2026-08-01T07:30] episodes: no-new
[2026-08-01T07:30] submit: held (SUBMIT_HOLD present)
[2026-08-01T07:45] episodes: no-new
[2026-08-01T07:45] submit: held (SUBMIT_HOLD present)
[2026-08-01T08:00] episodes: no-new
[2026-08-01T08:00] submit: held (SUBMIT_HOLD present)
[2026-08-01T08:15] episodes: no-new
[2026-08-01T08:15] submit: held (SUBMIT_HOLD present)
[2026-08-01T08:30] episodes: no-new
[2026-08-01T08:30] submit: held (SUBMIT_HOLD present)
[2026-08-01T08:45] episodes: no-new
[2026-08-01T08:45] submit: held (SUBMIT_HOLD present)
[2026-08-01T09:00] episodes: no-new
[2026-08-01T09:00] submit: held (SUBMIT_HOLD present)
[2026-08-01T09:15] episodes: no-new
[2026-08-01T09:15] submit: held (SUBMIT_HOLD present)
[2026-08-01T09:30] episodes: no-new
[2026-08-01T09:30] submit: held (SUBMIT_HOLD present)
[2026-08-01T09:45] episodes: no-new
[2026-08-01T09:45] submit: held (SUBMIT_HOLD present)
[2026-08-01T10:00] episodes: no-new
[2026-08-01T10:00] submit: held (SUBMIT_HOLD present)
[2026-08-01T10:15] episodes: no-new
[2026-08-01T10:15] submit: held (SUBMIT_HOLD present)
[2026-08-01T10:30] episodes: no-new
[2026-08-01T10:30] submit: held (SUBMIT_HOLD present)
[2026-08-01T10:45] episodes: no-new
[2026-08-01T10:45] submit: held (SUBMIT_HOLD present)
[2026-08-01T11:00] episodes: no-new
[2026-08-01T11:00] submit: held (SUBMIT_HOLD present)
[2026-08-01T11:15] episodes: no-new
[2026-08-01T11:15] submit: held (SUBMIT_HOLD present)
[2026-08-01T11:30] episodes: no-new
[2026-08-01T11:30] submit: held (SUBMIT_HOLD present)
[2026-08-01T11:45] episodes: no-new
[2026-08-01T11:45] submit: held (SUBMIT_HOLD present)
[2026-08-01T12:00] episodes: no-new
[2026-08-01T12:00] submit: held (SUBMIT_HOLD present)
[2026-08-01T12:15] episodes: no-new
[2026-08-01T12:15] submit: held (SUBMIT_HOLD present)
[2026-08-01T12:30] episodes: no-new
[2026-08-01T12:30] submit: held (SUBMIT_HOLD present)
[2026-08-01T12:45] episodes: no-new
[2026-08-01T12:45] submit: held (SUBMIT_HOLD present)
[2026-08-01T13:00] episodes: no-new
[2026-08-01T13:00] submit: held (SUBMIT_HOLD present)
[2026-08-01T13:15] episodes: no-new
[2026-08-01T13:15] submit: held (SUBMIT_HOLD present)
[2026-08-01T13:30] episodes: no-new
[2026-08-01T13:30] submit: held (SUBMIT_HOLD present)
[2026-08-01T13:45] episodes: no-new
[2026-08-01T13:45] submit: held (SUBMIT_HOLD present)
[2026-08-01T14:00] episodes: no-new
[2026-08-01T14:00] submit: held (SUBMIT_HOLD present)
[2026-08-01T14:17] episodes: harvested:2026-08-01
[2026-08-01T14:17] submit: held (SUBMIT_HOLD present)
[2026-08-01T14:30] episodes: no-new
[2026-08-01T14:30] submit: held (SUBMIT_HOLD present)
[2026-08-01T14:45] episodes: no-new
[2026-08-01T14:45] submit: held (SUBMIT_HOLD present)
[2026-08-01T15:00] episodes: no-new
[2026-08-01T15:00] submit: held (SUBMIT_HOLD present)
[2026-08-01T15:15] episodes: no-new
[2026-08-01T15:15] submit: held (SUBMIT_HOLD present)
[2026-08-01T15:30] episodes: no-new
[2026-08-01T15:30] submit: held (SUBMIT_HOLD present)
[2026-08-01T15:45] episodes: no-new
[2026-08-01T15:45] submit: held (SUBMIT_HOLD present)
[2026-08-01T16:00] episodes: no-new
[2026-08-01T16:00] submit: held (SUBMIT_HOLD present)
[2026-08-01T16:15] episodes: no-new
[2026-08-01T16:15] submit: held (SUBMIT_HOLD present)
[2026-08-01T16:30] episodes: no-new
[2026-08-01T16:30] submit: held (SUBMIT_HOLD present)
[2026-08-01T16:45] episodes: no-new
[2026-08-01T16:45] submit: held (SUBMIT_HOLD present)
[2026-08-01T17:00] episodes: no-new
[2026-08-01T17:00] submit: held (SUBMIT_HOLD present)
[2026-08-01T17:15] episodes: no-new
[2026-08-01T17:15] submit: held (SUBMIT_HOLD present)
[2026-08-01T17:30] episodes: no-new
[2026-08-01T17:30] submit: held (SUBMIT_HOLD present)
[2026-08-01T17:45] episodes: no-new
[2026-08-01T17:45] submit: held (SUBMIT_HOLD present)
[2026-08-01T18:00] episodes: no-new
[2026-08-01T18:00] submit: held (SUBMIT_HOLD present)
[2026-08-01T18:15] episodes: no-new
[2026-08-01T18:15] submit: held (SUBMIT_HOLD present)
[2026-08-01T18:30] episodes: no-new
[2026-08-01T18:30] submit: held (SUBMIT_HOLD present)
[2026-08-01T18:45] episodes: no-new
[2026-08-01T18:45] submit: held (SUBMIT_HOLD present)
[2026-08-01T19:00] episodes: no-new
[2026-08-01T19:00] submit: held (SUBMIT_HOLD present)
[2026-08-01T19:15] episodes: no-new
[2026-08-01T19:15] submit: held (SUBMIT_HOLD present)
[2026-08-01T19:30] episodes: no-new
[2026-08-01T19:30] submit: held (SUBMIT_HOLD present)
[2026-08-01T19:45] episodes: no-new
[2026-08-01T19:45] submit: held (SUBMIT_HOLD present)
[2026-08-01T20:00] episodes: no-new
[2026-08-01T20:00] submit: held (SUBMIT_HOLD present)
[2026-08-01T20:15] episodes: no-new
[2026-08-01T20:15] submit: held (SUBMIT_HOLD present)
[2026-08-01T20:30] episodes: no-new
[2026-08-01T20:30] submit: held (SUBMIT_HOLD present)
[2026-08-01T20:45] episodes: no-new
[2026-08-01T20:45] submit: held (SUBMIT_HOLD present)
[2026-08-01T21:00] episodes: no-new
[2026-08-01T21:00] submit: held (SUBMIT_HOLD present)
[2026-08-01T21:15] episodes: no-new
[2026-08-01T21:15] submit: held (SUBMIT_HOLD present)
[2026-08-01T21:30] episodes: no-new
[2026-08-01T21:30] submit: held (SUBMIT_HOLD present)
[2026-08-01T21:45] episodes: no-new
[2026-08-01T21:45] submit: held (SUBMIT_HOLD present)
[2026-08-01T22:00] episodes: no-new
[2026-08-01T22:00] submit: held (SUBMIT_HOLD present)
[2026-08-01T22:15] episodes: no-new
[2026-08-01T22:15] submit: held (SUBMIT_HOLD present)
[2026-08-01T22:30] episodes: no-new
[2026-08-01T22:30] submit: held (SUBMIT_HOLD present)
[2026-08-01T22:45] episodes: no-new
[2026-08-01T22:45] submit: held (SUBMIT_HOLD present)
[2026-08-01T23:00] episodes: no-new
[2026-08-01T23:00] submit: held (SUBMIT_HOLD present)
[2026-08-01T23:15] episodes: no-new
[2026-08-01T23:15] submit: held (SUBMIT_HOLD present)
[2026-08-01T23:30] episodes: no-new
[2026-08-01T23:30] submit: held (SUBMIT_HOLD present)
[2026-08-01T23:45] episodes: no-new
[2026-08-01T23:45] submit: GATE=anchor-fail
[2026-08-02T00:00] episodes: no-new
[2026-08-02T00:00] submit: GATE=anchor-fail
[2026-08-02T00:15] episodes: no-new
[2026-08-02T00:15] submit: GATE=anchor-fail
[2026-08-02T00:30] episodes: no-new
[2026-08-02T00:30] submit: GATE=anchor-fail
[2026-08-02T00:45] episodes: no-new
[2026-08-02T00:45] submit: GATE=anchor-fail
[2026-08-02T01:00] episodes: no-new
[2026-08-02T01:00] submit: GATE=anchor-fail
[2026-08-02T01:15] episodes: no-new
[2026-08-02T01:15] submit: GATE=anchor-pending
[2026-08-02T01:30] episodes: no-new
[2026-08-02T01:30] submit: GATE=anchor-fail
[2026-08-02T01:45] episodes: no-new
[2026-08-02T01:45] submit: GATE=anchor-fail
[2026-08-02T02:00] episodes: no-new
[2026-08-02T02:00] submit: GATE=anchor-fail
[2026-08-02T02:15] episodes: no-new
[2026-08-02T02:15] submit: GATE=anchor-fail
[2026-08-02T02:30] episodes: no-new
[2026-08-02T02:30] submit: GATE=anchor-fail
[2026-08-02T02:45] episodes: no-new
[2026-08-02T02:45] submit: GATE=anchor-fail
[2026-08-02T03:00] episodes: no-new
[2026-08-02T03:00] submit: GATE=anchor-fail
[2026-08-02T03:15] episodes: no-new
[2026-08-02T03:15] submit: GATE=anchor-fail
[2026-08-02T03:30] episodes: no-new
[2026-08-02T03:30] submit: GATE=anchor-fail
[2026-08-02T03:45] episodes: no-new
[2026-08-02T03:45] submit: GATE=anchor-fail
[2026-08-02T04:00] episodes: no-new
[2026-08-02T04:00] submit: GATE=anchor-fail
[2026-08-02T04:15] episodes: no-new
[2026-08-02T04:15] submit: GATE=anchor-fail
[2026-08-02T04:30] episodes: no-new
[2026-08-02T04:30] submit: GATE=anchor-fail
[2026-08-02T04:45] episodes: no-new
[2026-08-02T04:45] submit: GATE=anchor-fail
[2026-08-02T05:00] episodes: no-new
[2026-08-02T05:00] submit: GATE=anchor-fail
[2026-08-02T05:15] episodes: no-new
[2026-08-02T05:15] submit: GATE=anchor-fail
[2026-08-02T05:30] episodes: no-new
[2026-08-02T05:30] submit: GATE=anchor-fail
[2026-08-02T05:45] episodes: no-new
[2026-08-02T05:45] submit: GATE=anchor-fail
[2026-08-02T06:00] episodes: no-new
[2026-08-02T06:00] submit: GATE=anchor-fail
[2026-08-02T06:15] episodes: no-new
[2026-08-02T06:15] submit: GATE=anchor-fail
[2026-08-02T06:30] episodes: no-new
[2026-08-02T06:30] submit: GATE=anchor-fail
[2026-08-02T06:45] episodes: no-new
[2026-08-02T06:45] submit: GATE=anchor-fail
[2026-08-02T07:00] episodes: no-new
[2026-08-02T07:00] submit: GATE=anchor-fail
[2026-08-02T07:15] episodes: no-new
[2026-08-02T07:15] submit: GATE=anchor-fail
[2026-08-02T07:30] episodes: no-new
[2026-08-02T07:30] submit: GATE=anchor-fail
[2026-08-02T07:45] episodes: no-new
[2026-08-02T07:45] submit: GATE=anchor-pending
[2026-08-02T08:00] episodes: no-new
[2026-08-02T08:00] submit: GATE=anchor-fail
[2026-08-02T08:15] episodes: no-new
[2026-08-02T08:15] submit: GATE=anchor-fail
[2026-08-02T08:30] episodes: no-new
[2026-08-02T08:30] submit: GATE=anchor-fail
[2026-08-02T08:45] episodes: no-new
[2026-08-02T08:45] submit: GATE=anchor-fail
[2026-08-02T09:00] episodes: no-new
[2026-08-02T09:00] submit: GATE=anchor-fail
[2026-08-02T09:15] episodes: no-new
[2026-08-02T09:15] submit: GATE=anchor-fail
[2026-08-02T09:30] episodes: no-new
[2026-08-02T09:30] submit: GATE=anchor-fail
[2026-08-02T09:45] episodes: no-new
[2026-08-02T09:45] submit: GATE=anchor-fail
[2026-08-02T10:00] episodes: no-new
[2026-08-02T10:00] submit: GATE=anchor-fail
[2026-08-02T10:15] episodes: no-new
[2026-08-02T10:15] submit: GATE=anchor-fail
[2026-08-02T10:30] episodes: no-new
[2026-08-02T10:30] submit: GATE=anchor-fail
[2026-08-02T10:45] episodes: no-new
[2026-08-02T10:45] submit: GATE=anchor-fail
[2026-08-02T11:00] episodes: no-new
[2026-08-02T11:00] submit: GATE=anchor-fail
[2026-08-02T11:15] episodes: no-new
[2026-08-02T11:15] submit: GATE=anchor-fail
[2026-08-02T11:30] episodes: no-new
[2026-08-02T11:30] submit: GATE=anchor-fail
[2026-08-02T11:45] episodes: no-new
[2026-08-02T11:45] submit: GATE=anchor-fail
[2026-08-02T12:00] episodes: no-new
[2026-08-02T12:00] submit: GATE=anchor-fail
[2026-08-02T12:15] episodes: no-new
[2026-08-02T12:15] submit: GATE=anchor-fail
[2026-08-02T12:30] episodes: no-new
[2026-08-02T12:30] submit: GATE=anchor-fail
[2026-08-02T12:45] episodes: no-new
[2026-08-02T12:45] submit: GATE=anchor-fail
[2026-08-02T13:00] episodes: no-new
[2026-08-02T13:00] submit: GATE=anchor-fail
[2026-08-02T13:15] episodes: no-new
[2026-08-02T13:15] submit: GATE=anchor-fail
[2026-08-02T13:30] episodes: no-new
[2026-08-02T13:30] submit: GATE=anchor-fail
[2026-08-02T13:45] episodes: no-new
[2026-08-02T13:45] submit: GATE=anchor-fail
[2026-08-02T14:00] episodes: no-new
[2026-08-02T14:00] submit: GATE=anchor-fail
[2026-08-02T14:15] episodes: error:RuntimeError('kaggle CLI failed (1): 404 Client Error: Not Found for url: https://api.kaggle.com/v1/datasets.DatasetApiService/DownloadDataset')
[2026-08-02T14:15] submit: GATE=anchor-fail
[2026-08-02T14:32] episodes: harvested:2026-08-02
[2026-08-02T14:32] submit: GATE=anchor-fail
[2026-08-02T14:45] episodes: no-new
[2026-08-02T14:45] submit: GATE=anchor-fail
[2026-08-02T15:00] episodes: no-new
[2026-08-02T15:00] submit: GATE=anchor-fail
[2026-08-02T15:15] episodes: no-new
[2026-08-02T15:15] submit: GATE=anchor-fail
[2026-08-02T15:30] episodes: no-new
[2026-08-02T15:30] submit: GATE=anchor-fail
[2026-08-02T15:45] episodes: no-new
[2026-08-02T15:45] submit: GATE=anchor-fail
[2026-08-02T16:00] episodes: no-new
[2026-08-02T16:00] submit: GATE=anchor-fail
[2026-08-02T16:15] episodes: no-new
[2026-08-02T16:15] submit: GATE=anchor-fail
[2026-08-02T16:30] episodes: no-new
[2026-08-02T16:30] submit: GATE=anchor-fail
[2026-08-02T16:45] episodes: no-new
[2026-08-02T16:45] submit: GATE=anchor-fail
[2026-08-02T17:00] episodes: no-new
[2026-08-02T17:00] submit: GATE=anchor-fail
[2026-08-02T17:15] episodes: no-new
[2026-08-02T17:15] submit: GATE=anchor-fail
[2026-08-02T17:30] episodes: no-new
[2026-08-02T17:30] submit: GATE=anchor-fail
[2026-08-02T17:45] episodes: no-new
[2026-08-02T17:45] submit: GATE=anchor-fail
[2026-08-02T18:00] episodes: no-new
[2026-08-02T18:00] submit: GATE=anchor-fail
[2026-08-02T18:15] episodes: no-new
[2026-08-02T18:15] submit: GATE=anchor-fail
[2026-08-02T18:30] episodes: no-new
[2026-08-02T18:30] submit: GATE=anchor-fail
[2026-08-02T18:45] episodes: no-new
[2026-08-02T18:45] submit: GATE=anchor-fail
[2026-08-02T19:00] episodes: no-new
[2026-08-02T19:00] submit: GATE=anchor-fail
[2026-08-02T19:15] episodes: no-new
[2026-08-02T19:15] submit: GATE=anchor-fail
[2026-08-02T19:30] episodes: no-new
[2026-08-02T19:30] submit: GATE=anchor-fail
[2026-08-02T19:45] episodes: no-new
[2026-08-02T19:45] submit: GATE=anchor-fail
[2026-08-02T20:00] episodes: no-new
[2026-08-02T20:00] submit: GATE=anchor-fail
[2026-08-02T20:15] episodes: no-new
[2026-08-02T20:15] submit: GATE=anchor-fail
[2026-08-02T20:30] episodes: no-new
[2026-08-02T20:30] submit: GATE=anchor-fail
[2026-08-02T20:45] episodes: no-new
[2026-08-02T20:45] submit: GATE=anchor-fail
[2026-08-02T21:00] episodes: no-new
[2026-08-02T21:00] submit: GATE=anchor-fail
[2026-08-02T21:15] episodes: no-new
[2026-08-02T21:15] submit: GATE=anchor-fail
[2026-08-02T21:30] episodes: no-new
[2026-08-02T21:30] submit: GATE=anchor-pending
[2026-08-02T21:45] episodes: no-new
[2026-08-02T21:45] submit: GATE=anchor-pending
[2026-08-02T22:00] episodes: no-new
[2026-08-02T22:00] submit: GATE=anchor-fail
[2026-08-02T22:15] episodes: no-new
[2026-08-02T22:15] submit: GATE=anchor-fail
[2026-08-02T22:30] episodes: no-new
[2026-08-02T22:30] submit: GATE=anchor-fail
[2026-08-02T22:45] episodes: no-new
[2026-08-02T22:45] submit: GATE=anchor-fail
[2026-08-02T23:00] episodes: no-new
[2026-08-02T23:00] submit: GATE=anchor-fail
[2026-08-02T23:15] episodes: no-new
[2026-08-02T23:15] submit: GATE=anchor-fail
[2026-08-02T23:30] episodes: no-new
[2026-08-02T23:30] submit: GATE=anchor-fail
[2026-08-02T23:45] episodes: no-new
[2026-08-02T23:45] submit: GATE=anchor-fail
[2026-08-03T00:00] episodes: no-new
[2026-08-03T00:00] submit: GATE=anchor-fail
[2026-08-03T00:15] episodes: no-new
[2026-08-03T00:15] submit: GATE=anchor-fail
[2026-08-03T00:30] episodes: no-new
[2026-08-03T00:30] submit: GATE=anchor-fail
[2026-08-03T00:45] episodes: no-new
[2026-08-03T00:45] submit: GATE=anchor-fail
[2026-08-03T01:00] episodes: no-new
[2026-08-03T01:00] submit: GATE=anchor-fail
[2026-08-03T01:15] episodes: no-new
[2026-08-03T01:15] submit: GATE=anchor-fail
[2026-08-03T01:30] episodes: no-new
[2026-08-03T01:30] submit: GATE=anchor-fail
[2026-08-03T01:45] episodes: no-new
[2026-08-03T01:45] submit: GATE=anchor-fail
[2026-08-03T02:00] episodes: no-new
[2026-08-03T02:00] submit: GATE=anchor-fail
[2026-08-03T02:15] episodes: no-new
[2026-08-03T02:15] submit: GATE=anchor-fail
[2026-08-03T02:30] episodes: no-new
[2026-08-03T02:30] submit: GATE=anchor-fail
[2026-08-03T02:45] episodes: no-new
[2026-08-03T02:45] submit: GATE=anchor-fail
[2026-08-03T03:00] episodes: no-new
[2026-08-03T03:00] submit: GATE=anchor-fail
[2026-08-03T03:15] episodes: no-new
[2026-08-03T03:15] submit: GATE=anchor-fail
[2026-08-03T03:30] episodes: no-new
[2026-08-03T03:30] submit: GATE=anchor-fail
[2026-08-03T03:45] episodes: no-new
[2026-08-03T03:45] submit: GATE=anchor-fail
[2026-08-03T04:00] episodes: no-new
[2026-08-03T04:00] submit: GATE=anchor-fail
[2026-08-03T04:15] episodes: no-new
[2026-08-03T04:15] submit: GATE=anchor-fail
[2026-08-03T04:30] episodes: no-new
[2026-08-03T04:30] submit: GATE=anchor-fail
[2026-08-03T04:45] episodes: no-new
[2026-08-03T04:45] submit: GATE=anchor-fail
[2026-08-03T05:00] episodes: no-new
[2026-08-03T05:00] submit: GATE=anchor-fail
[2026-08-03T05:15] episodes: no-new
[2026-08-03T05:15] submit: GATE=anchor-fail
[2026-08-03T05:30] episodes: no-new
[2026-08-03T05:30] submit: GATE=anchor-fail
[2026-08-03T05:45] episodes: no-new
[2026-08-03T05:45] submit: GATE=anchor-fail
[2026-08-03T06:00] episodes: no-new
[2026-08-03T06:00] submit: GATE=anchor-fail
[2026-08-03T06:15] episodes: no-new
[2026-08-03T06:15] submit: GATE=anchor-fail
[2026-08-03T06:30] episodes: no-new
[2026-08-03T06:30] submit: GATE=anchor-fail
[2026-08-03T06:45] episodes: no-new
[2026-08-03T06:45] submit: GATE=anchor-fail
[2026-08-03T07:00] episodes: no-new
[2026-08-03T07:00] submit: GATE=anchor-fail
[2026-08-03T07:15] episodes: no-new
[2026-08-03T07:15] submit: GATE=anchor-fail
[2026-08-03T07:30] paused
[2026-08-03T07:45] paused
[2026-08-03T08:00] paused
[2026-08-03T08:15] paused
[2026-08-03T08:30] paused
[2026-08-03T08:45] paused
[2026-08-03T09:00] paused
[2026-08-03T09:15] paused
[2026-08-03T09:30] paused
[2026-08-03T09:45] paused
[2026-08-03T10:00] paused
[2026-08-03T10:15] paused
[2026-08-03T10:30] paused
[2026-08-03T10:45] paused
[2026-08-03T11:00] paused
[2026-08-03T11:15] paused
[2026-08-03T11:30] paused
[2026-08-03T11:45] paused
[2026-08-03T12:00] paused
[2026-08-03T12:15] paused
[2026-08-03T12:30] paused
[2026-08-03T12:45] paused
[2026-08-03T13:00] paused
[2026-08-03T13:15] paused
[2026-08-03T13:30] paused
[2026-08-03T13:45] paused
[2026-08-03T14:00] paused
[2026-08-03T14:15] paused
[2026-08-03T14:30] paused
[2026-08-03T14:45] paused
[2026-08-03T15:00] paused
[2026-08-03T15:15] paused
[2026-08-03T15:30] paused
[2026-08-03T15:45] paused
[2026-08-03T16:00] paused
[2026-08-03T16:15] paused
[2026-08-03T16:30] paused
[2026-08-03T16:45] paused
[2026-08-03T17:00] paused
[2026-08-03T17:15] paused
[2026-08-03T17:30] paused
[2026-08-03T17:45] paused
[2026-08-03T18:00] paused
[2026-08-03T18:15] paused
[2026-08-03T18:30] paused
[2026-08-03T18:45] paused
[2026-08-03T19:00] paused
[2026-08-03T19:15] paused
[2026-08-03T19:30] paused
[2026-08-03T19:45] paused
[2026-08-03T20:00] paused
[2026-08-03T20:15] paused
[2026-08-03T20:30] paused
[2026-08-03T20:45] paused
[2026-08-03T21:00] paused
[2026-08-03T21:15] paused
[2026-08-03T21:30] paused
[2026-08-03T21:45] paused
[2026-08-03T22:00] paused
[2026-08-03T22:15] paused
[2026-08-03T22:30] paused
[2026-08-03T22:45] paused
[2026-08-03T23:00] paused
[2026-08-03T23:15] paused
[2026-08-03T23:30] paused
[2026-08-03T23:45] paused
[2026-08-04T00:00] paused
[2026-08-04T00:15] paused
[2026-08-04T00:30] paused
[2026-08-04T00:45] paused
[2026-08-04T01:00] paused
[2026-08-04T01:15] paused
[2026-08-04T01:30] paused
[2026-08-04T01:45] paused
[2026-08-04T02:00] paused
[2026-08-04T02:15] paused
[2026-08-04T02:30] paused
[2026-08-04T02:45] paused
[2026-08-04T03:00] paused
[2026-08-04T03:15] paused
[2026-08-04T03:30] paused
[2026-08-04T03:45] paused
[2026-08-04T04:00] paused
[2026-08-04T04:15] paused
[2026-08-04T04:30] paused
[2026-08-04T04:45] paused
[2026-08-04T05:00] paused
[2026-08-04T05:15] paused
[2026-08-04T05:30] paused
[2026-08-04T05:45] paused
[2026-08-04T06:00] paused
[2026-08-04T06:15] paused
[2026-08-04T06:30] paused
[2026-08-04T06:45] paused
[2026-08-04T07:00] paused
[2026-08-04T07:15] paused
[2026-08-04T07:30] paused
[2026-08-04T07:45] paused
[2026-08-04T08:00] paused
[2026-08-04T08:15] paused
[2026-08-04T08:30] paused
[2026-08-04T08:45] paused
[2026-08-04T09:00] paused
[2026-08-04T09:15] paused
[2026-08-04T09:30] paused
[2026-08-04T09:45] paused
[2026-08-04T10:00] paused
[2026-08-04T10:15] paused
[2026-08-04T10:30] paused
[2026-08-04T10:45] paused
[2026-08-04T11:00] paused
[2026-08-04T11:15] paused
[2026-08-04T11:30] paused
[2026-08-04T11:45] paused
[2026-08-04T12:00] paused
[2026-08-04T12:15] paused
[2026-08-04T12:30] paused
[2026-08-04T12:45] paused
[2026-08-04T13:00] paused
[2026-08-04T13:15] paused
[2026-08-04T13:30] paused
[2026-08-04T13:48] episodes: harvested:2026-08-03
[2026-08-04T13:48] submit: GATE=anchor-fail
[2026-08-04T14:00] episodes: no-new
[2026-08-04T14:00] submit: GATE=anchor-fail
[2026-08-04T14:15] episodes: error:RuntimeError('kaggle CLI failed (1): 404 Client Error: Not Found for url: https://api.kaggle.com/v1/datasets.DatasetApiService/DownloadDataset')
[2026-08-04T14:15] submit: GATE=anchor-fail
[2026-08-04T14:32] episodes: harvested:2026-08-04
[2026-08-04T14:32] submit: GATE=anchor-fail
[2026-08-04T14:45] episodes: no-new
[2026-08-04T14:45] submit: GATE=anchor-fail
[2026-08-04T15:00] episodes: no-new
[2026-08-04T15:00] submit: GATE=anchor-fail
[2026-08-04T15:15] episodes: no-new
[2026-08-04T15:15] submit: GATE=anchor-fail
[2026-08-04T15:30] episodes: no-new
[2026-08-04T15:30] submit: tournament-champion-v0.11=submitted
[2026-08-04T15:45] episodes: no-new
[2026-08-04T15:45] submit: no-op
[2026-08-04T16:00] episodes: no-new
[2026-08-04T16:00] submit: no-op
[2026-08-04T16:15] episodes: no-new
[2026-08-04T16:15] submit: no-op
[2026-08-04T16:30] episodes: no-new
[2026-08-04T16:30] submit: no-op
[2026-08-04T16:45] episodes: no-new
[2026-08-04T16:46] submit: no-op
[2026-08-04T17:00] episodes: no-new
[2026-08-04T17:00] submit: no-op
[2026-08-04T17:15] episodes: no-new
[2026-08-04T17:15] submit: no-op
[2026-08-04T17:30] episodes: no-new
[2026-08-04T17:30] submit: no-op
[2026-08-04T17:45] episodes: no-new
[2026-08-04T17:45] submit: no-op
[2026-08-04T18:00] episodes: no-new
[2026-08-04T18:00] submit: no-op
[2026-08-04T18:15] episodes: no-new
[2026-08-04T18:15] submit: no-op
[2026-08-04T18:30] episodes: no-new
[2026-08-04T18:30] submit: no-op
[2026-08-04T18:45] episodes: no-new
[2026-08-04T18:45] submit: no-op
[2026-08-04T19:00] episodes: no-new
[2026-08-04T19:00] submit: tournament-champion-v0.13=submitted
[2026-08-04T19:15] episodes: no-new
[2026-08-04T19:15] submit: no-op
[2026-08-04T19:30] episodes: no-new
[2026-08-04T19:30] submit: no-op
[2026-08-04T19:45] episodes: no-new
[2026-08-04T19:45] submit: no-op
[2026-08-04T20:00] episodes: no-new
[2026-08-04T20:00] submit: no-op
[2026-08-04T20:15] episodes: no-new
[2026-08-04T20:15] submit: no-op
[2026-08-04T20:30] episodes: no-new
[2026-08-04T20:30] submit: no-op
[2026-08-04T20:45] episodes: no-new
[2026-08-04T20:45] submit: no-op
[2026-08-04T21:00] episodes: no-new
[2026-08-04T21:00] submit: no-op
[2026-08-04T21:15] episodes: no-new
[2026-08-04T21:15] submit: no-op
[2026-08-04T21:30] episodes: no-new
[2026-08-04T21:30] submit: no-op
[2026-08-04T21:45] episodes: no-new
[2026-08-04T21:45] submit: no-op
[2026-08-04T22:00] episodes: no-new
[2026-08-04T22:00] submit: no-op
[2026-08-04T22:15] episodes: no-new
[2026-08-04T22:15] submit: no-op
[2026-08-04T22:30] episodes: no-new
[2026-08-04T22:30] submit: no-op
[2026-08-04T22:45] episodes: no-new
[2026-08-04T22:45] submit: no-op
[2026-08-04T23:00] episodes: no-new
[2026-08-04T23:00] submit: no-op
[2026-08-04T23:15] episodes: no-new
[2026-08-04T23:15] submit: no-op
[2026-08-04T23:30] episodes: no-new
[2026-08-04T23:30] submit: no-op
[2026-08-04T23:45] episodes: no-new
[2026-08-04T23:45] submit: no-op
[2026-08-05T00:00] episodes: no-new
[2026-08-05T00:00] submit: no-op
[2026-08-05T00:15] episodes: no-new
[2026-08-05T00:15] submit: no-op
[2026-08-05T00:30] episodes: no-new
[2026-08-05T00:30] submit: no-op
[2026-08-05T00:45] episodes: no-new
[2026-08-05T00:45] submit: no-op
[2026-08-05T01:00] episodes: no-new
[2026-08-05T01:00] submit: no-op
[2026-08-05T01:15] episodes: no-new
[2026-08-05T01:15] submit: no-op
[2026-08-05T01:30] episodes: no-new
[2026-08-05T01:30] submit: no-op
[2026-08-05T01:45] episodes: no-new
[2026-08-05T01:45] submit: no-op
[2026-08-05T02:00] episodes: no-new
[2026-08-05T02:00] submit: no-op
[2026-08-05T02:15] episodes: no-new
[2026-08-05T02:15] submit: no-op
[2026-08-05T02:30] episodes: no-new
[2026-08-05T02:30] submit: no-op
[2026-08-05T02:45] episodes: no-new
[2026-08-05T02:45] submit: no-op
[2026-08-05T03:00] episodes: no-new
[2026-08-05T03:00] submit: no-op
[2026-08-05T03:15] episodes: no-new
[2026-08-05T03:15] submit: no-op
[2026-08-05T03:30] episodes: no-new
[2026-08-05T03:30] submit: no-op
[2026-08-05T03:45] episodes: no-new
[2026-08-05T03:45] submit: no-op
[2026-08-05T04:00] episodes: no-new
[2026-08-05T04:00] submit: no-op
[2026-08-05T04:15] episodes: no-new
[2026-08-05T04:15] submit: no-op
[2026-08-05T04:30] episodes: no-new
[2026-08-05T04:30] submit: no-op
[2026-08-05T04:45] episodes: no-new
[2026-08-05T04:45] submit: no-op
[2026-08-05T05:00] episodes: no-new
[2026-08-05T05:00] submit: no-op
[2026-08-05T05:15] episodes: no-new
[2026-08-05T05:15] submit: no-op
[2026-08-05T05:30] episodes: no-new
[2026-08-05T05:30] submit: no-op
[2026-08-05T05:45] episodes: no-new
[2026-08-05T05:45] submit: no-op
[2026-08-05T06:00] episodes: no-new
[2026-08-05T06:00] submit: no-op
[2026-08-05T06:15] episodes: no-new
[2026-08-05T06:15] submit: no-op
[2026-08-05T06:30] episodes: no-new
[2026-08-05T06:30] submit: no-op
[2026-08-05T06:45] episodes: no-new
[2026-08-05T06:45] submit: no-op
[2026-08-05T07:00] episodes: no-new
[2026-08-05T07:00] submit: no-op
[2026-08-05T07:15] episodes: no-new
[2026-08-05T07:15] submit: no-op
[2026-08-05T07:30] episodes: no-new
[2026-08-05T07:30] submit: no-op
[2026-08-05T07:45] episodes: no-new
[2026-08-05T07:45] submit: no-op
[2026-08-05T08:00] episodes: no-new
[2026-08-05T08:00] submit: no-op
[2026-08-05T08:15] episodes: no-new
[2026-08-05T08:15] submit: no-op
[2026-08-05T08:30] episodes: no-new
[2026-08-05T08:30] submit: no-op
[2026-08-05T08:45] episodes: no-new
[2026-08-05T08:45] submit: no-op
[2026-08-05T09:02] episodes: no-new
[2026-08-05T09:02] submit: no-op
[2026-08-05T09:15] episodes: no-new
[2026-08-05T09:15] submit: no-op
[2026-08-05T09:30] episodes: no-new
[2026-08-05T09:30] submit: no-op
[2026-08-05T09:45] episodes: no-new
[2026-08-05T09:45] submit: no-op
[2026-08-05T10:00] episodes: no-new
[2026-08-05T10:00] submit: no-op
[2026-08-05T10:15] episodes: no-new
[2026-08-05T10:15] submit: held (SUBMIT_HOLD present)
[2026-08-05T10:32] episodes: no-new
[2026-08-05T10:32] submit: held (SUBMIT_HOLD present)
[2026-08-05T10:45] episodes: error:RuntimeError("kaggle CLI failed (1): HTTPSConnectionPool(host='storage.googleapis.com', port=443): Max retries exceeded with url: /kaggle-data-sets/10788915/18634737/bundle/archive.zip?X-Goog-Algorithm=GOOG4-RSA-SHA256&X-Goog-Credential=gcp-kaggle-com%40kaggle-161607.iam.gserviceaccount.com%2F20260805%2Fauto%2Fstorage%2Fgoog4_request&X-Goog-Date=20260805T204515Z&X-Goog-Expires=259200&X-Goog-
[2026-08-05T10:45] submit: held (SUBMIT_HOLD present)
[2026-08-05T11:00] episodes: no-new
[2026-08-05T11:00] submit: held (SUBMIT_HOLD present)
[2026-08-05T11:15] episodes: no-new
[2026-08-05T11:15] submit: held (SUBMIT_HOLD present)
[2026-08-05T11:31] episodes: no-new
[2026-08-05T11:31] submit: held (SUBMIT_HOLD present)
[2026-08-05T11:45] episodes: no-new
[2026-08-05T11:45] submit: no-op
[2026-08-05T12:00] episodes: no-new
[2026-08-05T12:00] submit: no-op
[2026-08-05T12:15] episodes: no-new
[2026-08-05T12:15] submit: no-op
[2026-08-05T12:30] episodes: no-new
[2026-08-05T12:30] submit: no-op
[2026-08-05T12:45] episodes: no-new
[2026-08-05T12:45] submit: no-op
[2026-08-05T13:00] episodes: no-new
[2026-08-05T13:00] submit: no-op
[2026-08-05T13:15] episodes: no-new
[2026-08-05T13:15] submit: no-op
[2026-08-05T13:30] episodes: no-new
[2026-08-05T13:30] submit: no-op
[2026-08-05T13:45] episodes: no-new
[2026-08-05T13:45] submit: no-op
[2026-08-05T14:00] episodes: no-new
[2026-08-05T14:00] submit: no-op
[2026-08-05T14:15] episodes: error:RuntimeError('kaggle CLI failed (1): 404 Client Error: Not Found for url: https://api.kaggle.com/v1/datasets.DatasetApiService/DownloadDataset')
[2026-08-05T14:15] submit: no-op
[2026-08-05T14:32] episodes: harvested:2026-08-05
[2026-08-05T14:33] submit: no-op
[2026-08-05T14:45] episodes: no-new
[2026-08-05T14:46] submit: no-op
[2026-08-05T15:00] episodes: no-new
[2026-08-05T15:01] submit: no-op
[2026-08-05T15:15] episodes: no-new
[2026-08-05T15:16] submit: no-op
[2026-08-05T15:30] episodes: no-new
[2026-08-05T15:31] submit: no-op
[2026-08-05T15:45] episodes: no-new
[2026-08-05T15:45] submit: no-op
[2026-08-05T16:00] episodes: no-new
[2026-08-05T16:00] submit: no-op
[2026-08-05T16:15] episodes: no-new
[2026-08-05T16:15] submit: no-op
[2026-08-05T16:30] episodes: no-new
[2026-08-05T16:30] submit: no-op
[2026-08-05T16:45] episodes: no-new
[2026-08-05T16:45] submit: no-op
[2026-08-05T17:00] episodes: no-new
[2026-08-05T17:00] submit: no-op
[2026-08-05T17:15] episodes: no-new
[2026-08-05T17:15] submit: no-op
[2026-08-05T17:30] episodes: no-new
[2026-08-05T17:30] submit: no-op
[2026-08-05T17:45] episodes: no-new
[2026-08-05T17:45] submit: no-op
[2026-08-05T18:00] episodes: no-new
[2026-08-05T18:00] submit: no-op
[2026-08-05T18:15] episodes: no-new
[2026-08-05T18:15] submit: no-op
[2026-08-05T18:30] episodes: no-new
[2026-08-05T18:30] submit: no-op
[2026-08-05T18:45] episodes: no-new
[2026-08-05T18:45] submit: no-op
[2026-08-05T19:00] episodes: no-new
[2026-08-05T19:00] submit: no-op
[2026-08-05T19:15] episodes: no-new
[2026-08-05T19:15] submit: no-op
[2026-08-05T19:30] episodes: no-new
[2026-08-05T19:30] submit: no-op
[2026-08-05T19:45] episodes: no-new
[2026-08-05T19:45] submit: no-op
[2026-08-05T20:00] episodes: no-new
[2026-08-05T20:00] submit: no-op
[2026-08-05T20:15] episodes: no-new
[2026-08-05T20:15] submit: no-op
[2026-08-05T20:30] episodes: no-new
[2026-08-05T20:30] submit: no-op
[2026-08-05T20:45] episodes: no-new
[2026-08-05T20:45] submit: no-op
[2026-08-05T21:00] episodes: no-new
[2026-08-05T21:00] submit: no-op
[2026-08-05T21:15] episodes: no-new
[2026-08-05T21:15] submit: no-op
[2026-08-05T21:30] episodes: no-new
[2026-08-05T21:30] submit: no-op
[2026-08-05T21:45] episodes: no-new
[2026-08-05T21:45] submit: no-op
[2026-08-05T22:00] episodes: no-new
[2026-08-05T22:00] submit: no-op
[2026-08-05T22:15] episodes: no-new
[2026-08-05T22:15] submit: no-op
[2026-08-05T22:30] episodes: no-new
[2026-08-05T22:30] submit: no-op
[2026-08-05T22:45] episodes: no-new
[2026-08-05T22:45] submit: no-op
[2026-08-05T23:00] episodes: no-new
[2026-08-05T23:00] submit: no-op
[2026-08-05T23:15] episodes: no-new
[2026-08-05T23:15] submit: no-op
[2026-08-05T23:30] episodes: no-new
[2026-08-05T23:30] submit: no-op
[2026-08-05T23:45] episodes: no-new
[2026-08-05T23:45] submit: no-op
[2026-08-06T00:00] episodes: no-new
[2026-08-06T00:00] submit: no-op
[2026-08-06T00:15] episodes: no-new
[2026-08-06T00:15] submit: no-op
[2026-08-06T00:30] episodes: no-new
[2026-08-06T00:30] submit: no-op
[2026-08-06T00:45] episodes: no-new
[2026-08-06T00:45] submit: no-op
[2026-08-06T01:00] episodes: no-new
[2026-08-06T01:00] submit: no-op
[2026-08-06T01:15] episodes: no-new
[2026-08-06T01:15] submit: no-op
[2026-08-06T01:30] episodes: no-new
[2026-08-06T01:30] submit: no-op
[2026-08-06T01:45] episodes: no-new
[2026-08-06T01:45] submit: no-op
[2026-08-06T02:00] episodes: no-new
[2026-08-06T02:00] submit: no-op
[2026-08-06T02:15] episodes: no-new
[2026-08-06T02:15] submit: no-op
[2026-08-06T02:30] episodes: no-new
[2026-08-06T02:30] submit: no-op
[2026-08-06T02:45] episodes: no-new
[2026-08-06T02:45] submit: no-op
[2026-08-06T03:00] episodes: no-new
[2026-08-06T03:00] submit: no-op
[2026-08-06T03:15] episodes: no-new
[2026-08-06T03:15] submit: no-op
[2026-08-06T03:30] episodes: no-new
[2026-08-06T03:30] submit: no-op
[2026-08-06T03:45] episodes: no-new
[2026-08-06T03:45] submit: no-op
[2026-08-06T04:00] episodes: no-new
[2026-08-06T04:00] submit: no-op
[2026-08-06T04:15] episodes: no-new
[2026-08-06T04:15] submit: no-op
[2026-08-06T04:30] episodes: no-new
[2026-08-06T04:30] submit: no-op
[2026-08-06T04:45] episodes: no-new
[2026-08-06T04:45] submit: no-op
[2026-08-06T05:00] episodes: no-new
[2026-08-06T05:00] submit: no-op
[2026-08-06T05:15] episodes: no-new
[2026-08-06T05:15] submit: no-op
[2026-08-06T05:30] episodes: no-new
[2026-08-06T05:30] submit: no-op
[2026-08-06T05:45] episodes: no-new
[2026-08-06T05:45] submit: no-op
[2026-08-06T06:00] episodes: no-new
[2026-08-06T06:00] submit: AUTH=auth-dead
[2026-08-06T06:15] episodes: no-new
[2026-08-06T06:15] submit: no-op
[2026-08-06T06:30] episodes: no-new
[2026-08-06T06:30] submit: no-op
[2026-08-06T06:45] episodes: no-new
[2026-08-06T06:45] submit: no-op
[2026-08-06T07:00] episodes: no-new
[2026-08-06T07:00] submit: no-op
[2026-08-06T07:15] episodes: no-new
[2026-08-06T07:15] submit: no-op
[2026-08-06T07:30] episodes: no-new
[2026-08-06T07:30] submit: no-op
[2026-08-06T07:45] episodes: no-new
[2026-08-06T07:45] submit: no-op
[2026-08-06T08:00] episodes: no-new
[2026-08-06T08:00] submit: no-op
[2026-08-06T08:15] episodes: no-new
[2026-08-06T08:15] submit: no-op
[2026-08-06T08:30] episodes: no-new
[2026-08-06T08:30] submit: no-op
[2026-08-06T08:45] episodes: no-new
[2026-08-06T08:45] submit: no-op
[2026-08-06T09:00] episodes: no-new
[2026-08-06T09:00] submit: no-op
[2026-08-06T09:15] episodes: no-new
[2026-08-06T09:15] submit: no-op
[2026-08-06T09:30] episodes: no-new
[2026-08-06T09:30] submit: no-op
[2026-08-06T09:45] episodes: no-new
[2026-08-06T09:45] submit: no-op
[2026-08-06T10:00] episodes: no-new
[2026-08-06T10:00] submit: no-op
[2026-08-06T10:15] episodes: no-new
[2026-08-06T10:15] submit: no-op
[2026-08-06T10:30] episodes: no-new
[2026-08-06T10:30] submit: no-op
[2026-08-06T10:45] episodes: no-new
[2026-08-06T10:45] submit: no-op
[2026-08-06T11:00] episodes: no-new
[2026-08-06T11:00] submit: no-op
[2026-08-06T11:15] episodes: no-new
[2026-08-06T11:15] submit: no-op
[2026-08-06T11:30] episodes: no-new
[2026-08-06T11:30] submit: no-op
[2026-08-06T11:45] episodes: no-new
[2026-08-06T11:45] submit: no-op
[2026-08-06T12:00] episodes: no-new
[2026-08-06T12:00] submit: no-op
[2026-08-06T12:15] episodes: no-new
[2026-08-06T12:15] submit: no-op
[2026-08-06T12:30] episodes: no-new
[2026-08-06T12:30] submit: no-op
[2026-08-06T12:45] episodes: no-new
[2026-08-06T12:45] submit: no-op
[2026-08-06T13:00] episodes: no-new
[2026-08-06T13:00] submit: no-op
[2026-08-06T13:15] episodes: no-new
[2026-08-06T13:15] submit: no-op
[2026-08-06T13:30] episodes: no-new
[2026-08-06T13:30] submit: no-op
[2026-08-06T13:45] episodes: no-new
[2026-08-06T13:45] submit: no-op
[2026-08-06T14:00] episodes: no-new
[2026-08-06T14:00] submit: no-op
[2026-08-06T14:15] episodes: no-new
[2026-08-06T14:15] submit: no-op
[2026-08-06T14:30] episodes: error:RuntimeError('kaggle CLI failed (1): 404 Client Error: Not Found for url: https://api.kaggle.com/v1/datasets.DatasetApiService/DownloadDataset')
[2026-08-06T14:30] submit: no-op
[2026-08-06T14:47] episodes: harvested:2026-08-06
[2026-08-06T14:47] submit: no-op
[2026-08-06T15:00] episodes: no-new
[2026-08-06T15:00] submit: no-op
[2026-08-06T15:15] episodes: no-new
[2026-08-06T15:15] submit: no-op
[2026-08-06T15:30] episodes: no-new
[2026-08-06T15:30] submit: no-op
[2026-08-06T15:45] episodes: no-new
[2026-08-06T15:45] submit: no-op
[2026-08-06T16:00] episodes: no-new
[2026-08-06T16:00] submit: no-op
[2026-08-06T16:15] episodes: no-new
[2026-08-06T16:15] submit: no-op
[2026-08-06T16:30] episodes: no-new
[2026-08-06T16:30] submit: no-op
[2026-08-06T16:45] episodes: no-new
[2026-08-06T16:45] submit: no-op
[2026-08-06T17:00] episodes: no-new
[2026-08-06T17:00] submit: no-op
[2026-08-06T17:15] episodes: no-new
[2026-08-06T17:15] submit: no-op
[2026-08-06T17:30] episodes: no-new
[2026-08-06T17:30] submit: no-op
[2026-08-06T17:45] episodes: no-new
[2026-08-06T17:45] submit: no-op
[2026-08-06T18:00] episodes: no-new
[2026-08-06T18:00] submit: no-op
[2026-08-06T18:15] episodes: no-new
[2026-08-06T18:15] submit: no-op
[2026-08-06T18:30] episodes: no-new
[2026-08-06T18:30] submit: no-op
[2026-08-06T18:45] episodes: no-new
[2026-08-06T18:45] submit: no-op
[2026-08-06T19:00] episodes: no-new
[2026-08-06T19:00] submit: no-op
[2026-08-06T19:15] episodes: no-new
[2026-08-06T19:15] submit: no-op
[2026-08-06T19:30] episodes: no-new
[2026-08-06T19:30] submit: no-op
[2026-08-06T19:45] episodes: no-new
[2026-08-06T19:45] submit: no-op
[2026-08-06T20:00] episodes: no-new
[2026-08-06T20:00] submit: no-op
[2026-08-06T20:15] episodes: no-new
[2026-08-06T20:15] submit: no-op
[2026-08-06T20:30] episodes: no-new
[2026-08-06T20:30] submit: no-op
[2026-08-06T20:45] episodes: no-new
[2026-08-06T20:45] submit: no-op
[2026-08-06T21:00] episodes: no-new
[2026-08-06T21:00] submit: no-op
[2026-08-06T21:15] episodes: no-new
[2026-08-06T21:15] submit: no-op
[2026-08-06T21:30] episodes: no-new
[2026-08-06T21:30] submit: no-op
[2026-08-06T21:45] episodes: no-new
[2026-08-06T21:45] submit: no-op
[2026-08-06T22:00] episodes: no-new
[2026-08-06T22:00] submit: no-op
[2026-08-06T22:15] episodes: no-new
[2026-08-06T22:15] submit: no-op
[2026-08-06T22:30] episodes: no-new
[2026-08-06T22:30] submit: no-op
[2026-08-06T22:45] episodes: no-new
[2026-08-06T22:45] submit: no-op
[2026-08-06T23:00] episodes: no-new
[2026-08-06T23:00] submit: no-op
[2026-08-06T23:15] episodes: no-new
[2026-08-06T23:15] submit: no-op
[2026-08-06T23:30] episodes: no-new
[2026-08-06T23:30] submit: no-op
[2026-08-06T23:45] episodes: no-new
[2026-08-06T23:45] submit: no-op
[2026-08-07T00:00] episodes: no-new
[2026-08-07T00:00] submit: no-op
[2026-08-07T00:15] episodes: no-new
[2026-08-07T00:15] submit: no-op
[2026-08-07T00:30] episodes: no-new
[2026-08-07T00:30] submit: no-op
[2026-08-07T00:45] episodes: no-new
[2026-08-07T00:45] submit: no-op
[2026-08-07T01:00] episodes: no-new
[2026-08-07T01:00] submit: no-op
[2026-08-07T01:15] episodes: no-new
[2026-08-07T01:15] submit: no-op
[2026-08-07T01:30] episodes: no-new
[2026-08-07T01:30] submit: no-op
[2026-08-07T01:45] episodes: no-new
[2026-08-07T01:45] submit: no-op
[2026-08-07T02:00] episodes: no-new
[2026-08-07T02:00] submit: no-op
[2026-08-07T02:15] episodes: no-new
[2026-08-07T02:15] submit: no-op
[2026-08-07T02:30] episodes: no-new
[2026-08-07T02:30] submit: no-op
[2026-08-07T02:45] episodes: no-new
[2026-08-07T02:45] submit: no-op
[2026-08-07T03:00] episodes: no-new
[2026-08-07T03:00] submit: no-op
[2026-08-07T03:15] episodes: no-new
[2026-08-07T03:15] submit: no-op
[2026-08-07T03:30] episodes: no-new
[2026-08-07T03:30] submit: no-op
[2026-08-07T03:45] episodes: no-new
[2026-08-07T03:45] submit: no-op
[2026-08-07T04:00] episodes: no-new
[2026-08-07T04:00] submit: no-op
[2026-08-07T04:15] episodes: no-new
[2026-08-07T04:15] submit: no-op
[2026-08-07T04:30] episodes: no-new
[2026-08-07T04:30] submit: no-op
[2026-08-07T04:45] episodes: no-new
[2026-08-07T04:45] submit: no-op
[2026-08-07T05:00] episodes: no-new
[2026-08-07T05:00] submit: no-op
[2026-08-07T05:15] episodes: no-new
[2026-08-07T05:15] submit: no-op
[2026-08-07T05:30] episodes: no-new
[2026-08-07T05:30] submit: no-op
[2026-08-07T05:45] episodes: no-new
[2026-08-07T05:45] submit: no-op
[2026-08-07T06:00] episodes: no-new
[2026-08-07T06:00] submit: no-op
[2026-08-07T06:15] episodes: no-new
[2026-08-07T06:15] submit: no-op
[2026-08-07T06:30] episodes: no-new
[2026-08-07T06:30] submit: no-op
[2026-08-07T06:45] episodes: no-new
[2026-08-07T06:45] submit: no-op
[2026-08-07T07:00] episodes: no-new
[2026-08-07T07:00] submit: no-op
[2026-08-07T07:15] episodes: no-new
[2026-08-07T07:15] submit: no-op
[2026-08-07T07:30] episodes: no-new
[2026-08-07T07:30] submit: no-op
[2026-08-07T07:45] episodes: no-new
[2026-08-07T07:45] submit: no-op
[2026-08-07T08:00] episodes: no-new
[2026-08-07T08:00] submit: no-op
[2026-08-07T08:15] episodes: no-new
[2026-08-07T08:15] submit: no-op
[2026-08-07T08:30] episodes: no-new
[2026-08-07T08:30] submit: no-op
[2026-08-07T08:45] episodes: no-new
[2026-08-07T08:45] submit: no-op
[2026-08-07T09:00] episodes: no-new
[2026-08-07T09:00] submit: no-op
[2026-08-07T09:15] episodes: no-new
[2026-08-07T09:15] submit: no-op
[2026-08-07T09:30] episodes: no-new
[2026-08-07T09:30] submit: no-op
[2026-08-07T09:45] episodes: no-new
[2026-08-07T09:45] submit: no-op
[2026-08-07T10:00] episodes: no-new
[2026-08-07T10:00] submit: no-op
[2026-08-07T10:15] episodes: no-new
[2026-08-07T10:15] submit: no-op
[2026-08-07T10:30] episodes: no-new
[2026-08-07T10:30] submit: no-op
[2026-08-07T10:45] episodes: no-new
[2026-08-07T10:45] submit: no-op
[2026-08-07T11:00] episodes: no-new
[2026-08-07T11:00] submit: no-op
[2026-08-07T11:15] episodes: no-new
[2026-08-07T11:15] submit: no-op
[2026-08-07T11:30] episodes: no-new
[2026-08-07T11:30] submit: no-op
[2026-08-07T11:45] episodes: no-new
[2026-08-07T11:45] submit: no-op
[2026-08-07T12:00] episodes: no-new
[2026-08-07T12:00] submit: no-op
[2026-08-07T12:15] episodes: no-new
[2026-08-07T12:15] submit: no-op
[2026-08-07T12:30] episodes: no-new
[2026-08-07T12:30] submit: no-op
[2026-08-07T12:45] episodes: no-new
[2026-08-07T12:45] submit: no-op
[2026-08-07T13:00] episodes: no-new
[2026-08-07T13:00] submit: no-op
[2026-08-07T13:15] episodes: no-new
[2026-08-07T13:15] submit: no-op
[2026-08-07T13:30] episodes: no-new
[2026-08-07T13:30] submit: no-op
[2026-08-07T13:45] episodes: no-new
[2026-08-07T13:45] submit: no-op
[2026-08-07T14:00] episodes: no-new
[2026-08-07T14:00] submit: no-op
[2026-08-07T14:17] episodes: harvested:2026-08-07
[2026-08-07T14:17] submit: no-op
[2026-08-07T14:30] episodes: no-new
[2026-08-07T14:30] submit: no-op
[2026-08-07T14:45] episodes: no-new
[2026-08-07T14:45] submit: no-op
[2026-08-07T15:00] episodes: no-new
[2026-08-07T15:00] submit: no-op
[2026-08-07T15:15] episodes: no-new
[2026-08-07T15:15] submit: no-op
[2026-08-07T15:30] episodes: no-new
[2026-08-07T15:30] submit: no-op
[2026-08-07T15:45] episodes: no-new
[2026-08-07T15:45] submit: no-op
[2026-08-07T16:00] episodes: no-new
[2026-08-07T16:00] submit: no-op
[2026-08-07T16:15] episodes: no-new
[2026-08-07T16:15] submit: no-op
[2026-08-07T16:30] episodes: no-new
[2026-08-07T16:30] submit: no-op
[2026-08-07T16:45] episodes: no-new
[2026-08-07T16:45] submit: no-op
[2026-08-07T17:00] episodes: no-new
[2026-08-07T17:00] cycle-error: OperationalError: database is locked
Traceback (most recent call last):
  File "C:\Users\Brad\Dev Folder\Product\ptcg-ai-battle-challenge-strategy\scripts\factory_watch_once.py", line 149, in watch_once
    deckdb.init_db(conn)  # idempotent CREATE IF NOT EXISTS -- defensive
    ~~~~~~~~~~~~~~^^^^^^
  File "C:\Users\Brad\Dev Folder\Product\ptcg-ai-battle-challenge-strategy\src\ptcg\factory\deckdb.py", line 258, in init_db
    _write(conn, _apply)
    ~~~~~~^^^^^^^^^^^^^^
  File "C:\Users\Brad\Dev Folder\Product\ptcg-ai-battle-challenge-strategy\src\ptcg\factory\deckdb.py", line 56, in _write
    conn.execute("BEGIN IMMEDIATE")
    ~~~~~~~~~~~~^^^^^^^^^^^^^^^^^^^
sqlite3.OperationalError: database is locked

[2026-08-07T17:15] episodes: no-new
[2026-08-07T17:15] submit: no-op
[2026-08-07T17:30] episodes: no-new
[2026-08-07T17:30] submit: no-op
[2026-08-07T17:45] episodes: no-new
[2026-08-07T17:45] submit: no-op
[2026-08-07T18:00] episodes: no-new
[2026-08-07T18:00] submit: no-op
[2026-08-07T18:15] episodes: no-new
[2026-08-07T18:15] submit: no-op
[2026-08-07T18:30] episodes: no-new
[2026-08-07T18:30] submit: no-op
[2026-08-07T18:45] episodes: no-new
[2026-08-07T18:45] submit: no-op
[2026-08-07T19:00] episodes: no-new
[2026-08-07T19:00] submit: no-op
[2026-08-07T19:15] episodes: no-new
[2026-08-07T19:15] submit: no-op
[2026-08-07T19:30] episodes: no-new
[2026-08-07T19:30] submit: no-op
[2026-08-07T19:45] episodes: no-new
[2026-08-07T19:45] submit: no-op
[2026-08-07T20:00] episodes: no-new
[2026-08-07T20:00] submit: no-op
[2026-08-07T20:15] episodes: no-new
[2026-08-07T20:15] submit: no-op
[2026-08-07T20:30] episodes: no-new
[2026-08-07T20:30] submit: no-op
[2026-08-07T20:45] episodes: no-new
[2026-08-07T20:45] submit: no-op
[2026-08-07T21:00] episodes: no-new
[2026-08-07T21:00] submit: no-op
[2026-08-07T21:15] episodes: no-new
[2026-08-07T21:15] submit: no-op
[2026-08-07T21:30] episodes: no-new
[2026-08-07T21:30] submit: no-op
[2026-08-07T21:45] episodes: no-new
[2026-08-07T21:45] submit: no-op
[2026-08-07T22:00] episodes: no-new
[2026-08-07T22:00] submit: no-op
[2026-08-07T22:15] episodes: no-new
[2026-08-07T22:15] submit: no-op
[2026-08-07T22:30] episodes: no-new
[2026-08-07T22:30] submit: no-op
[2026-08-07T22:45] episodes: no-new
[2026-08-07T22:45] cycle-error: OperationalError: database is locked
Traceback (most recent call last):
  File "C:\Users\Brad\Dev Folder\Product\ptcg-ai-battle-challenge-strategy\scripts\factory_watch_once.py", line 149, in watch_once
    deckdb.init_db(conn)  # idempotent CREATE IF NOT EXISTS -- defensive
    ~~~~~~~~~~~~~~^^^^^^
  File "C:\Users\Brad\Dev Folder\Product\ptcg-ai-battle-challenge-strategy\src\ptcg\factory\deckdb.py", line 258, in init_db
    _write(conn, _apply)
    ~~~~~~^^^^^^^^^^^^^^
  File "C:\Users\Brad\Dev Folder\Product\ptcg-ai-battle-challenge-strategy\src\ptcg\factory\deckdb.py", line 56, in _write
    conn.execute("BEGIN IMMEDIATE")
    ~~~~~~~~~~~~^^^^^^^^^^^^^^^^^^^
sqlite3.OperationalError: database is locked

[2026-08-07T23:00] episodes: no-new
[2026-08-07T23:00] submit: no-op
[2026-08-07T23:15] episodes: no-new
[2026-08-07T23:15] submit: no-op
[2026-08-07T23:30] episodes: no-new
[2026-08-07T23:30] submit: no-op
[2026-08-07T23:45] episodes: no-new
[2026-08-07T23:45] cycle-error: OperationalError: database is locked
Traceback (most recent call last):
  File "C:\Users\Brad\Dev Folder\Product\ptcg-ai-battle-challenge-strategy\scripts\factory_watch_once.py", line 149, in watch_once
    deckdb.init_db(conn)  # idempotent CREATE IF NOT EXISTS -- defensive
    ~~~~~~~~~~~~~~^^^^^^
  File "C:\Users\Brad\Dev Folder\Product\ptcg-ai-battle-challenge-strategy\src\ptcg\factory\deckdb.py", line 258, in init_db
    _write(conn, _apply)
    ~~~~~~^^^^^^^^^^^^^^
  File "C:\Users\Brad\Dev Folder\Product\ptcg-ai-battle-challenge-strategy\src\ptcg\factory\deckdb.py", line 56, in _write
    conn.execute("BEGIN IMMEDIATE")
    ~~~~~~~~~~~~^^^^^^^^^^^^^^^^^^^
sqlite3.OperationalError: database is locked

[2026-08-08T00:00] episodes: no-new
[2026-08-08T00:00] submit: no-op
[2026-08-08T00:15] episodes: no-new
[2026-08-08T00:15] submit: no-op
[2026-08-08T00:30] episodes: no-new
[2026-08-08T00:30] submit: no-op
[2026-08-08T00:45] episodes: no-new
[2026-08-08T00:45] submit: no-op
[2026-08-08T01:00] episodes: no-new
[2026-08-08T01:00] submit: no-op
[2026-08-08T01:15] episodes: no-new
[2026-08-08T01:15] submit: no-op
[2026-08-08T01:30] episodes: no-new
[2026-08-08T01:30] submit: no-op
[2026-08-08T01:45] episodes: no-new
[2026-08-08T01:45] submit: no-op
[2026-08-08T02:00] episodes: no-new
[2026-08-08T02:00] submit: no-op
[2026-08-08T02:15] episodes: no-new
[2026-08-08T02:15] cycle-error: OperationalError: database is locked
Traceback (most recent call last):
  File "C:\Users\Brad\Dev Folder\Product\ptcg-ai-battle-challenge-strategy\scripts\factory_watch_once.py", line 149, in watch_once
    deckdb.init_db(conn)  # idempotent CREATE IF NOT EXISTS -- defensive
    ~~~~~~~~~~~~~~^^^^^^
  File "C:\Users\Brad\Dev Folder\Product\ptcg-ai-battle-challenge-strategy\src\ptcg\factory\deckdb.py", line 258, in init_db
    _write(conn, _apply)
    ~~~~~~^^^^^^^^^^^^^^
  File "C:\Users\Brad\Dev Folder\Product\ptcg-ai-battle-challenge-strategy\src\ptcg\factory\deckdb.py", line 56, in _write
    conn.execute("BEGIN IMMEDIATE")
    ~~~~~~~~~~~~^^^^^^^^^^^^^^^^^^^
sqlite3.OperationalError: database is locked

[2026-08-08T02:30] episodes: no-new
[2026-08-08T02:30] submit: no-op
[2026-08-08T02:45] episodes: no-new
[2026-08-08T02:45] submit: no-op
[2026-08-08T03:00] episodes: no-new
[2026-08-08T03:00] submit: no-op
[2026-08-08T03:15] episodes: no-new
[2026-08-08T03:15] submit: no-op
[2026-08-08T03:30] episodes: no-new
[2026-08-08T03:30] cycle-error: OperationalError: database is locked
Traceback (most recent call last):
  File "C:\Users\Brad\Dev Folder\Product\ptcg-ai-battle-challenge-strategy\scripts\factory_watch_once.py", line 149, in watch_once
    deckdb.init_db(conn)  # idempotent CREATE IF NOT EXISTS -- defensive
    ~~~~~~~~~~~~~~^^^^^^
  File "C:\Users\Brad\Dev Folder\Product\ptcg-ai-battle-challenge-strategy\src\ptcg\factory\deckdb.py", line 258, in init_db
    _write(conn, _apply)
    ~~~~~~^^^^^^^^^^^^^^
  File "C:\Users\Brad\Dev Folder\Product\ptcg-ai-battle-challenge-strategy\src\ptcg\factory\deckdb.py", line 56, in _write
    conn.execute("BEGIN IMMEDIATE")
    ~~~~~~~~~~~~^^^^^^^^^^^^^^^^^^^
sqlite3.OperationalError: database is locked

[2026-08-08T03:45] episodes: no-new
[2026-08-08T03:45] submit: no-op
[2026-08-08T04:00] episodes: no-new
[2026-08-08T04:00] submit: no-op
[2026-08-08T04:15] episodes: no-new
[2026-08-08T04:15] submit: no-op
[2026-08-08T04:30] episodes: no-new
[2026-08-08T04:30] submit: no-op
[2026-08-08T04:45] episodes: no-new
[2026-08-08T04:45] submit: no-op
[2026-08-08T05:00] episodes: no-new
[2026-08-08T05:00] submit: no-op
[2026-08-08T05:15] episodes: no-new
[2026-08-08T05:15] submit: no-op
[2026-08-08T05:30] episodes: no-new
[2026-08-08T05:30] submit: no-op
[2026-08-08T05:45] episodes: no-new
[2026-08-08T05:45] submit: no-op
[2026-08-08T06:00] episodes: no-new
[2026-08-08T06:00] submit: no-op
[2026-08-08T06:15] episodes: no-new
[2026-08-08T06:15] submit: no-op
[2026-08-08T06:30] episodes: no-new
[2026-08-08T06:30] cycle-error: OperationalError: database is locked
Traceback (most recent call last):
  File "C:\Users\Brad\Dev Folder\Product\ptcg-ai-battle-challenge-strategy\scripts\factory_watch_once.py", line 149, in watch_once
    deckdb.init_db(conn)  # idempotent CREATE IF NOT EXISTS -- defensive
    ~~~~~~~~~~~~~~^^^^^^
  File "C:\Users\Brad\Dev Folder\Product\ptcg-ai-battle-challenge-strategy\src\ptcg\factory\deckdb.py", line 258, in init_db
    _write(conn, _apply)
    ~~~~~~^^^^^^^^^^^^^^
  File "C:\Users\Brad\Dev Folder\Product\ptcg-ai-battle-challenge-strategy\src\ptcg\factory\deckdb.py", line 56, in _write
    conn.execute("BEGIN IMMEDIATE")
    ~~~~~~~~~~~~^^^^^^^^^^^^^^^^^^^
sqlite3.OperationalError: database is locked

[2026-08-08T06:45] episodes: no-new
[2026-08-08T06:45] submit: no-op
[2026-08-08T07:00] episodes: no-new
[2026-08-08T07:00] submit: no-op
[2026-08-08T07:15] episodes: no-new
[2026-08-08T07:15] submit: no-op
[2026-08-08T07:30] episodes: no-new
[2026-08-08T07:30] submit: no-op
[2026-08-08T07:45] episodes: no-new
[2026-08-08T07:45] submit: no-op
[2026-08-08T08:00] episodes: no-new
[2026-08-08T08:00] cycle-error: OperationalError: database is locked
Traceback (most recent call last):
  File "C:\Users\Brad\Dev Folder\Product\ptcg-ai-battle-challenge-strategy\scripts\factory_watch_once.py", line 149, in watch_once
    deckdb.init_db(conn)  # idempotent CREATE IF NOT EXISTS -- defensive
    ~~~~~~~~~~~~~~^^^^^^
  File "C:\Users\Brad\Dev Folder\Product\ptcg-ai-battle-challenge-strategy\src\ptcg\factory\deckdb.py", line 258, in init_db
    _write(conn, _apply)
    ~~~~~~^^^^^^^^^^^^^^
  File "C:\Users\Brad\Dev Folder\Product\ptcg-ai-battle-challenge-strategy\src\ptcg\factory\deckdb.py", line 56, in _write
    conn.execute("BEGIN IMMEDIATE")
    ~~~~~~~~~~~~^^^^^^^^^^^^^^^^^^^
sqlite3.OperationalError: database is locked

[2026-08-08T08:15] episodes: no-new
[2026-08-08T08:15] submit: no-op
[2026-08-08T08:30] episodes: no-new
[2026-08-08T08:30] submit: no-op
[2026-08-08T08:45] episodes: no-new
[2026-08-08T08:45] submit: no-op
[2026-08-08T09:00] episodes: no-new
[2026-08-08T09:00] submit: no-op
[2026-08-08T09:15] episodes: no-new
[2026-08-08T09:15] submit: no-op
[2026-08-08T09:30] episodes: no-new
[2026-08-08T09:30] cycle-error: OperationalError: database is locked
Traceback (most recent call last):
  File "C:\Users\Brad\Dev Folder\Product\ptcg-ai-battle-challenge-strategy\scripts\factory_watch_once.py", line 149, in watch_once
    deckdb.init_db(conn)  # idempotent CREATE IF NOT EXISTS -- defensive
    ~~~~~~~~~~~~~~^^^^^^
  File "C:\Users\Brad\Dev Folder\Product\ptcg-ai-battle-challenge-strategy\src\ptcg\factory\deckdb.py", line 258, in init_db
    _write(conn, _apply)
    ~~~~~~^^^^^^^^^^^^^^
  File "C:\Users\Brad\Dev Folder\Product\ptcg-ai-battle-challenge-strategy\src\ptcg\factory\deckdb.py", line 56, in _write
    conn.execute("BEGIN IMMEDIATE")
    ~~~~~~~~~~~~^^^^^^^^^^^^^^^^^^^
sqlite3.OperationalError: database is locked

[2026-08-08T09:45] episodes: no-new
[2026-08-08T09:45] cycle-error: OperationalError: database is locked
Traceback (most recent call last):
  File "C:\Users\Brad\Dev Folder\Product\ptcg-ai-battle-challenge-strategy\scripts\factory_watch_once.py", line 149, in watch_once
    deckdb.init_db(conn)  # idempotent CREATE IF NOT EXISTS -- defensive
    ~~~~~~~~~~~~~~^^^^^^
  File "C:\Users\Brad\Dev Folder\Product\ptcg-ai-battle-challenge-strategy\src\ptcg\factory\deckdb.py", line 258, in init_db
    _write(conn, _apply)
    ~~~~~~^^^^^^^^^^^^^^
  File "C:\Users\Brad\Dev Folder\Product\ptcg-ai-battle-challenge-strategy\src\ptcg\factory\deckdb.py", line 56, in _write
    conn.execute("BEGIN IMMEDIATE")
    ~~~~~~~~~~~~^^^^^^^^^^^^^^^^^^^
sqlite3.OperationalError: database is locked

[2026-08-08T10:00] episodes: no-new
[2026-08-08T10:00] submit: no-op
[2026-08-08T10:15] episodes: no-new
[2026-08-08T10:15] submit: no-op
[2026-08-08T10:30] episodes: no-new
[2026-08-08T10:30] submit: no-op
[2026-08-08T10:45] episodes: no-new
[2026-08-08T10:45] submit: no-op
[2026-08-08T11:00] episodes: no-new
[2026-08-08T11:00] submit: no-op
[2026-08-08T11:15] episodes: no-new
[2026-08-08T11:15] submit: no-op
[2026-08-08T11:30] episodes: no-new
[2026-08-08T11:30] submit: no-op
[2026-08-08T11:45] episodes: no-new
[2026-08-08T11:45] submit: no-op
[2026-08-08T12:00] episodes: no-new
[2026-08-08T12:00] submit: no-op
[2026-08-08T12:15] episodes: no-new
[2026-08-08T12:15] submit: no-op
[2026-08-08T12:30] episodes: no-new
[2026-08-08T12:30] cycle-error: OperationalError: database is locked
Traceback (most recent call last):
  File "C:\Users\Brad\Dev Folder\Product\ptcg-ai-battle-challenge-strategy\scripts\factory_watch_once.py", line 149, in watch_once
    deckdb.init_db(conn)  # idempotent CREATE IF NOT EXISTS -- defensive
    ~~~~~~~~~~~~~~^^^^^^
  File "C:\Users\Brad\Dev Folder\Product\ptcg-ai-battle-challenge-strategy\src\ptcg\factory\deckdb.py", line 258, in init_db
    _write(conn, _apply)
    ~~~~~~^^^^^^^^^^^^^^
  File "C:\Users\Brad\Dev Folder\Product\ptcg-ai-battle-challenge-strategy\src\ptcg\factory\deckdb.py", line 56, in _write
    conn.execute("BEGIN IMMEDIATE")
    ~~~~~~~~~~~~^^^^^^^^^^^^^^^^^^^
sqlite3.OperationalError: database is locked

[2026-08-08T12:45] episodes: no-new
[2026-08-08T12:45] cycle-error: OperationalError: database is locked
Traceback (most recent call last):
  File "C:\Users\Brad\Dev Folder\Product\ptcg-ai-battle-challenge-strategy\scripts\factory_watch_once.py", line 149, in watch_once
    deckdb.init_db(conn)  # idempotent CREATE IF NOT EXISTS -- defensive
    ~~~~~~~~~~~~~~^^^^^^
  File "C:\Users\Brad\Dev Folder\Product\ptcg-ai-battle-challenge-strategy\src\ptcg\factory\deckdb.py", line 258, in init_db
    _write(conn, _apply)
    ~~~~~~^^^^^^^^^^^^^^
  File "C:\Users\Brad\Dev Folder\Product\ptcg-ai-battle-challenge-strategy\src\ptcg\factory\deckdb.py", line 56, in _write
    conn.execute("BEGIN IMMEDIATE")
    ~~~~~~~~~~~~^^^^^^^^^^^^^^^^^^^
sqlite3.OperationalError: database is locked

[2026-08-08T13:00] paused
[2026-08-08T13:15] paused
[2026-08-08T13:30] paused
[2026-08-08T13:45] paused
[2026-08-08T14:00] paused
[2026-08-08T14:15] paused
[2026-08-08T14:30] paused
[2026-08-08T14:45] paused
[2026-08-08T15:02] episodes: harvested:2026-08-08
[2026-08-08T15:02] submit: no-op
[2026-08-08T15:15] episodes: no-new
[2026-08-08T15:15] submit: no-op
[2026-08-08T15:30] episodes: no-new
[2026-08-08T15:30] submit: no-op
[2026-08-08T15:45] episodes: no-new
[2026-08-08T15:45] submit: no-op
[2026-08-08T16:00] episodes: no-new
[2026-08-08T16:00] submit: no-op
[2026-08-08T16:15] episodes: no-new
[2026-08-08T16:15] submit: no-op
[2026-08-08T16:30] episodes: no-new
[2026-08-08T16:30] submit: no-op
[2026-08-08T16:45] episodes: no-new
[2026-08-08T16:45] submit: no-op
[2026-08-08T17:00] episodes: no-new
[2026-08-08T17:00] submit: no-op
[2026-08-08T17:15] episodes: no-new
[2026-08-08T17:15] submit: no-op
[2026-08-08T17:30] episodes: no-new
[2026-08-08T17:30] submit: no-op
[2026-08-08T17:45] episodes: no-new
[2026-08-08T17:45] submit: no-op
[2026-08-08T18:00] episodes: no-new
[2026-08-08T18:00] submit: no-op
[2026-08-08T18:15] episodes: no-new
[2026-08-08T18:15] submit: no-op
[2026-08-08T18:30] episodes: no-new
[2026-08-08T18:30] submit: no-op
[2026-08-08T18:45] episodes: no-new
[2026-08-08T18:45] submit: no-op
[2026-08-08T19:00] episodes: no-new
[2026-08-08T19:00] submit: no-op
[2026-08-08T19:15] episodes: no-new
[2026-08-08T19:15] submit: no-op
[2026-08-08T19:30] episodes: no-new
[2026-08-08T19:30] submit: no-op
[2026-08-08T19:45] episodes: no-new
[2026-08-08T19:45] submit: no-op
[2026-08-08T20:00] episodes: no-new
[2026-08-08T20:00] submit: no-op
[2026-08-08T20:15] episodes: no-new
[2026-08-08T20:15] submit: no-op
[2026-08-08T20:30] episodes: no-new
[2026-08-08T20:30] submit: no-op
[2026-08-08T20:45] episodes: no-new
[2026-08-08T20:45] submit: no-op
[2026-08-08T21:00] episodes: no-new
[2026-08-08T21:00] submit: no-op
[2026-08-08T21:15] episodes: no-new
[2026-08-08T21:15] submit: no-op
[2026-08-08T21:30] episodes: no-new
[2026-08-08T21:30] submit: no-op
[2026-08-08T21:45] episodes: no-new
[2026-08-08T21:45] submit: no-op
[2026-08-08T22:00] episodes: no-new
[2026-08-08T22:00] submit: no-op
[2026-08-08T22:15] episodes: no-new
[2026-08-08T22:15] submit: no-op
[2026-08-08T22:30] episodes: no-new
[2026-08-08T22:30] submit: no-op
[2026-08-08T22:45] episodes: no-new
[2026-08-08T22:45] submit: no-op
[2026-08-08T23:00] episodes: no-new
[2026-08-08T23:00] submit: no-op
[2026-08-08T23:15] episodes: no-new
[2026-08-08T23:15] submit: no-op
[2026-08-08T23:30] episodes: no-new
[2026-08-08T23:30] submit: no-op
[2026-08-08T23:45] episodes: no-new
[2026-08-08T23:45] submit: no-op
[2026-08-09T00:00] episodes: no-new
[2026-08-09T00:00] submit: no-op
[2026-08-09T00:15] episodes: no-new
[2026-08-09T00:15] submit: no-op
[2026-08-09T00:30] episodes: no-new
[2026-08-09T00:30] submit: no-op
[2026-08-09T00:45] episodes: no-new
[2026-08-09T00:45] submit: no-op
[2026-08-09T01:00] episodes: no-new
[2026-08-09T01:00] submit: no-op
[2026-08-09T01:15] episodes: no-new
[2026-08-09T01:15] submit: no-op
[2026-08-09T01:30] episodes: no-new
[2026-08-09T01:30] submit: no-op
[2026-08-09T01:45] episodes: no-new
[2026-08-09T01:45] submit: no-op
[2026-08-09T02:00] episodes: no-new
[2026-08-09T02:00] submit: no-op
[2026-08-09T02:15] episodes: no-new
[2026-08-09T02:15] submit: no-op
[2026-08-09T02:30] episodes: no-new
[2026-08-09T02:30] submit: no-op
[2026-08-09T02:45] episodes: no-new
[2026-08-09T02:45] submit: no-op
[2026-08-09T03:00] episodes: no-new
[2026-08-09T03:00] submit: no-op
[2026-08-09T03:15] episodes: no-new
[2026-08-09T03:15] submit: no-op
[2026-08-09T03:30] episodes: no-new
[2026-08-09T03:30] submit: no-op
[2026-08-09T03:45] episodes: no-new
[2026-08-09T03:45] submit: no-op
[2026-08-09T04:00] episodes: no-new
[2026-08-09T04:00] submit: no-op
[2026-08-09T04:15] episodes: no-new
[2026-08-09T04:15] submit: no-op
[2026-08-09T04:30] episodes: no-new
[2026-08-09T04:30] submit: no-op
[2026-08-09T04:45] episodes: no-new
[2026-08-09T04:45] submit: no-op
[2026-08-09T05:00] episodes: no-new
[2026-08-09T05:00] submit: no-op
[2026-08-09T05:15] episodes: no-new
[2026-08-09T05:15] submit: no-op
[2026-08-09T05:30] episodes: no-new
[2026-08-09T05:30] submit: no-op
[2026-08-09T05:45] episodes: no-new
[2026-08-09T05:45] submit: no-op
[2026-08-09T06:00] episodes: no-new
[2026-08-09T06:00] submit: no-op
[2026-08-09T06:15] episodes: no-new
[2026-08-09T06:15] submit: no-op
[2026-08-09T06:30] episodes: no-new
[2026-08-09T06:30] submit: no-op
[2026-08-09T06:45] episodes: no-new
[2026-08-09T06:45] submit: no-op
[2026-08-09T07:00] episodes: no-new
[2026-08-09T07:00] submit: no-op
[2026-08-09T07:15] episodes: no-new
[2026-08-09T07:15] submit: no-op
[2026-08-09T07:30] episodes: no-new
[2026-08-09T07:30] submit: no-op
[2026-08-09T07:45] episodes: no-new
[2026-08-09T07:45] submit: no-op
[2026-08-09T08:00] episodes: no-new
[2026-08-09T08:00] submit: no-op
[2026-08-09T08:15] episodes: no-new
[2026-08-09T08:15] submit: no-op
[2026-08-09T08:30] episodes: no-new
[2026-08-09T08:30] submit: no-op
[2026-08-09T08:45] episodes: no-new
[2026-08-09T08:45] submit: no-op
[2026-08-09T09:00] episodes: no-new
[2026-08-09T09:00] submit: no-op
[2026-08-09T09:15] episodes: no-new
[2026-08-09T09:15] submit: no-op
[2026-08-09T09:30] episodes: no-new
[2026-08-09T09:30] submit: no-op
[2026-08-09T09:45] episodes: no-new
[2026-08-09T09:45] submit: no-op
[2026-08-09T10:00] episodes: no-new
[2026-08-09T10:00] submit: no-op
[2026-08-09T10:15] episodes: no-new
[2026-08-09T10:15] submit: no-op
[2026-08-09T10:30] episodes: no-new
[2026-08-09T10:30] submit: no-op
[2026-08-09T10:45] episodes: no-new
[2026-08-09T10:45] submit: no-op
[2026-08-09T11:00] episodes: no-new
[2026-08-09T11:00] submit: no-op
[2026-08-09T11:15] episodes: no-new
[2026-08-09T11:15] submit: no-op
[2026-08-09T11:30] episodes: no-new
[2026-08-09T11:30] submit: no-op
[2026-08-09T11:45] episodes: no-new
[2026-08-09T11:45] submit: no-op
[2026-08-09T12:00] episodes: no-new
[2026-08-09T12:00] submit: no-op
[2026-08-09T12:15] episodes: no-new
[2026-08-09T12:15] submit: no-op
[2026-08-09T12:30] episodes: no-new
[2026-08-09T12:30] submit: no-op
[2026-08-09T12:45] episodes: no-new
[2026-08-09T12:45] submit: no-op
[2026-08-09T13:00] episodes: no-new
[2026-08-09T13:00] submit: no-op
[2026-08-09T13:15] episodes: no-new
[2026-08-09T13:15] submit: no-op
[2026-08-09T13:30] episodes: no-new
[2026-08-09T13:30] submit: no-op
[2026-08-09T13:45] episodes: no-new
[2026-08-09T13:45] submit: no-op
[2026-08-09T14:00] episodes: no-new
[2026-08-09T14:00] submit: no-op
[2026-08-09T14:15] episodes: error:RuntimeError('kaggle CLI failed (1): 404 Client Error: Not Found for url: https://api.kaggle.com/v1/datasets.DatasetApiService/DownloadDataset')
[2026-08-09T14:15] submit: no-op
[2026-08-09T14:32] episodes: harvested:2026-08-09
[2026-08-09T14:32] submit: no-op
[2026-08-09T14:45] episodes: no-new
[2026-08-09T14:45] submit: no-op
[2026-08-09T15:00] episodes: no-new
[2026-08-09T15:00] submit: no-op
[2026-08-09T15:15] episodes: no-new
[2026-08-09T15:15] submit: no-op
[2026-08-09T15:30] episodes: no-new
[2026-08-09T15:30] submit: no-op
[2026-08-09T15:45] episodes: no-new
[2026-08-09T15:45] submit: no-op
[2026-08-09T16:00] episodes: no-new
[2026-08-09T16:00] submit: no-op
[2026-08-09T16:15] episodes: no-new
[2026-08-09T16:15] submit: no-op
[2026-08-09T16:30] episodes: no-new
[2026-08-09T16:30] submit: no-op
[2026-08-09T16:45] episodes: no-new
[2026-08-09T16:45] submit: no-op
[2026-08-09T17:00] episodes: no-new
[2026-08-09T17:00] submit: no-op
[2026-08-09T17:15] episodes: no-new
[2026-08-09T17:15] submit: no-op
[2026-08-09T17:30] episodes: no-new
[2026-08-09T17:30] submit: no-op
[2026-08-09T17:45] episodes: no-new
[2026-08-09T17:45] submit: no-op
[2026-08-09T18:00] episodes: no-new
[2026-08-09T18:00] submit: no-op
[2026-08-09T18:15] episodes: no-new
[2026-08-09T18:15] submit: no-op
[2026-08-09T18:30] episodes: no-new
[2026-08-09T18:30] submit: no-op
[2026-08-09T18:45] episodes: no-new
[2026-08-09T18:45] submit: no-op
[2026-08-09T19:00] episodes: no-new
[2026-08-09T19:00] submit: no-op
[2026-08-09T19:15] episodes: no-new
[2026-08-09T19:15] submit: no-op
[2026-08-09T19:30] episodes: no-new
[2026-08-09T19:30] submit: no-op
[2026-08-09T19:45] episodes: no-new
[2026-08-09T19:45] submit: no-op
[2026-08-09T20:00] episodes: no-new
[2026-08-09T20:00] submit: no-op
[2026-08-09T20:15] episodes: no-new
[2026-08-09T20:15] submit: no-op
[2026-08-09T20:30] episodes: no-new
[2026-08-09T20:30] submit: no-op
[2026-08-09T20:45] episodes: no-new
[2026-08-09T20:45] submit: no-op
[2026-08-09T21:00] episodes: no-new
[2026-08-09T21:00] submit: no-op
[2026-08-09T21:15] episodes: no-new
[2026-08-09T21:15] submit: no-op
[2026-08-09T21:30] episodes: no-new
[2026-08-09T21:30] submit: no-op
[2026-08-09T21:45] episodes: no-new
[2026-08-09T21:45] submit: no-op
[2026-08-09T22:00] episodes: no-new
[2026-08-09T22:00] submit: no-op
[2026-08-09T22:15] episodes: no-new
[2026-08-09T22:15] submit: no-op
[2026-08-09T22:30] episodes: no-new
[2026-08-09T22:30] submit: no-op
[2026-08-09T22:45] episodes: no-new
[2026-08-09T22:45] submit: no-op
[2026-08-09T23:00] episodes: no-new
[2026-08-09T23:00] submit: no-op
[2026-08-09T23:15] episodes: no-new
[2026-08-09T23:15] submit: no-op
[2026-08-09T23:30] episodes: no-new
[2026-08-09T23:30] submit: no-op
[2026-08-09T23:45] episodes: no-new
[2026-08-09T23:45] submit: no-op
[2026-08-10T00:00] episodes: no-new
[2026-08-10T00:00] submit: no-op
[2026-08-10T00:15] episodes: no-new
[2026-08-10T00:15] submit: no-op
[2026-08-10T00:30] episodes: no-new
[2026-08-10T00:30] submit: no-op
[2026-08-10T00:45] episodes: no-new
[2026-08-10T00:45] submit: no-op
[2026-08-10T01:00] episodes: no-new
[2026-08-10T01:00] submit: no-op
[2026-08-10T01:15] episodes: no-new
[2026-08-10T01:15] submit: no-op
[2026-08-10T01:30] episodes: no-new
[2026-08-10T01:30] submit: no-op
[2026-08-10T01:45] episodes: no-new
[2026-08-10T01:45] submit: no-op
[2026-08-10T02:00] episodes: no-new
[2026-08-10T02:00] submit: no-op
[2026-08-10T02:15] episodes: no-new
[2026-08-10T02:15] submit: no-op
[2026-08-10T02:30] episodes: no-new
[2026-08-10T02:30] submit: no-op
[2026-08-10T02:45] episodes: no-new
[2026-08-10T02:45] submit: no-op
[2026-08-10T03:00] episodes: no-new
[2026-08-10T03:00] submit: no-op
[2026-08-10T03:15] episodes: no-new
[2026-08-10T03:15] submit: no-op
[2026-08-10T03:30] episodes: no-new
[2026-08-10T03:30] submit: no-op
[2026-08-10T03:45] episodes: no-new
[2026-08-10T03:45] submit: no-op
[2026-08-10T04:00] episodes: no-new
[2026-08-10T04:00] submit: no-op
[2026-08-10T04:15] episodes: no-new
[2026-08-10T04:15] submit: no-op
[2026-08-10T04:30] episodes: no-new
[2026-08-10T04:30] submit: no-op
[2026-08-10T04:45] episodes: no-new
[2026-08-10T04:45] submit: no-op
[2026-08-10T05:00] episodes: no-new
[2026-08-10T05:00] submit: no-op
[2026-08-10T05:15] episodes: no-new
[2026-08-10T05:15] submit: no-op
[2026-08-10T05:30] episodes: no-new
[2026-08-10T05:30] submit: no-op
[2026-08-10T05:45] episodes: no-new
[2026-08-10T05:45] submit: no-op
[2026-08-10T06:00] episodes: no-new
[2026-08-10T06:00] submit: no-op
[2026-08-10T06:15] episodes: no-new
[2026-08-10T06:15] submit: no-op
[2026-08-10T06:30] episodes: no-new
[2026-08-10T06:30] submit: no-op
[2026-08-10T06:45] episodes: no-new
[2026-08-10T06:45] submit: no-op
[2026-08-10T07:00] episodes: no-new
[2026-08-10T07:00] submit: no-op
[2026-08-10T07:15] episodes: no-new
[2026-08-10T07:15] submit: no-op
[2026-08-10T07:30] episodes: no-new
[2026-08-10T07:30] submit: no-op
[2026-08-10T07:45] episodes: no-new
[2026-08-10T07:45] submit: no-op
[2026-08-10T08:00] episodes: no-new
[2026-08-10T08:00] submit: no-op
[2026-08-10T08:15] episodes: no-new
[2026-08-10T08:15] submit: GATE=pair-gate-pending
[2026-08-10T08:30] episodes: no-new
[2026-08-10T08:30] submit: tournament-champion-v0.14=submitted
[2026-08-10T08:46] episodes: no-new
[2026-08-10T08:46] submit: no-op
[2026-08-10T09:00] episodes: no-new
[2026-08-10T09:00] submit: no-op
[2026-08-10T09:15] episodes: no-new
[2026-08-10T09:15] submit: no-op
[2026-08-10T09:30] episodes: no-new
[2026-08-10T09:30] submit: no-op
[2026-08-10T09:45] episodes: no-new
[2026-08-10T09:45] submit: no-op
[2026-08-10T10:00] episodes: no-new
[2026-08-10T10:00] submit: no-op
[2026-08-10T10:15] episodes: no-new
[2026-08-10T10:15] submit: no-op
[2026-08-10T10:30] episodes: no-new
[2026-08-10T10:30] submit: no-op
[2026-08-10T10:45] episodes: no-new
[2026-08-10T10:45] submit: GATE=pair-gate-pending
[2026-08-10T11:00] episodes: no-new
[2026-08-10T11:00] submit: tournament-champion-v0.15=submitted
[2026-08-10T11:15] episodes: no-new
[2026-08-10T11:15] submit: no-op
[2026-08-10T11:30] episodes: no-new
[2026-08-10T11:30] submit: no-op
[2026-08-10T11:45] episodes: no-new
[2026-08-10T11:45] submit: no-op
[2026-08-10T12:00] episodes: no-new
[2026-08-10T12:00] submit: no-op
[2026-08-10T12:15] episodes: no-new
[2026-08-10T12:15] submit: no-op
[2026-08-10T12:30] episodes: no-new
[2026-08-10T12:30] submit: no-op
[2026-08-10T12:45] episodes: no-new
[2026-08-10T12:45] submit: no-op
[2026-08-10T13:00] episodes: no-new
[2026-08-10T13:00] submit: no-op
[2026-08-10T13:15] episodes: no-new
[2026-08-10T13:15] submit: no-op
[2026-08-10T13:30] episodes: no-new
[2026-08-10T13:30] submit: no-op
[2026-08-10T13:45] episodes: no-new
[2026-08-10T13:45] submit: no-op
[2026-08-10T14:00] episodes: no-new
[2026-08-10T14:00] submit: GATE=pair-gate-pending
[2026-08-10T14:17] episodes: harvested:2026-08-10
[2026-08-10T14:17] submit: tournament-champion-v0.16=submitted
[2026-08-10T14:30] episodes: no-new
[2026-08-10T14:30] submit: no-op
[2026-08-10T14:45] episodes: no-new
[2026-08-10T14:45] submit: no-op
[2026-08-10T15:00] episodes: no-new
[2026-08-10T15:00] submit: no-op
[2026-08-10T15:16] episodes: no-new
[2026-08-10T15:18] submit: no-op
[2026-08-10T15:30] episodes: no-new
[2026-08-10T15:31] submit: no-op
[2026-08-10T15:46] episodes: no-new
[2026-08-10T15:47] submit: no-op
[2026-08-10T16:03] episodes: error:RuntimeError("kaggle CLI failed (1): HTTPSConnectionPool(host='api.kaggle.com', port=443): Max retries exceeded with url: /v1/datasets.DatasetApiService/GetDatasetMetadata (Caused by SSLError(SSLEOFError(8, '[SSL: UNEXPECTED_EOF_WHILE_READING] EOF occurred in violation of protocol (_ssl.c:1028)')))")
[2026-08-10T16:05] submit: no-op
[2026-08-10T16:16] episodes: no-new
[2026-08-10T16:17] submit: no-op
[2026-08-10T16:35] episodes: no-new
[2026-08-10T16:35] submit: no-op
[2026-08-10T16:46] episodes: no-new
[2026-08-10T16:46] submit: no-op
[2026-08-10T17:01] episodes: error:RuntimeError("kaggle CLI failed (1): HTTPSConnectionPool(host='api.kaggle.com', port=443): Max retries exceeded with url: /v1/datasets.DatasetApiService/GetDatasetMetadata (Caused by SSLError(SSLEOFError(8, '[SSL: UNEXPECTED_EOF_WHILE_READING] EOF occurred in violation of protocol (_ssl.c:1028)')))")
[2026-08-10T17:02] submit: no-op
[2026-08-10T17:15] episodes: no-new
[2026-08-10T17:15] submit: no-op
[2026-08-10T17:30] episodes: no-new
[2026-08-10T17:30] submit: no-op
[2026-08-10T17:45] episodes: no-new
[2026-08-10T17:45] submit: no-op
[2026-08-10T18:00] episodes: no-new
[2026-08-10T18:00] submit: no-op
[2026-08-10T18:15] episodes: no-new
[2026-08-10T18:15] submit: no-op
[2026-08-10T18:30] episodes: no-new
[2026-08-10T18:30] submit: no-op
[2026-08-10T18:45] episodes: no-new
[2026-08-10T18:45] submit: no-op
[2026-08-10T19:00] episodes: no-new
[2026-08-10T19:00] submit: GATE=pair-gate-pending
[2026-08-10T19:15] episodes: no-new
[2026-08-10T19:15] submit: tournament-champion-v0.17=submitted
[2026-08-10T19:30] episodes: no-new
[2026-08-10T19:30] submit: no-op
[2026-08-10T19:45] episodes: no-new
[2026-08-10T19:45] submit: no-op
[2026-08-10T20:00] episodes: no-new
[2026-08-10T20:00] submit: no-op
[2026-08-10T20:15] episodes: no-new
[2026-08-10T20:15] submit: no-op
[2026-08-10T20:30] episodes: no-new
[2026-08-10T20:30] submit: no-op
[2026-08-10T20:45] episodes: no-new
[2026-08-10T20:45] submit: no-op
[2026-08-10T21:00] episodes: no-new
[2026-08-10T21:00] submit: no-op
[2026-08-10T21:15] episodes: no-new
[2026-08-10T21:15] submit: no-op
[2026-08-10T21:30] episodes: no-new
[2026-08-10T21:30] submit: no-op
[2026-08-10T21:45] episodes: no-new
[2026-08-10T21:45] submit: no-op
[2026-08-10T22:00] episodes: no-new
[2026-08-10T22:00] submit: no-op
[2026-08-10T22:15] episodes: no-new
[2026-08-10T22:15] submit: no-op
[2026-08-10T22:30] episodes: no-new
[2026-08-10T22:30] submit: no-op
[2026-08-10T22:45] episodes: no-new
[2026-08-10T22:45] submit: no-op
[2026-08-10T23:00] episodes: no-new
[2026-08-10T23:00] submit: no-op
[2026-08-10T23:15] episodes: no-new
[2026-08-10T23:15] submit: no-op
[2026-08-10T23:30] episodes: no-new
[2026-08-10T23:30] submit: no-op
[2026-08-10T23:45] episodes: no-new
[2026-08-10T23:45] submit: GATE=pair-gate-pending
[2026-08-11T00:00] episodes: no-new
[2026-08-11T00:00] submit: tournament-champion-v0.20=submitted
[2026-08-11T00:15] episodes: no-new
[2026-08-11T00:15] submit: no-op
[2026-08-11T00:30] episodes: no-new
[2026-08-11T00:30] submit: no-op
[2026-08-11T00:45] episodes: no-new
[2026-08-11T00:45] submit: no-op
[2026-08-11T01:00] episodes: no-new
[2026-08-11T01:00] submit: no-op
[2026-08-11T01:15] episodes: no-new
[2026-08-11T01:15] submit: no-op
[2026-08-11T01:30] episodes: no-new
[2026-08-11T01:30] submit: no-op
[2026-08-11T01:45] episodes: no-new
[2026-08-11T01:45] submit: no-op
[2026-08-11T02:00] episodes: no-new
[2026-08-11T02:00] submit: no-op
[2026-08-11T02:15] episodes: no-new
[2026-08-11T02:15] submit: no-op
[2026-08-11T02:30] episodes: no-new
[2026-08-11T02:30] submit: no-op
[2026-08-11T02:45] episodes: no-new
[2026-08-11T02:45] submit: no-op
[2026-08-11T03:00] episodes: no-new
[2026-08-11T03:00] submit: no-op
[2026-08-11T03:15] episodes: no-new
[2026-08-11T03:15] submit: no-op
[2026-08-11T03:30] episodes: no-new
[2026-08-11T03:30] submit: no-op
[2026-08-11T03:45] episodes: error:RuntimeError('kaggle CLI failed (1): Traceback (most recent call last):\n  File "C:\\Users\\Brad\\AppData\\Local\\uv\\cache\\archive-v0\\1Jaa4moET8eCnzIlcpEM1\\Lib\\site-packages\\urllib3\\connection.py", line 204, in _new_conn\n    sock = connection.create_connection(\n        (self._dns_host, self.port),\n    ...<2 lines>...\n        socket_options=self.socket_options,\n    )\n  File "C:\\
[2026-08-11T03:45] submit: AUTH=auth-dead
[2026-08-11T04:00] episodes: no-new
[2026-08-11T04:00] submit: no-op
[2026-08-11T04:15] episodes: no-new
[2026-08-11T04:15] submit: no-op
[2026-08-11T04:30] episodes: no-new
[2026-08-11T04:30] submit: GATE=pair-gate-pending
[2026-08-11T04:45] episodes: no-new
[2026-08-11T04:45] submit: tournament-champion-v0.22=submitted
[2026-08-11T05:00] episodes: no-new
[2026-08-11T05:00] submit: no-op
[2026-08-11T05:15] episodes: no-new
[2026-08-11T05:15] submit: no-op
[2026-08-11T05:30] episodes: no-new
[2026-08-11T05:30] submit: no-op
[2026-08-11T05:46] episodes: error:RuntimeError("kaggle CLI failed (1): HTTPSConnectionPool(host='api.kaggle.com', port=443): Max retries exceeded with url: /v1/datasets.DatasetApiService/GetDatasetMetadata (Caused by SSLError(SSLEOFError(8, '[SSL: UNEXPECTED_EOF_WHILE_READING] EOF occurred in violation of protocol (_ssl.c:1028)')))")
[2026-08-11T05:46] submit: no-op
[2026-08-11T06:00] episodes: no-new
[2026-08-11T06:00] submit: no-op
[2026-08-11T06:15] episodes: no-new
[2026-08-11T06:15] submit: no-op
[2026-08-11T06:30] episodes: no-new
[2026-08-11T06:30] submit: no-op
[2026-08-11T06:45] episodes: no-new
[2026-08-11T06:45] submit: no-op
[2026-08-11T07:00] episodes: no-new
[2026-08-11T07:00] submit: no-op
[2026-08-11T07:15] episodes: no-new
[2026-08-11T07:15] submit: no-op
[2026-08-11T07:30] episodes: no-new
[2026-08-11T07:30] submit: no-op
[2026-08-11T07:45] episodes: no-new
[2026-08-11T07:45] submit: no-op
[2026-08-11T08:00] episodes: no-new
[2026-08-11T08:00] submit: no-op
[2026-08-11T08:15] episodes: no-new
[2026-08-11T08:15] submit: no-op
[2026-08-11T08:30] episodes: no-new
[2026-08-11T08:30] submit: no-op
[2026-08-11T08:45] episodes: no-new
[2026-08-11T08:45] submit: no-op
[2026-08-11T09:00] episodes: no-new
[2026-08-11T09:00] submit: no-op
[2026-08-11T09:15] episodes: no-new
[2026-08-11T09:15] submit: GATE=pair-gate-pending
[2026-08-11T09:30] episodes: no-new
[2026-08-11T09:30] submit: tournament-champion-v0.24=submitted
[2026-08-11T09:45] episodes: no-new
[2026-08-11T09:45] submit: no-op
[2026-08-11T10:00] episodes: no-new
[2026-08-11T10:00] submit: no-op
[2026-08-11T10:15] episodes: no-new
[2026-08-11T10:15] submit: no-op
[2026-08-11T10:30] episodes: no-new
[2026-08-11T10:31] submit: no-op
[2026-08-11T10:46] episodes: error:RuntimeError("kaggle CLI failed (1): HTTPSConnectionPool(host='api.kaggle.com', port=443): Max retries exceeded with url: /v1/datasets.DatasetApiService/GetDatasetMetadata (Caused by SSLError(SSLEOFError(8, '[SSL: UNEXPECTED_EOF_WHILE_READING] EOF occurred in violation of protocol (_ssl.c:1028)')))")
[2026-08-11T10:48] submit: no-op
[2026-08-11T11:00] episodes: no-new
[2026-08-11T11:01] submit: no-op
[2026-08-11T11:17] episodes: no-new
[2026-08-11T11:20] submit: no-op
[2026-08-11T11:30] paused
[2026-08-11T11:45] paused
[2026-08-11T12:00] paused
[2026-08-11T12:15] paused
[2026-08-11T12:30] paused
[2026-08-11T12:45] paused
[2026-08-11T13:00] paused
[2026-08-11T13:15] paused
[2026-08-11T13:30] paused
[2026-08-11T13:45] paused
[2026-08-11T14:00] paused
[2026-08-11T14:16] paused
[2026-08-11T14:30] paused
[2026-08-11T14:45] paused
[2026-08-11T15:00] paused
[2026-08-11T15:15] paused
[2026-08-11T15:30] paused
[2026-08-11T15:45] paused
[2026-08-11T16:00] paused
[2026-08-11T16:15] paused
[2026-08-11T16:33] episodes: harvested:2026-08-11
[2026-08-11T16:33] submit: no-op
[2026-08-12T15:09] episodes: harvested:2026-08-12
[2026-08-12T15:09] submit: held (SUBMIT_HOLD present)
[2026-08-12T15:15] episodes: no-new
[2026-08-12T15:15] submit: held (SUBMIT_HOLD present)
[2026-08-12T15:32] episodes: no-new
[2026-08-12T15:32] submit: held (SUBMIT_HOLD present)
[2026-08-12T15:46] episodes: no-new
[2026-08-12T15:46] submit: held (SUBMIT_HOLD present)
[2026-08-12T16:02] episodes: no-new
[2026-08-12T16:02] submit: held (SUBMIT_HOLD present)
[2026-08-12T16:15] episodes: no-new
[2026-08-12T16:15] submit: held (SUBMIT_HOLD present)
[2026-08-12T16:30] episodes: no-new
[2026-08-12T16:30] submit: held (SUBMIT_HOLD present)
[2026-08-12T16:45] episodes: no-new
[2026-08-12T16:45] submit: held (SUBMIT_HOLD present)
[2026-08-12T17:00] episodes: no-new
[2026-08-12T17:00] submit: held (SUBMIT_HOLD present)
[2026-08-12T17:15] episodes: no-new
[2026-08-12T17:15] submit: held (SUBMIT_HOLD present)
[2026-08-12T17:30] episodes: no-new
[2026-08-12T17:30] submit: held (SUBMIT_HOLD present)
[2026-08-12T17:45] episodes: no-new
[2026-08-12T17:45] submit: held (SUBMIT_HOLD present)
[2026-08-12T18:00] episodes: no-new
[2026-08-12T18:00] submit: held (SUBMIT_HOLD present)
[2026-08-12T18:15] episodes: no-new
[2026-08-12T18:15] submit: held (SUBMIT_HOLD present)
[2026-08-12T18:30] episodes: no-new
[2026-08-12T18:30] submit: held (SUBMIT_HOLD present)
[2026-08-12T18:45] episodes: no-new
[2026-08-12T18:45] submit: held (SUBMIT_HOLD present)
[2026-08-12T19:00] episodes: no-new
[2026-08-12T19:00] submit: held (SUBMIT_HOLD present)
[2026-08-12T19:15] episodes: no-new
[2026-08-12T19:15] submit: held (SUBMIT_HOLD present)
[2026-08-12T19:30] episodes: no-new
[2026-08-12T19:30] submit: held (SUBMIT_HOLD present)
[2026-08-12T19:45] episodes: no-new
[2026-08-12T19:45] submit: held (SUBMIT_HOLD present)
[2026-08-12T20:00] episodes: no-new
[2026-08-12T20:00] submit: held (SUBMIT_HOLD present)
[2026-08-12T20:15] episodes: no-new
[2026-08-12T20:15] submit: held (SUBMIT_HOLD present)
[2026-08-12T20:30] episodes: no-new
[2026-08-12T20:30] submit: held (SUBMIT_HOLD present)
[2026-08-12T20:45] episodes: no-new
[2026-08-12T20:45] submit: held (SUBMIT_HOLD present)
[2026-08-12T21:00] episodes: no-new
[2026-08-12T21:00] submit: held (SUBMIT_HOLD present)
[2026-08-12T21:15] episodes: no-new
[2026-08-12T21:15] submit: held (SUBMIT_HOLD present)
[2026-08-12T21:30] episodes: no-new
[2026-08-12T21:30] submit: held (SUBMIT_HOLD present)
[2026-08-12T21:45] episodes: no-new
[2026-08-12T21:45] submit: held (SUBMIT_HOLD present)
[2026-08-12T22:00] episodes: no-new
[2026-08-12T22:00] submit: held (SUBMIT_HOLD present)
[2026-08-12T22:15] episodes: no-new
[2026-08-12T22:15] submit: held (SUBMIT_HOLD present)
[2026-08-12T22:30] episodes: no-new
[2026-08-12T22:30] submit: held (SUBMIT_HOLD present)
[2026-08-12T22:45] episodes: no-new
[2026-08-12T22:45] submit: held (SUBMIT_HOLD present)
[2026-08-12T23:00] episodes: no-new
[2026-08-12T23:00] submit: held (SUBMIT_HOLD present)
[2026-08-12T23:15] episodes: no-new
[2026-08-12T23:15] submit: held (SUBMIT_HOLD present)
[2026-08-12T23:30] episodes: no-new
[2026-08-12T23:30] submit: held (SUBMIT_HOLD present)
[2026-08-12T23:45] episodes: no-new
[2026-08-12T23:45] submit: held (SUBMIT_HOLD present)
[2026-08-13T00:00] episodes: no-new
[2026-08-13T00:00] submit: held (SUBMIT_HOLD present)
[2026-08-13T00:15] episodes: no-new
[2026-08-13T00:15] submit: held (SUBMIT_HOLD present)
[2026-08-13T00:30] episodes: no-new
[2026-08-13T00:30] submit: held (SUBMIT_HOLD present)
[2026-08-13T00:45] episodes: no-new
[2026-08-13T00:45] submit: held (SUBMIT_HOLD present)
[2026-08-13T01:00] episodes: no-new
[2026-08-13T01:00] submit: held (SUBMIT_HOLD present)
[2026-08-13T01:15] episodes: no-new
[2026-08-13T01:15] submit: held (SUBMIT_HOLD present)
[2026-08-13T01:30] episodes: no-new
[2026-08-13T01:30] submit: held (SUBMIT_HOLD present)
[2026-08-13T01:45] episodes: no-new
[2026-08-13T01:45] submit: held (SUBMIT_HOLD present)
[2026-08-13T02:00] episodes: no-new
[2026-08-13T02:00] submit: held (SUBMIT_HOLD present)
[2026-08-13T02:15] episodes: no-new
[2026-08-13T02:15] submit: held (SUBMIT_HOLD present)
[2026-08-13T02:30] episodes: no-new
[2026-08-13T02:30] submit: held (SUBMIT_HOLD present)
[2026-08-13T02:45] episodes: no-new
[2026-08-13T02:45] submit: held (SUBMIT_HOLD present)
[2026-08-13T03:00] episodes: no-new
[2026-08-13T03:00] submit: held (SUBMIT_HOLD present)
[2026-08-13T03:15] episodes: no-new
[2026-08-13T03:15] submit: held (SUBMIT_HOLD present)
[2026-08-13T03:30] episodes: no-new
[2026-08-13T03:30] submit: held (SUBMIT_HOLD present)
[2026-08-13T03:45] episodes: no-new
[2026-08-13T03:45] submit: held (SUBMIT_HOLD present)
[2026-08-13T04:00] episodes: no-new
[2026-08-13T04:00] submit: held (SUBMIT_HOLD present)
[2026-08-13T04:15] episodes: no-new
[2026-08-13T04:15] submit: held (SUBMIT_HOLD present)
[2026-08-13T04:30] episodes: no-new
[2026-08-13T04:30] submit: held (SUBMIT_HOLD present)
[2026-08-13T04:45] episodes: no-new
[2026-08-13T04:45] submit: held (SUBMIT_HOLD present)
[2026-08-13T05:00] episodes: no-new
[2026-08-13T05:00] submit: held (SUBMIT_HOLD present)
[2026-08-13T05:15] episodes: no-new
[2026-08-13T05:15] submit: held (SUBMIT_HOLD present)
[2026-08-13T05:30] episodes: no-new
[2026-08-13T05:30] submit: held (SUBMIT_HOLD present)
[2026-08-13T05:45] episodes: no-new
[2026-08-13T05:45] submit: held (SUBMIT_HOLD present)
[2026-08-13T06:00] episodes: no-new
[2026-08-13T06:00] submit: held (SUBMIT_HOLD present)
[2026-08-13T06:15] episodes: no-new
[2026-08-13T06:15] submit: held (SUBMIT_HOLD present)
[2026-08-13T06:30] episodes: no-new
[2026-08-13T06:30] submit: held (SUBMIT_HOLD present)
[2026-08-13T06:45] episodes: no-new
[2026-08-13T06:45] submit: held (SUBMIT_HOLD present)
[2026-08-13T07:00] episodes: no-new
[2026-08-13T07:00] submit: held (SUBMIT_HOLD present)
[2026-08-13T07:15] episodes: no-new
[2026-08-13T07:15] submit: held (SUBMIT_HOLD present)
[2026-08-13T07:30] episodes: no-new
[2026-08-13T07:30] submit: held (SUBMIT_HOLD present)
[2026-08-13T07:45] episodes: no-new
[2026-08-13T07:45] submit: held (SUBMIT_HOLD present)
[2026-08-13T08:00] episodes: no-new
[2026-08-13T08:00] submit: held (SUBMIT_HOLD present)
[2026-08-13T08:19] episodes: error:RuntimeError('kaggle CLI failed (1): Traceback (most recent call last):\n  File "C:\\Users\\Brad\\AppData\\Local\\uv\\cache\\archive-v0\\rYqi0T0qJv8fXPLg44Pee\\Lib\\site-packages\\urllib3\\connectionpool.py", line 464, in _make_request\n    self._validate_conn(conn)\n    ~~~~~~~~~~~~~~~~~~~^^^^^^\n  File "C:\\Users\\Brad\\AppData\\Local\\uv\\cache\\archive-v0\\rYqi0T0qJv8fXPLg44Pee\\Lib\\sit
[2026-08-13T08:19] submit: held (SUBMIT_HOLD present)
[2026-08-13T08:30] paused
[2026-08-13T08:45] paused
[2026-08-13T09:00] paused
[2026-08-13T09:15] paused
[2026-08-13T09:30] paused
[2026-08-13T09:45] episodes: no-new
[2026-08-13T09:45] submit: held (SUBMIT_HOLD present)
[2026-08-13T10:00] episodes: no-new
[2026-08-13T10:00] submit: held (SUBMIT_HOLD present)
[2026-08-13T10:15] episodes: no-new
[2026-08-13T10:15] submit: held (SUBMIT_HOLD present)
[2026-08-13T10:30] episodes: no-new
[2026-08-13T10:30] submit: held (SUBMIT_HOLD present)
[2026-08-13T10:45] episodes: no-new
[2026-08-13T10:45] submit: held (SUBMIT_HOLD present)
[2026-08-13T11:00] episodes: no-new
[2026-08-13T11:00] submit: held (SUBMIT_HOLD present)
[2026-08-13T11:15] episodes: no-new
[2026-08-13T11:15] submit: held (SUBMIT_HOLD present)
[2026-08-13T11:30] episodes: no-new
[2026-08-13T11:30] submit: held (SUBMIT_HOLD present)
[2026-08-13T11:45] episodes: no-new
[2026-08-13T11:45] submit: held (SUBMIT_HOLD present)
[2026-08-13T12:02] episodes: no-new
[2026-08-13T12:02] submit: held (SUBMIT_HOLD present)
[2026-08-13T12:20] episodes: error:RuntimeError("kaggle CLI failed (1): HTTPSConnectionPool(host='api.kaggle.com', port=443): Max retries exceeded with url: /v1/datasets.DatasetApiService/GetDatasetMetadata (Caused by SSLError(SSLEOFError(8, '[SSL: UNEXPECTED_EOF_WHILE_READING] EOF occurred in violation of protocol (_ssl.c:1028)')))")
[2026-08-13T12:20] submit: held (SUBMIT_HOLD present)
[2026-08-13T12:32] episodes: no-new
[2026-08-13T12:32] submit: held (SUBMIT_HOLD present)
[2026-08-13T12:45] episodes: no-new
[2026-08-13T12:45] submit: held (SUBMIT_HOLD present)
[2026-08-13T13:00] episodes: no-new
[2026-08-13T13:00] submit: held (SUBMIT_HOLD present)
[2026-08-13T21:17] episodes: harvested:2026-08-13
[2026-08-13T21:17] submit: held (SUBMIT_HOLD present)
[2026-08-13T21:30] episodes: no-new
[2026-08-13T21:30] submit: held (SUBMIT_HOLD present)
[2026-08-13T21:45] episodes: no-new
[2026-08-13T21:45] submit: held (SUBMIT_HOLD present)
[2026-08-13T22:00] episodes: no-new
[2026-08-13T22:00] submit: held (SUBMIT_HOLD present)
[2026-08-13T22:15] episodes: no-new
[2026-08-13T22:15] submit: held (SUBMIT_HOLD present)
[2026-08-13T22:30] episodes: no-new
[2026-08-13T22:30] submit: held (SUBMIT_HOLD present)
[2026-08-13T22:45] episodes: no-new
[2026-08-13T22:45] submit: held (SUBMIT_HOLD present)
[2026-08-13T23:00] episodes: no-new
[2026-08-13T23:00] submit: held (SUBMIT_HOLD present)
[2026-08-13T23:15] episodes: no-new
[2026-08-13T23:15] submit: held (SUBMIT_HOLD present)
[2026-08-13T23:30] episodes: no-new
[2026-08-13T23:30] submit: held (SUBMIT_HOLD present)
[2026-08-13T23:45] episodes: no-new
[2026-08-13T23:45] submit: held (SUBMIT_HOLD present)
[2026-08-14T00:00] episodes: no-new
[2026-08-14T00:00] submit: held (SUBMIT_HOLD present)
[2026-08-14T00:15] episodes: no-new
[2026-08-14T00:15] submit: held (SUBMIT_HOLD present)
[2026-08-14T00:30] episodes: no-new
[2026-08-14T00:30] submit: held (SUBMIT_HOLD present)
[2026-08-14T00:45] episodes: no-new
[2026-08-14T00:45] submit: held (SUBMIT_HOLD present)
[2026-08-14T01:00] episodes: no-new
[2026-08-14T01:00] submit: held (SUBMIT_HOLD present)
[2026-08-14T01:15] episodes: no-new
[2026-08-14T01:15] submit: held (SUBMIT_HOLD present)
[2026-08-14T01:30] episodes: no-new
[2026-08-14T01:30] submit: held (SUBMIT_HOLD present)
[2026-08-14T01:45] episodes: no-new
[2026-08-14T01:45] submit: held (SUBMIT_HOLD present)
[2026-08-14T02:00] episodes: no-new
[2026-08-14T02:00] submit: held (SUBMIT_HOLD present)
[2026-08-14T02:15] episodes: no-new
[2026-08-14T02:15] submit: held (SUBMIT_HOLD present)
[2026-08-14T02:30] episodes: no-new
[2026-08-14T02:30] submit: held (SUBMIT_HOLD present)
[2026-08-14T02:45] episodes: no-new
[2026-08-14T02:45] submit: held (SUBMIT_HOLD present)
[2026-08-14T03:00] episodes: no-new
[2026-08-14T03:00] submit: held (SUBMIT_HOLD present)
[2026-08-14T03:15] episodes: no-new
[2026-08-14T03:15] submit: held (SUBMIT_HOLD present)
[2026-08-14T03:30] episodes: no-new
[2026-08-14T03:30] submit: held (SUBMIT_HOLD present)
[2026-08-14T03:45] episodes: no-new
[2026-08-14T03:45] submit: held (SUBMIT_HOLD present)
[2026-08-14T04:00] episodes: no-new
[2026-08-14T04:00] submit: held (SUBMIT_HOLD present)
[2026-08-14T04:15] episodes: no-new
[2026-08-14T04:15] submit: held (SUBMIT_HOLD present)
[2026-08-14T04:30] episodes: no-new
[2026-08-14T04:30] submit: held (SUBMIT_HOLD present)
[2026-08-14T04:45] episodes: no-new
[2026-08-14T04:45] submit: held (SUBMIT_HOLD present)
[2026-08-14T05:00] episodes: no-new
[2026-08-14T05:00] submit: held (SUBMIT_HOLD present)
[2026-08-14T05:15] episodes: no-new
[2026-08-14T05:15] submit: held (SUBMIT_HOLD present)
[2026-08-14T05:30] episodes: no-new
[2026-08-14T05:30] submit: held (SUBMIT_HOLD present)
[2026-08-14T05:45] episodes: no-new
[2026-08-14T05:45] submit: held (SUBMIT_HOLD present)
[2026-08-14T06:00] episodes: no-new
[2026-08-14T06:00] submit: held (SUBMIT_HOLD present)
[2026-08-14T06:15] episodes: no-new
[2026-08-14T06:15] submit: held (SUBMIT_HOLD present)
[2026-08-14T06:30] episodes: no-new
[2026-08-14T06:30] submit: held (SUBMIT_HOLD present)
[2026-08-14T06:45] episodes: no-new
[2026-08-14T06:45] submit: held (SUBMIT_HOLD present)
[2026-08-14T07:00] busy: another firing holds the lock
[2026-08-14T07:15] busy: another firing holds the lock
[2026-08-14T07:30] busy: another firing holds the lock
[2026-08-14T07:45] busy: another firing holds the lock
[2026-08-14T08:00] busy: another firing holds the lock
[2026-08-14T08:15] busy: another firing holds the lock
[2026-08-14T08:30] busy: another firing holds the lock
[2026-08-14T08:47] episodes: error:RuntimeError("kaggle CLI failed (1): HTTPSConnectionPool(host='storage.googleapis.com', port=443): Max retries exceeded with url: /kaggle-data-sets/10788915/18914371/bundle/archive.zip?X-Goog-Algorithm=GOOG4-RSA-SHA256&X-Goog-Credential=gcp-kaggle-com%40kaggle-161607.iam.gserviceaccount.com%2F20260814%2Fauto%2Fstorage%2Fgoog4_request&X-Goog-Date=20260814T184736Z&X-Goog-Expires=259200&X-Goog-
[2026-08-14T08:47] submit: held (SUBMIT_HOLD present)
[2026-08-14T09:00] episodes: no-new
[2026-08-14T09:00] submit: held (SUBMIT_HOLD present)
[2026-08-14T09:16] episodes: error:RuntimeError("kaggle CLI failed (1): HTTPSConnectionPool(host='api.kaggle.com', port=443): Max retries exceeded with url: /v1/datasets.DatasetApiService/DownloadDataset (Caused by SSLError(SSLEOFError(8, '[SSL: UNEXPECTED_EOF_WHILE_READING] EOF occurred in violation of protocol (_ssl.c:1028)')))")
[2026-08-14T09:16] submit: held (SUBMIT_HOLD present)
[2026-08-14T09:31] episodes: no-new
[2026-08-14T09:31] submit: held (SUBMIT_HOLD present)
[2026-08-14T09:46] episodes: no-new
[2026-08-14T09:46] submit: held (SUBMIT_HOLD present)
[2026-08-14T10:02] episodes: no-new
[2026-08-14T10:02] snapshot: not-due
[2026-08-14T10:02] submit: held (SUBMIT_HOLD present)
[2026-08-14T10:16] episodes: error:RuntimeError("kaggle CLI failed (1): HTTPSConnectionPool(host='api.kaggle.com', port=443): Max retries exceeded with url: /v1/datasets.DatasetApiService/GetDatasetMetadata (Caused by SSLError(SSLEOFError(8, '[SSL: UNEXPECTED_EOF_WHILE_READING] EOF occurred in violation of protocol (_ssl.c:1028)')))")
[2026-08-14T10:17] snapshot: error:RuntimeError: kaggle CLI failed (1): Traceback (most recent call last):
  File "C:\Users\Brad\AppData\Local\uv\cache\archive-v0\_sE5Aqc-PPq9FRlp4NPH8\Lib\site-packages\urllib3\connectionpool.py", line 464, in _make_request
    self._validate_conn(conn)
    ~~~~~~~~~~~~~~~~~~~^^^^^^
  File "C:\Users\Brad\AppData\Local\uv\cache\archive-v0\_sE5Aqc-PPq9FRlp4NPH8\Lib\site-packages\urllib3\connectionpool.py", line 1106, in _validate_conn
    conn.connect()
    ~~~~~~~~~~~~^^
  File "C:\Users\Brad\AppData\Local\uv\cache\archive-v0\_sE5Aqc
[2026-08-14T10:17] submit: held (SUBMIT_HOLD present)
[2026-08-14T10:31] episodes: no-new
[2026-08-14T10:32] snapshot: ok(10 rows)
[2026-08-14T10:32] submit: held (SUBMIT_HOLD present)
[2026-08-14T10:46] episodes: error:RuntimeError("kaggle CLI failed (1): HTTPSConnectionPool(host='storage.googleapis.com', port=443): Max retries exceeded with url: /kaggle-data-sets/10788915/18914371/bundle/archive.zip?X-Goog-Algorithm=GOOG4-RSA-SHA256&X-Goog-Credential=gcp-kaggle-com%40kaggle-161607.iam.gserviceaccount.com%2F20260814%2Fauto%2Fstorage%2Fgoog4_request&X-Goog-Date=20260814T204637Z&X-Goog-Expires=259200&X-Goog-
[2026-08-14T10:46] snapshot: not-due
[2026-08-14T10:46] submit: held (SUBMIT_HOLD present)
[2026-08-14T11:01] episodes: error:RuntimeError("kaggle CLI failed (1): HTTPSConnectionPool(host='api.kaggle.com', port=443): Max retries exceeded with url: /v1/datasets.DatasetApiService/GetDatasetMetadata (Caused by SSLError(SSLEOFError(8, '[SSL: UNEXPECTED_EOF_WHILE_READING] EOF occurred in violation of protocol (_ssl.c:1028)')))")
[2026-08-14T11:01] snapshot: not-due
[2026-08-14T11:01] submit: held (SUBMIT_HOLD present)
[2026-08-14T11:18] episodes: error:RuntimeError("kaggle CLI failed (1): HTTPSConnectionPool(host='api.kaggle.com', port=443): Max retries exceeded with url: /v1/datasets.DatasetApiService/DownloadDataset (Caused by SSLError(SSLEOFError(8, '[SSL: UNEXPECTED_EOF_WHILE_READING] EOF occurred in violation of protocol (_ssl.c:1028)')))")
[2026-08-14T11:18] snapshot: not-due
[2026-08-14T11:18] submit: held (SUBMIT_HOLD present)
[2026-08-14T11:33] episodes: error:RuntimeError("kaggle CLI failed (1): HTTPSConnectionPool(host='api.kaggle.com', port=443): Max retries exceeded with url: /v1/datasets.DatasetApiService/GetDatasetMetadata (Caused by SSLError(SSLEOFError(8, '[SSL: UNEXPECTED_EOF_WHILE_READING] EOF occurred in violation of protocol (_ssl.c:1028)')))")
[2026-08-14T11:33] snapshot: not-due
[2026-08-14T11:33] submit: held (SUBMIT_HOLD present)
[2026-08-14T11:45] episodes: no-new
[2026-08-14T11:45] snapshot: not-due
[2026-08-14T11:45] submit: held (SUBMIT_HOLD present)
[2026-08-14T12:02] episodes: error:RuntimeError("kaggle CLI failed (1): HTTPSConnectionPool(host='api.kaggle.com', port=443): Max retries exceeded with url: /v1/datasets.DatasetApiService/DownloadDataset (Caused by SSLError(SSLEOFError(8, '[SSL: UNEXPECTED_EOF_WHILE_READING] EOF occurred in violation of protocol (_ssl.c:1028)')))")
[2026-08-14T12:02] snapshot: not-due
[2026-08-14T12:02] submit: held (SUBMIT_HOLD present)
[2026-08-14T12:15] episodes: no-new
[2026-08-14T12:15] snapshot: not-due
[2026-08-14T12:15] submit: held (SUBMIT_HOLD present)
[2026-08-14T12:30] episodes: no-new
[2026-08-14T12:30] snapshot: not-due
[2026-08-14T12:30] submit: held (SUBMIT_HOLD present)
[2026-08-14T12:45] episodes: no-new
[2026-08-14T12:45] snapshot: not-due
[2026-08-14T12:45] submit: held (SUBMIT_HOLD present)
[2026-08-14T13:00] episodes: no-new
[2026-08-14T13:00] snapshot: not-due
[2026-08-14T13:00] submit: held (SUBMIT_HOLD present)
[2026-08-14T13:15] episodes: no-new
[2026-08-14T13:15] snapshot: not-due
[2026-08-14T13:15] submit: held (SUBMIT_HOLD present)
[2026-08-14T13:30] episodes: no-new
[2026-08-14T13:30] snapshot: not-due
[2026-08-14T13:30] submit: held (SUBMIT_HOLD present)
[2026-08-14T13:45] episodes: no-new
[2026-08-14T13:45] snapshot: not-due
[2026-08-14T13:45] submit: held (SUBMIT_HOLD present)
[2026-08-14T14:00] episodes: no-new
[2026-08-14T14:00] snapshot: not-due
[2026-08-14T14:00] submit: held (SUBMIT_HOLD present)
[2026-08-14T14:15] episodes: no-new
[2026-08-14T14:15] snapshot: not-due
[2026-08-14T14:15] submit: held (SUBMIT_HOLD present)
[2026-08-14T14:33] episodes: harvested:2026-08-14
[2026-08-14T14:33] snapshot: ok(10 rows)
[2026-08-14T14:33] submit: held (SUBMIT_HOLD present)
[2026-08-14T14:45] episodes: no-new
[2026-08-14T14:45] snapshot: not-due
[2026-08-14T14:45] submit: held (SUBMIT_HOLD present)
[2026-08-14T15:00] episodes: no-new
[2026-08-14T15:00] snapshot: not-due
[2026-08-14T15:00] submit: held (SUBMIT_HOLD present)
[2026-08-14T15:15] episodes: no-new
[2026-08-14T15:15] snapshot: not-due
[2026-08-14T15:15] submit: held (SUBMIT_HOLD present)
[2026-08-14T15:30] episodes: no-new
[2026-08-14T15:30] snapshot: not-due
[2026-08-14T15:30] submit: held (SUBMIT_HOLD present)
[2026-08-14T15:45] episodes: no-new
[2026-08-14T15:45] snapshot: not-due
[2026-08-14T15:45] submit: held (SUBMIT_HOLD present)
[2026-08-14T16:00] episodes: no-new
[2026-08-14T16:00] snapshot: not-due
[2026-08-14T16:00] submit: held (SUBMIT_HOLD present)
[2026-08-14T16:15] episodes: no-new
[2026-08-14T16:15] snapshot: not-due
[2026-08-14T16:15] submit: held (SUBMIT_HOLD present)
[2026-08-14T16:30] episodes: no-new
[2026-08-14T16:30] snapshot: not-due
[2026-08-14T16:30] submit: held (SUBMIT_HOLD present)
[2026-08-14T16:45] episodes: no-new
[2026-08-14T16:45] snapshot: not-due
[2026-08-14T16:45] submit: held (SUBMIT_HOLD present)
[2026-08-14T17:00] episodes: no-new
[2026-08-14T17:00] snapshot: not-due
[2026-08-14T17:00] submit: held (SUBMIT_HOLD present)
[2026-08-14T17:15] episodes: no-new
[2026-08-14T17:15] snapshot: not-due
[2026-08-14T17:15] submit: held (SUBMIT_HOLD present)
[2026-08-14T17:30] episodes: no-new
[2026-08-14T17:30] snapshot: not-due
[2026-08-14T17:30] submit: held (SUBMIT_HOLD present)
[2026-08-14T17:45] episodes: no-new
[2026-08-14T17:45] snapshot: not-due
[2026-08-14T17:45] submit: held (SUBMIT_HOLD present)
[2026-08-14T18:00] episodes: no-new
[2026-08-14T18:00] snapshot: not-due
[2026-08-14T18:00] submit: held (SUBMIT_HOLD present)
[2026-08-14T18:15] episodes: no-new
[2026-08-14T18:15] snapshot: not-due
[2026-08-14T18:15] submit: held (SUBMIT_HOLD present)
[2026-08-14T18:30] episodes: no-new
[2026-08-14T18:30] snapshot: not-due
[2026-08-14T18:30] submit: held (SUBMIT_HOLD present)
[2026-08-14T18:45] episodes: no-new
[2026-08-14T18:45] snapshot: ok(10 rows)
[2026-08-14T18:45] submit: held (SUBMIT_HOLD present)
[2026-08-14T19:00] episodes: no-new
[2026-08-14T19:00] snapshot: not-due
[2026-08-14T19:00] submit: held (SUBMIT_HOLD present)
[2026-08-14T19:15] episodes: no-new
[2026-08-14T19:15] snapshot: not-due
[2026-08-14T19:15] submit: held (SUBMIT_HOLD present)
[2026-08-14T19:30] episodes: no-new
[2026-08-14T19:30] snapshot: not-due
[2026-08-14T19:30] submit: held (SUBMIT_HOLD present)
[2026-08-14T19:45] episodes: no-new
[2026-08-14T19:45] snapshot: not-due
[2026-08-14T19:45] submit: held (SUBMIT_HOLD present)
[2026-08-14T20:00] episodes: no-new
[2026-08-14T20:00] snapshot: not-due
[2026-08-14T20:00] submit: held (SUBMIT_HOLD present)
[2026-08-14T20:15] episodes: no-new
[2026-08-14T20:15] snapshot: not-due
[2026-08-14T20:15] submit: held (SUBMIT_HOLD present)
[2026-08-14T20:30] episodes: no-new
[2026-08-14T20:30] snapshot: not-due
[2026-08-14T20:30] submit: held (SUBMIT_HOLD present)
[2026-08-14T20:45] episodes: no-new
[2026-08-14T20:45] snapshot: not-due
[2026-08-14T20:45] submit: held (SUBMIT_HOLD present)
[2026-08-14T21:00] episodes: no-new
[2026-08-14T21:00] snapshot: not-due
[2026-08-14T21:00] submit: held (SUBMIT_HOLD present)
[2026-08-14T21:15] episodes: no-new
[2026-08-14T21:15] snapshot: not-due
[2026-08-14T21:15] submit: held (SUBMIT_HOLD present)
[2026-08-14T21:30] episodes: no-new
[2026-08-14T21:30] snapshot: not-due
[2026-08-14T21:30] submit: held (SUBMIT_HOLD present)
[2026-08-14T21:45] episodes: no-new
[2026-08-14T21:45] snapshot: not-due
[2026-08-14T21:45] submit: held (SUBMIT_HOLD present)
[2026-08-14T22:00] episodes: no-new
[2026-08-14T22:00] snapshot: not-due
[2026-08-14T22:00] submit: held (SUBMIT_HOLD present)
[2026-08-14T22:15] episodes: no-new
[2026-08-14T22:15] snapshot: not-due
[2026-08-14T22:15] submit: held (SUBMIT_HOLD present)
[2026-08-14T22:30] episodes: no-new
[2026-08-14T22:30] snapshot: not-due
[2026-08-14T22:30] submit: held (SUBMIT_HOLD present)
[2026-08-14T22:45] episodes: no-new
[2026-08-14T22:45] snapshot: not-due
[2026-08-14T22:45] submit: held (SUBMIT_HOLD present)
[2026-08-14T23:00] episodes: no-new
[2026-08-14T23:00] snapshot: ok(10 rows)
[2026-08-14T23:00] submit: held (SUBMIT_HOLD present)
[2026-08-14T23:15] episodes: no-new
[2026-08-14T23:15] snapshot: not-due
[2026-08-14T23:15] submit: held (SUBMIT_HOLD present)
[2026-08-14T23:30] episodes: no-new
[2026-08-14T23:30] snapshot: not-due
[2026-08-14T23:30] submit: held (SUBMIT_HOLD present)
[2026-08-14T23:45] episodes: no-new
[2026-08-14T23:45] snapshot: not-due
[2026-08-14T23:45] submit: held (SUBMIT_HOLD present)
[2026-08-15T00:00] episodes: no-new
[2026-08-15T00:00] snapshot: not-due
[2026-08-15T00:00] submit: held (SUBMIT_HOLD present)
[2026-08-15T00:15] episodes: no-new
[2026-08-15T00:15] snapshot: not-due
[2026-08-15T00:15] submit: held (SUBMIT_HOLD present)
[2026-08-15T00:30] episodes: no-new
[2026-08-15T00:30] snapshot: not-due
[2026-08-15T00:30] submit: held (SUBMIT_HOLD present)
[2026-08-15T00:45] episodes: no-new
[2026-08-15T00:45] snapshot: not-due
[2026-08-15T00:45] submit: held (SUBMIT_HOLD present)
[2026-08-15T01:00] episodes: no-new
[2026-08-15T01:00] snapshot: not-due
[2026-08-15T01:00] submit: held (SUBMIT_HOLD present)
[2026-08-15T01:15] episodes: no-new
[2026-08-15T01:15] snapshot: not-due
[2026-08-15T01:15] submit: held (SUBMIT_HOLD present)
[2026-08-15T01:30] episodes: no-new
[2026-08-15T01:30] snapshot: not-due
[2026-08-15T01:30] submit: held (SUBMIT_HOLD present)
[2026-08-15T01:45] episodes: no-new
[2026-08-15T01:45] snapshot: not-due
[2026-08-15T01:45] submit: held (SUBMIT_HOLD present)
[2026-08-15T02:00] episodes: no-new
[2026-08-15T02:00] snapshot: not-due
[2026-08-15T02:00] submit: held (SUBMIT_HOLD present)
[2026-08-15T02:15] episodes: no-new
[2026-08-15T02:15] snapshot: not-due
[2026-08-15T02:15] submit: held (SUBMIT_HOLD present)
[2026-08-15T02:30] episodes: no-new
[2026-08-15T02:30] snapshot: not-due
[2026-08-15T02:30] submit: held (SUBMIT_HOLD present)
[2026-08-15T02:45] episodes: no-new
[2026-08-15T02:45] snapshot: not-due
[2026-08-15T02:45] submit: held (SUBMIT_HOLD present)
[2026-08-15T03:00] episodes: no-new
[2026-08-15T03:00] snapshot: ok(10 rows)
[2026-08-15T03:00] submit: held (SUBMIT_HOLD present)
[2026-08-15T03:15] episodes: no-new
[2026-08-15T03:15] snapshot: not-due
[2026-08-15T03:15] submit: held (SUBMIT_HOLD present)
[2026-08-15T03:30] episodes: no-new
[2026-08-15T03:30] snapshot: not-due
[2026-08-15T03:30] submit: held (SUBMIT_HOLD present)
[2026-08-15T03:45] episodes: no-new
[2026-08-15T03:45] snapshot: not-due
[2026-08-15T03:45] submit: held (SUBMIT_HOLD present)
[2026-08-15T04:00] episodes: no-new
[2026-08-15T04:00] snapshot: not-due
[2026-08-15T04:00] submit: held (SUBMIT_HOLD present)
[2026-08-15T04:15] episodes: no-new
[2026-08-15T04:15] snapshot: not-due
[2026-08-15T04:15] submit: held (SUBMIT_HOLD present)
[2026-08-15T04:30] episodes: no-new
[2026-08-15T04:30] snapshot: not-due
[2026-08-15T04:30] submit: held (SUBMIT_HOLD present)
[2026-08-15T04:45] episodes: no-new
[2026-08-15T04:45] snapshot: not-due
[2026-08-15T04:45] submit: held (SUBMIT_HOLD present)
[2026-08-15T05:00] episodes: no-new
[2026-08-15T05:00] snapshot: not-due
[2026-08-15T05:00] submit: held (SUBMIT_HOLD present)
[2026-08-15T05:15] episodes: no-new
[2026-08-15T05:15] snapshot: not-due
[2026-08-15T05:15] submit: held (SUBMIT_HOLD present)
[2026-08-15T05:30] episodes: no-new
[2026-08-15T05:30] snapshot: not-due
[2026-08-15T05:30] submit: held (SUBMIT_HOLD present)
[2026-08-15T05:45] episodes: no-new
[2026-08-15T05:45] snapshot: not-due
[2026-08-15T05:45] submit: held (SUBMIT_HOLD present)
[2026-08-15T06:00] episodes: no-new
[2026-08-15T06:00] snapshot: not-due
[2026-08-15T06:00] submit: held (SUBMIT_HOLD present)
[2026-08-15T06:15] episodes: no-new
[2026-08-15T06:15] snapshot: not-due
[2026-08-15T06:15] submit: held (SUBMIT_HOLD present)
[2026-08-15T06:30] episodes: no-new
[2026-08-15T06:30] snapshot: not-due
[2026-08-15T06:30] submit: held (SUBMIT_HOLD present)
[2026-08-15T06:45] episodes: no-new
[2026-08-15T06:45] snapshot: not-due
[2026-08-15T06:45] submit: held (SUBMIT_HOLD present)
[2026-08-15T07:00] episodes: no-new
[2026-08-15T07:00] snapshot: not-due
[2026-08-15T07:00] submit: held (SUBMIT_HOLD present)
[2026-08-15T07:15] episodes: no-new
[2026-08-15T07:15] snapshot: ok(10 rows)
[2026-08-15T07:15] submit: held (SUBMIT_HOLD present)
[2026-08-15T07:30] episodes: no-new
[2026-08-15T07:30] snapshot: not-due
[2026-08-15T07:30] submit: held (SUBMIT_HOLD present)
[2026-08-15T07:45] episodes: no-new
[2026-08-15T07:45] snapshot: not-due
[2026-08-15T07:45] submit: held (SUBMIT_HOLD present)
[2026-08-15T08:00] episodes: no-new
[2026-08-15T08:00] snapshot: not-due
[2026-08-15T08:00] submit: held (SUBMIT_HOLD present)
[2026-08-15T08:15] episodes: no-new
[2026-08-15T08:15] snapshot: not-due
[2026-08-15T08:15] submit: held (SUBMIT_HOLD present)
[2026-08-15T08:30] episodes: no-new
[2026-08-15T08:30] snapshot: not-due
[2026-08-15T08:30] submit: held (SUBMIT_HOLD present)
[2026-08-15T08:45] episodes: no-new
[2026-08-15T08:45] snapshot: not-due
[2026-08-15T08:45] submit: held (SUBMIT_HOLD present)
[2026-08-15T09:00] episodes: no-new
[2026-08-15T09:00] snapshot: not-due
[2026-08-15T09:00] submit: held (SUBMIT_HOLD present)
[2026-08-15T09:15] episodes: no-new
[2026-08-15T09:15] snapshot: not-due
[2026-08-15T09:15] submit: held (SUBMIT_HOLD present)
[2026-08-15T09:30] episodes: no-new
[2026-08-15T09:30] snapshot: not-due
[2026-08-15T09:30] submit: held (SUBMIT_HOLD present)
[2026-08-15T09:45] episodes: no-new
[2026-08-15T09:45] snapshot: not-due
[2026-08-15T09:45] submit: held (SUBMIT_HOLD present)
[2026-08-15T10:00] episodes: no-new
[2026-08-15T10:00] snapshot: not-due
[2026-08-15T10:00] submit: held (SUBMIT_HOLD present)
[2026-08-15T10:15] episodes: no-new
[2026-08-15T10:15] snapshot: not-due
[2026-08-15T10:15] submit: held (SUBMIT_HOLD present)
[2026-08-15T10:30] episodes: no-new
[2026-08-15T10:30] snapshot: not-due
[2026-08-15T10:30] submit: held (SUBMIT_HOLD present)
[2026-08-15T10:45] episodes: no-new
[2026-08-15T10:45] snapshot: not-due
[2026-08-15T10:45] submit: held (SUBMIT_HOLD present)
[2026-08-15T11:00] episodes: no-new
[2026-08-15T11:00] snapshot: not-due
[2026-08-15T11:00] submit: held (SUBMIT_HOLD present)
[2026-08-15T11:15] episodes: no-new
[2026-08-15T11:15] snapshot: not-due
[2026-08-15T11:15] submit: held (SUBMIT_HOLD present)
[2026-08-15T11:30] episodes: no-new
[2026-08-15T11:30] snapshot: ok(10 rows)
[2026-08-15T11:30] submit: held (SUBMIT_HOLD present)
[2026-08-15T11:45] episodes: no-new
[2026-08-15T11:45] snapshot: not-due
[2026-08-15T11:45] submit: held (SUBMIT_HOLD present)
[2026-08-15T12:00] episodes: no-new
[2026-08-15T12:00] snapshot: not-due
[2026-08-15T12:00] submit: held (SUBMIT_HOLD present)
[2026-08-15T12:15] episodes: no-new
[2026-08-15T12:15] snapshot: not-due
[2026-08-15T12:15] submit: held (SUBMIT_HOLD present)
[2026-08-15T12:30] episodes: no-new
[2026-08-15T12:30] snapshot: not-due
[2026-08-15T12:30] submit: held (SUBMIT_HOLD present)
[2026-08-15T12:45] episodes: no-new
[2026-08-15T12:45] snapshot: not-due
[2026-08-15T12:45] submit: held (SUBMIT_HOLD present)
[2026-08-15T13:00] episodes: no-new
[2026-08-15T13:00] snapshot: not-due
[2026-08-15T13:00] submit: held (SUBMIT_HOLD present)
[2026-08-15T13:15] episodes: no-new
[2026-08-15T13:15] snapshot: not-due
[2026-08-15T13:15] submit: held (SUBMIT_HOLD present)
[2026-08-15T13:30] episodes: no-new
[2026-08-15T13:30] snapshot: not-due
[2026-08-15T13:30] submit: held (SUBMIT_HOLD present)
[2026-08-15T13:45] episodes: no-new
[2026-08-15T13:45] snapshot: not-due
[2026-08-15T13:45] submit: held (SUBMIT_HOLD present)
[2026-08-15T14:00] episodes: no-new
[2026-08-15T14:00] snapshot: not-due
[2026-08-15T14:00] submit: held (SUBMIT_HOLD present)
[2026-08-15T14:17] episodes: harvested:2026-08-15
[2026-08-15T14:17] snapshot: not-due
[2026-08-15T14:17] submit: held (SUBMIT_HOLD present)
[2026-08-15T14:30] episodes: no-new
[2026-08-15T14:30] snapshot: not-due
[2026-08-15T14:30] submit: held (SUBMIT_HOLD present)
[2026-08-15T14:45] episodes: no-new
[2026-08-15T14:45] snapshot: not-due
[2026-08-15T14:45] submit: held (SUBMIT_HOLD present)
[2026-08-15T15:00] episodes: no-new
[2026-08-15T15:00] snapshot: not-due
[2026-08-15T15:00] submit: held (SUBMIT_HOLD present)
[2026-08-15T15:15] episodes: no-new
[2026-08-15T15:15] snapshot: not-due
[2026-08-15T15:15] submit: held (SUBMIT_HOLD present)
[2026-08-15T15:30] episodes: no-new
[2026-08-15T15:30] snapshot: ok(10 rows)
[2026-08-15T15:30] submit: held (SUBMIT_HOLD present)
[2026-08-15T15:45] episodes: no-new
[2026-08-15T15:45] snapshot: not-due
[2026-08-15T15:45] submit: held (SUBMIT_HOLD present)
[2026-08-15T16:00] episodes: no-new
[2026-08-15T16:00] snapshot: not-due
[2026-08-15T16:00] submit: held (SUBMIT_HOLD present)
[2026-08-15T16:15] episodes: no-new
[2026-08-15T16:15] snapshot: not-due
[2026-08-15T16:15] submit: held (SUBMIT_HOLD present)
[2026-08-15T16:30] episodes: no-new
[2026-08-15T16:30] snapshot: not-due
[2026-08-15T16:30] submit: held (SUBMIT_HOLD present)
[2026-08-15T16:45] episodes: no-new
[2026-08-15T16:45] snapshot: not-due
[2026-08-15T16:45] submit: held (SUBMIT_HOLD present)
[2026-08-15T17:00] episodes: no-new
[2026-08-15T17:00] snapshot: not-due
[2026-08-15T17:00] submit: held (SUBMIT_HOLD present)
[2026-08-15T17:15] episodes: no-new
[2026-08-15T17:15] snapshot: not-due
[2026-08-15T17:15] submit: held (SUBMIT_HOLD present)
[2026-08-15T17:30] episodes: no-new
[2026-08-15T17:30] snapshot: not-due
[2026-08-15T17:30] submit: held (SUBMIT_HOLD present)
[2026-08-15T17:45] episodes: no-new
[2026-08-15T17:45] snapshot: not-due
[2026-08-15T17:45] submit: held (SUBMIT_HOLD present)
[2026-08-15T18:00] episodes: no-new
[2026-08-15T18:00] snapshot: not-due
[2026-08-15T18:00] submit: held (SUBMIT_HOLD present)
[2026-08-15T18:15] episodes: no-new
[2026-08-15T18:15] snapshot: not-due
[2026-08-15T18:15] submit: held (SUBMIT_HOLD present)
[2026-08-15T18:30] episodes: no-new
[2026-08-15T18:30] snapshot: not-due
[2026-08-15T18:30] submit: held (SUBMIT_HOLD present)
[2026-08-15T18:45] episodes: no-new
[2026-08-15T18:45] snapshot: not-due
[2026-08-15T18:45] submit: held (SUBMIT_HOLD present)
[2026-08-15T19:00] episodes: no-new
[2026-08-15T19:00] snapshot: not-due
[2026-08-15T19:00] submit: held (SUBMIT_HOLD present)
[2026-08-15T19:15] episodes: no-new
[2026-08-15T19:15] snapshot: not-due
[2026-08-15T19:15] submit: held (SUBMIT_HOLD present)
[2026-08-15T19:30] episodes: no-new
[2026-08-15T19:30] snapshot: not-due
[2026-08-15T19:30] submit: held (SUBMIT_HOLD present)
[2026-08-15T19:45] episodes: no-new
[2026-08-15T19:45] snapshot: ok(10 rows)
[2026-08-15T19:45] submit: held (SUBMIT_HOLD present)
[2026-08-15T20:00] episodes: no-new
[2026-08-15T20:00] snapshot: not-due
[2026-08-15T20:00] submit: held (SUBMIT_HOLD present)
[2026-08-15T20:15] episodes: no-new
[2026-08-15T20:15] snapshot: not-due
[2026-08-15T20:15] submit: held (SUBMIT_HOLD present)
[2026-08-15T20:30] episodes: no-new
[2026-08-15T20:30] snapshot: not-due
[2026-08-15T20:30] submit: held (SUBMIT_HOLD present)
[2026-08-15T20:45] episodes: no-new
[2026-08-15T20:45] snapshot: not-due
[2026-08-15T20:45] submit: held (SUBMIT_HOLD present)
[2026-08-15T21:00] episodes: no-new
[2026-08-15T21:00] snapshot: not-due
[2026-08-15T21:00] submit: held (SUBMIT_HOLD present)
[2026-08-15T21:15] episodes: no-new
[2026-08-15T21:15] snapshot: not-due
[2026-08-15T21:15] submit: held (SUBMIT_HOLD present)
[2026-08-15T21:30] episodes: no-new
[2026-08-15T21:30] snapshot: not-due
[2026-08-15T21:30] submit: held (SUBMIT_HOLD present)
[2026-08-15T21:45] episodes: no-new
[2026-08-15T21:45] snapshot: not-due
[2026-08-15T21:45] submit: held (SUBMIT_HOLD present)
[2026-08-15T22:00] episodes: no-new
[2026-08-15T22:00] snapshot: not-due
[2026-08-15T22:00] submit: held (SUBMIT_HOLD present)
[2026-08-15T22:15] episodes: no-new
[2026-08-15T22:15] snapshot: not-due
[2026-08-15T22:15] submit: held (SUBMIT_HOLD present)
[2026-08-15T22:30] episodes: no-new
[2026-08-15T22:30] snapshot: not-due
[2026-08-15T22:30] submit: held (SUBMIT_HOLD present)
[2026-08-15T22:45] episodes: no-new
[2026-08-15T22:45] snapshot: not-due
[2026-08-15T22:45] submit: held (SUBMIT_HOLD present)
[2026-08-15T23:00] episodes: no-new
[2026-08-15T23:00] snapshot: not-due
[2026-08-15T23:00] submit: held (SUBMIT_HOLD present)
[2026-08-15T23:15] episodes: no-new
[2026-08-15T23:15] snapshot: not-due
[2026-08-15T23:15] submit: held (SUBMIT_HOLD present)
[2026-08-15T23:30] episodes: no-new
[2026-08-15T23:30] snapshot: not-due
[2026-08-15T23:30] submit: held (SUBMIT_HOLD present)
[2026-08-15T23:45] episodes: no-new
[2026-08-15T23:45] snapshot: not-due
[2026-08-15T23:45] submit: held (SUBMIT_HOLD present)
[2026-08-16T00:00] episodes: no-new
[2026-08-16T00:00] snapshot: ok(10 rows)
[2026-08-16T00:00] submit: held (SUBMIT_HOLD present)
[2026-08-16T00:15] episodes: no-new
[2026-08-16T00:15] snapshot: not-due
[2026-08-16T00:15] submit: held (SUBMIT_HOLD present)
[2026-08-16T00:30] episodes: no-new
[2026-08-16T00:30] snapshot: not-due
[2026-08-16T00:30] submit: held (SUBMIT_HOLD present)
[2026-08-16T00:45] episodes: no-new
[2026-08-16T00:45] snapshot: not-due
[2026-08-16T00:45] submit: held (SUBMIT_HOLD present)
[2026-08-16T01:00] episodes: no-new
[2026-08-16T01:00] snapshot: not-due
[2026-08-16T01:00] submit: held (SUBMIT_HOLD present)
[2026-08-16T01:15] episodes: no-new
[2026-08-16T01:15] snapshot: not-due
[2026-08-16T01:15] submit: held (SUBMIT_HOLD present)
[2026-08-16T01:30] episodes: no-new
[2026-08-16T01:30] snapshot: not-due
[2026-08-16T01:30] submit: held (SUBMIT_HOLD present)
[2026-08-16T01:45] episodes: no-new
[2026-08-16T01:45] snapshot: not-due
[2026-08-16T01:45] submit: held (SUBMIT_HOLD present)
[2026-08-16T02:00] episodes: no-new
[2026-08-16T02:00] snapshot: not-due
[2026-08-16T02:00] submit: held (SUBMIT_HOLD present)
[2026-08-16T02:15] episodes: no-new
[2026-08-16T02:15] snapshot: not-due
[2026-08-16T02:15] submit: held (SUBMIT_HOLD present)
[2026-08-16T02:30] episodes: no-new
[2026-08-16T02:30] snapshot: not-due
[2026-08-16T02:30] submit: held (SUBMIT_HOLD present)
[2026-08-16T02:45] episodes: no-new
[2026-08-16T02:45] snapshot: not-due
[2026-08-16T02:45] submit: held (SUBMIT_HOLD present)
[2026-08-16T03:00] episodes: no-new
[2026-08-16T03:00] snapshot: not-due
[2026-08-16T03:00] submit: held (SUBMIT_HOLD present)
[2026-08-16T03:15] episodes: no-new
[2026-08-16T03:15] snapshot: not-due
[2026-08-16T03:15] submit: held (SUBMIT_HOLD present)
[2026-08-16T03:30] episodes: no-new
[2026-08-16T03:30] snapshot: not-due
[2026-08-16T03:30] submit: held (SUBMIT_HOLD present)
[2026-08-16T03:45] episodes: no-new
[2026-08-16T03:45] snapshot: not-due
[2026-08-16T03:45] submit: held (SUBMIT_HOLD present)
[2026-08-16T04:00] episodes: no-new
[2026-08-16T04:00] snapshot: not-due
[2026-08-16T04:00] submit: held (SUBMIT_HOLD present)
[2026-08-16T04:15] episodes: no-new
[2026-08-16T04:15] snapshot: ok(10 rows)
[2026-08-16T04:15] submit: held (SUBMIT_HOLD present)
[2026-08-16T04:30] episodes: no-new
[2026-08-16T04:30] snapshot: not-due
[2026-08-16T04:30] submit: held (SUBMIT_HOLD present)
[2026-08-16T04:45] episodes: no-new
[2026-08-16T04:45] snapshot: not-due
[2026-08-16T04:45] submit: held (SUBMIT_HOLD present)
[2026-08-16T05:00] episodes: no-new
[2026-08-16T05:00] snapshot: not-due
[2026-08-16T05:00] submit: held (SUBMIT_HOLD present)
[2026-08-16T05:15] episodes: no-new
[2026-08-16T05:15] snapshot: not-due
[2026-08-16T05:15] submit: held (SUBMIT_HOLD present)
[2026-08-16T05:30] episodes: no-new
[2026-08-16T05:30] snapshot: not-due
[2026-08-16T05:30] submit: held (SUBMIT_HOLD present)
[2026-08-16T05:45] episodes: no-new
[2026-08-16T05:45] snapshot: not-due
[2026-08-16T05:45] submit: held (SUBMIT_HOLD present)
[2026-08-16T06:00] episodes: no-new
[2026-08-16T06:00] snapshot: not-due
[2026-08-16T06:00] submit: held (SUBMIT_HOLD present)
[2026-08-16T06:15] episodes: no-new
[2026-08-16T06:15] snapshot: not-due
[2026-08-16T06:15] submit: held (SUBMIT_HOLD present)
[2026-08-16T06:30] episodes: no-new
[2026-08-16T06:30] snapshot: not-due
[2026-08-16T06:30] submit: held (SUBMIT_HOLD present)
[2026-08-16T06:45] episodes: no-new
[2026-08-16T06:45] snapshot: not-due
[2026-08-16T06:45] submit: held (SUBMIT_HOLD present)
[2026-08-16T07:00] episodes: no-new
[2026-08-16T07:00] snapshot: not-due
[2026-08-16T07:00] submit: held (SUBMIT_HOLD present)
[2026-08-16T07:15] episodes: no-new
[2026-08-16T07:15] snapshot: not-due
[2026-08-16T07:15] submit: held (SUBMIT_HOLD present)
[2026-08-16T07:30] episodes: no-new
[2026-08-16T07:30] snapshot: not-due
[2026-08-16T07:30] submit: held (SUBMIT_HOLD present)
[2026-08-16T07:45] episodes: error:RuntimeError("kaggle CLI failed (1): HTTPSConnectionPool(host='storage.googleapis.com', port=443): Max retries exceeded with url: /kaggle-data-sets/10788915/18963897/bundle/archive.zip?X-Goog-Algorithm=GOOG4-RSA-SHA256&X-Goog-Credential=gcp-kaggle-com%40kaggle-161607.iam.gserviceaccount.com%2F20260816%2Fauto%2Fstorage%2Fgoog4_request&X-Goog-Date=20260816T174507Z&X-Goog-Expires=259200&X-Goog-
[2026-08-16T07:45] snapshot: not-due
[2026-08-16T07:45] submit: held (SUBMIT_HOLD present)
[2026-08-16T08:00] episodes: no-new
[2026-08-16T08:00] snapshot: not-due
[2026-08-16T08:00] submit: held (SUBMIT_HOLD present)
[2026-08-16T08:15] episodes: no-new
[2026-08-16T08:30] busy: another firing holds the lock
[2026-08-16T08:45] busy: another firing holds the lock
[2026-08-16T09:00] busy: another firing holds the lock
[2026-08-16T09:15] busy: another firing holds the lock
[2026-08-16T09:30] busy: another firing holds the lock
[2026-08-17T07:34] episodes: harvested:2026-08-16
[2026-08-17T07:34] snapshot: ok(10 rows)
[2026-08-17T07:34] submit: held (SUBMIT_HOLD present)
[2026-08-17T07:45] episodes: no-new
[2026-08-17T07:45] snapshot: not-due
[2026-08-17T07:45] submit: held (SUBMIT_HOLD present)
[2026-08-17T08:00] episodes: no-new
[2026-08-17T08:00] snapshot: not-due
[2026-08-17T08:00] submit: held (SUBMIT_HOLD present)
[2026-08-17T08:15] episodes: no-new
[2026-08-17T08:15] snapshot: not-due
[2026-08-17T08:15] submit: held (SUBMIT_HOLD present)
[2026-08-17T08:31] episodes: no-new
[2026-08-17T08:31] snapshot: not-due
[2026-08-17T08:31] submit: held (SUBMIT_HOLD present)
[2026-08-17T08:45] episodes: no-new
[2026-08-17T08:45] snapshot: not-due
[2026-08-17T08:45] submit: held (SUBMIT_HOLD present)
[2026-08-17T09:00] episodes: no-new
[2026-08-17T09:00] snapshot: not-due
[2026-08-17T09:00] submit: held (SUBMIT_HOLD present)
[2026-08-17T09:15] episodes: no-new
[2026-08-17T09:15] snapshot: not-due
[2026-08-17T09:15] submit: held (SUBMIT_HOLD present)
[2026-08-17T09:30] episodes: no-new
[2026-08-17T09:30] snapshot: not-due
[2026-08-17T09:30] submit: held (SUBMIT_HOLD present)
[2026-08-17T09:45] episodes: no-new
[2026-08-17T09:45] snapshot: not-due
[2026-08-17T09:45] submit: held (SUBMIT_HOLD present)
[2026-08-17T10:00] episodes: no-new
[2026-08-17T10:00] snapshot: not-due
[2026-08-17T10:00] submit: held (SUBMIT_HOLD present)
[2026-08-17T10:15] episodes: no-new
[2026-08-17T10:15] snapshot: not-due
[2026-08-17T10:15] submit: held (SUBMIT_HOLD present)
[2026-08-17T10:30] episodes: no-new
[2026-08-17T10:30] snapshot: not-due
[2026-08-17T10:30] submit: held (SUBMIT_HOLD present)
[2026-08-17T10:45] episodes: no-new
[2026-08-17T10:45] snapshot: not-due
[2026-08-17T10:45] submit: held (SUBMIT_HOLD present)
[2026-08-17T11:00] episodes: no-new
[2026-08-17T11:00] snapshot: not-due
[2026-08-17T11:00] submit: held (SUBMIT_HOLD present)
[2026-08-17T11:15] episodes: no-new
[2026-08-17T11:15] snapshot: not-due
[2026-08-17T11:15] submit: held (SUBMIT_HOLD present)
[2026-08-17T11:30] episodes: no-new
[2026-08-17T11:30] snapshot: not-due
[2026-08-17T11:30] submit: held (SUBMIT_HOLD present)
[2026-08-17T11:45] episodes: no-new
[2026-08-17T11:45] snapshot: ok(10 rows)
[2026-08-17T11:45] submit: held (SUBMIT_HOLD present)
[2026-08-17T12:00] episodes: no-new
[2026-08-17T12:00] snapshot: not-due
[2026-08-17T12:00] submit: held (SUBMIT_HOLD present)
[2026-08-17T12:15] episodes: no-new
[2026-08-17T12:15] snapshot: not-due
[2026-08-17T12:15] submit: held (SUBMIT_HOLD present)
[2026-08-17T12:30] episodes: no-new
[2026-08-17T12:30] snapshot: not-due
[2026-08-17T12:30] submit: held (SUBMIT_HOLD present)
[2026-08-17T12:45] episodes: no-new
[2026-08-17T12:45] snapshot: not-due
[2026-08-17T12:45] submit: held (SUBMIT_HOLD present)
[2026-08-17T13:00] episodes: no-new
[2026-08-17T13:00] snapshot: not-due
[2026-08-17T13:00] submit: held (SUBMIT_HOLD present)
[2026-08-17T13:15] episodes: no-new
[2026-08-17T13:15] snapshot: not-due
[2026-08-17T13:15] submit: held (SUBMIT_HOLD present)
[2026-08-17T13:30] episodes: no-new
[2026-08-17T13:30] snapshot: not-due
[2026-08-17T13:30] submit: held (SUBMIT_HOLD present)
[2026-08-17T13:45] episodes: no-new
[2026-08-17T13:45] snapshot: not-due
[2026-08-17T13:45] submit: held (SUBMIT_HOLD present)
[2026-08-17T14:00] episodes: no-new
[2026-08-17T14:00] snapshot: not-due
[2026-08-17T14:00] submit: held (SUBMIT_HOLD present)
[2026-08-17T14:17] episodes: harvested:2026-08-17
[2026-08-17T14:17] snapshot: not-due
[2026-08-17T14:17] submit: held (SUBMIT_HOLD present)
[2026-08-17T14:30] episodes: no-new
[2026-08-17T14:30] snapshot: not-due
[2026-08-17T14:30] submit: held (SUBMIT_HOLD present)
[2026-08-17T14:45] episodes: no-new
[2026-08-17T14:45] snapshot: not-due
[2026-08-17T14:45] submit: held (SUBMIT_HOLD present)
[2026-08-17T15:00] episodes: no-new
[2026-08-17T15:00] snapshot: not-due
[2026-08-17T15:00] submit: held (SUBMIT_HOLD present)
[2026-08-17T15:15] episodes: no-new
[2026-08-17T15:15] snapshot: not-due
[2026-08-17T15:15] submit: held (SUBMIT_HOLD present)
[2026-08-17T15:30] episodes: no-new
[2026-08-17T15:30] snapshot: not-due
[2026-08-17T15:30] submit: held (SUBMIT_HOLD present)
[2026-08-17T15:45] episodes: no-new
[2026-08-17T15:45] snapshot: ok(10 rows)
[2026-08-17T15:45] submit: held (SUBMIT_HOLD present)
[2026-08-17T16:00] episodes: no-new
[2026-08-17T16:00] snapshot: not-due
[2026-08-17T16:00] submit: held (SUBMIT_HOLD present)
[2026-08-17T16:15] episodes: no-new
[2026-08-17T16:15] snapshot: not-due
[2026-08-17T16:15] submit: held (SUBMIT_HOLD present)
[2026-08-17T16:30] episodes: no-new
[2026-08-17T16:30] snapshot: not-due
[2026-08-17T16:30] submit: held (SUBMIT_HOLD present)
[2026-08-17T16:45] episodes: no-new
[2026-08-17T16:45] snapshot: not-due
[2026-08-17T16:45] submit: held (SUBMIT_HOLD present)
[2026-08-17T17:00] episodes: no-new
[2026-08-17T17:00] snapshot: not-due
[2026-08-17T17:00] submit: held (SUBMIT_HOLD present)
[2026-08-17T17:15] episodes: no-new
[2026-08-17T17:15] snapshot: not-due
[2026-08-17T17:15] submit: held (SUBMIT_HOLD present)
[2026-08-17T17:30] episodes: no-new
[2026-08-17T17:30] snapshot: not-due
[2026-08-17T17:30] submit: held (SUBMIT_HOLD present)
[2026-08-17T17:45] episodes: no-new
[2026-08-17T17:45] snapshot: not-due
[2026-08-17T17:45] submit: held (SUBMIT_HOLD present)
[2026-08-17T18:00] episodes: no-new
[2026-08-17T18:00] snapshot: not-due
[2026-08-17T18:00] submit: held (SUBMIT_HOLD present)
[2026-08-17T18:15] episodes: no-new
[2026-08-17T18:15] snapshot: not-due
[2026-08-17T18:15] submit: held (SUBMIT_HOLD present)
[2026-08-17T18:30] episodes: no-new
[2026-08-17T18:30] snapshot: not-due
[2026-08-17T18:30] submit: held (SUBMIT_HOLD present)
[2026-08-17T18:45] episodes: no-new
[2026-08-17T18:45] snapshot: not-due
[2026-08-17T18:45] submit: held (SUBMIT_HOLD present)
[2026-08-17T19:00] episodes: no-new
[2026-08-17T19:00] snapshot: not-due
[2026-08-17T19:00] submit: held (SUBMIT_HOLD present)
[2026-08-17T19:15] episodes: no-new
[2026-08-17T19:15] snapshot: not-due
[2026-08-17T19:15] submit: held (SUBMIT_HOLD present)
[2026-08-17T19:30] episodes: no-new
[2026-08-17T19:30] snapshot: not-due
[2026-08-17T19:30] submit: held (SUBMIT_HOLD present)
[2026-08-17T19:45] episodes: no-new
[2026-08-17T19:45] snapshot: ok(10 rows)
[2026-08-17T19:45] submit: held (SUBMIT_HOLD present)
[2026-08-17T20:00] episodes: no-new
[2026-08-17T20:00] snapshot: not-due
[2026-08-17T20:00] submit: held (SUBMIT_HOLD present)
[2026-08-17T20:15] episodes: no-new
[2026-08-17T20:15] snapshot: not-due
[2026-08-17T20:15] submit: held (SUBMIT_HOLD present)
[2026-08-17T20:30] episodes: no-new
[2026-08-17T20:30] snapshot: not-due
[2026-08-17T20:30] submit: held (SUBMIT_HOLD present)
[2026-08-17T20:45] episodes: no-new
[2026-08-17T20:45] snapshot: not-due
[2026-08-17T20:45] submit: held (SUBMIT_HOLD present)
[2026-08-17T21:00] episodes: no-new
[2026-08-17T21:00] snapshot: not-due
[2026-08-17T21:00] submit: held (SUBMIT_HOLD present)
[2026-08-17T21:15] episodes: no-new
[2026-08-17T21:15] snapshot: not-due
[2026-08-17T21:15] submit: held (SUBMIT_HOLD present)
[2026-08-17T21:30] episodes: no-new
[2026-08-17T21:30] snapshot: not-due
[2026-08-17T21:30] submit: held (SUBMIT_HOLD present)
[2026-08-17T21:45] episodes: no-new
[2026-08-17T21:45] snapshot: not-due
[2026-08-17T21:45] submit: held (SUBMIT_HOLD present)
[2026-08-17T22:00] episodes: no-new
[2026-08-17T22:00] snapshot: not-due
[2026-08-17T22:00] submit: held (SUBMIT_HOLD present)
[2026-08-17T22:15] episodes: no-new
[2026-08-17T22:15] snapshot: not-due
[2026-08-17T22:15] submit: held (SUBMIT_HOLD present)
[2026-08-17T22:30] episodes: no-new
[2026-08-17T22:30] snapshot: not-due
[2026-08-17T22:30] submit: held (SUBMIT_HOLD present)
[2026-08-17T22:45] episodes: no-new
[2026-08-17T22:45] snapshot: not-due
[2026-08-17T22:45] submit: held (SUBMIT_HOLD present)
[2026-08-17T23:00] episodes: no-new
[2026-08-17T23:00] snapshot: not-due
[2026-08-17T23:00] submit: held (SUBMIT_HOLD present)
[2026-08-17T23:15] episodes: no-new
[2026-08-17T23:15] snapshot: not-due
[2026-08-17T23:15] submit: held (SUBMIT_HOLD present)
[2026-08-17T23:30] episodes: no-new
[2026-08-17T23:30] snapshot: not-due
[2026-08-17T23:30] submit: held (SUBMIT_HOLD present)
[2026-08-17T23:45] episodes: no-new
[2026-08-17T23:45] snapshot: not-due
[2026-08-17T23:45] submit: held (SUBMIT_HOLD present)
[2026-08-18T00:00] episodes: no-new
[2026-08-18T00:00] snapshot: ok(10 rows)
[2026-08-18T00:00] submit: held (SUBMIT_HOLD present)
[2026-08-18T00:15] episodes: no-new
[2026-08-18T00:15] snapshot: not-due
[2026-08-18T00:15] submit: held (SUBMIT_HOLD present)
[2026-08-18T00:30] episodes: no-new
[2026-08-18T00:30] snapshot: not-due
[2026-08-18T00:30] submit: held (SUBMIT_HOLD present)
[2026-08-18T00:45] episodes: no-new
[2026-08-18T00:45] snapshot: not-due
[2026-08-18T00:45] submit: held (SUBMIT_HOLD present)
[2026-08-18T01:00] episodes: no-new
[2026-08-18T01:00] snapshot: not-due
[2026-08-18T01:00] submit: held (SUBMIT_HOLD present)
[2026-08-18T01:15] episodes: no-new
[2026-08-18T01:15] snapshot: not-due
[2026-08-18T01:15] submit: held (SUBMIT_HOLD present)
[2026-08-18T01:30] episodes: no-new
[2026-08-18T01:30] snapshot: not-due
[2026-08-18T01:30] submit: held (SUBMIT_HOLD present)
[2026-08-18T01:45] episodes: no-new
[2026-08-18T01:45] snapshot: not-due
[2026-08-18T01:45] submit: held (SUBMIT_HOLD present)
[2026-08-18T02:00] episodes: no-new
[2026-08-18T02:00] snapshot: not-due
[2026-08-18T02:00] submit: held (SUBMIT_HOLD present)
[2026-08-18T02:15] episodes: no-new
[2026-08-18T02:15] snapshot: not-due
[2026-08-18T02:15] submit: held (SUBMIT_HOLD present)
[2026-08-18T02:30] episodes: no-new
[2026-08-18T02:30] snapshot: not-due
[2026-08-18T02:30] submit: held (SUBMIT_HOLD present)
[2026-08-18T02:45] episodes: no-new
[2026-08-18T02:45] snapshot: not-due
[2026-08-18T02:45] submit: held (SUBMIT_HOLD present)
[2026-08-18T03:00] episodes: no-new
[2026-08-18T03:00] snapshot: not-due
[2026-08-18T03:00] submit: held (SUBMIT_HOLD present)
[2026-08-18T03:15] episodes: no-new
[2026-08-18T03:15] snapshot: not-due
[2026-08-18T03:15] submit: held (SUBMIT_HOLD present)
[2026-08-18T03:30] episodes: no-new
[2026-08-18T03:30] snapshot: not-due
[2026-08-18T03:30] submit: held (SUBMIT_HOLD present)
[2026-08-18T03:45] episodes: no-new
[2026-08-18T03:45] snapshot: not-due
[2026-08-18T03:45] submit: held (SUBMIT_HOLD present)
[2026-08-18T04:00] episodes: no-new
[2026-08-18T04:00] snapshot: not-due
[2026-08-18T04:00] submit: held (SUBMIT_HOLD present)
[2026-08-18T04:15] episodes: no-new
[2026-08-18T04:15] snapshot: ok(10 rows)
[2026-08-18T04:15] submit: held (SUBMIT_HOLD present)
[2026-08-18T04:30] episodes: no-new
[2026-08-18T04:30] snapshot: not-due
[2026-08-18T04:30] submit: held (SUBMIT_HOLD present)
[2026-08-18T04:45] episodes: no-new
[2026-08-18T04:45] snapshot: not-due
[2026-08-18T04:45] submit: held (SUBMIT_HOLD present)
[2026-08-18T05:00] episodes: no-new
[2026-08-18T05:00] snapshot: not-due
[2026-08-18T05:00] submit: held (SUBMIT_HOLD present)
[2026-08-18T05:15] episodes: no-new
[2026-08-18T05:15] snapshot: not-due
[2026-08-18T05:15] submit: held (SUBMIT_HOLD present)
[2026-08-18T05:30] episodes: no-new
[2026-08-18T05:30] snapshot: not-due
[2026-08-18T05:30] submit: held (SUBMIT_HOLD present)
[2026-08-18T05:45] episodes: no-new
[2026-08-18T05:45] snapshot: not-due
[2026-08-18T05:45] submit: held (SUBMIT_HOLD present)
[2026-08-18T06:00] episodes: no-new
[2026-08-18T06:00] snapshot: not-due
[2026-08-18T06:00] submit: held (SUBMIT_HOLD present)
[2026-08-18T06:15] episodes: no-new
[2026-08-18T06:15] snapshot: not-due
[2026-08-18T06:15] submit: held (SUBMIT_HOLD present)
[2026-08-18T06:30] episodes: no-new
[2026-08-18T06:30] snapshot: not-due
[2026-08-18T06:30] submit: held (SUBMIT_HOLD present)
[2026-08-18T06:45] episodes: no-new
[2026-08-18T06:45] snapshot: not-due
[2026-08-18T06:45] submit: held (SUBMIT_HOLD present)
[2026-08-18T07:00] episodes: no-new
[2026-08-18T07:00] snapshot: not-due
[2026-08-18T07:00] submit: held (SUBMIT_HOLD present)
[2026-08-18T07:15] episodes: no-new
[2026-08-18T07:15] snapshot: not-due
[2026-08-18T07:15] submit: held (SUBMIT_HOLD present)
[2026-08-18T07:30] episodes: no-new
[2026-08-18T07:30] snapshot: not-due
[2026-08-18T07:30] submit: held (SUBMIT_HOLD present)
[2026-08-18T07:45] episodes: no-new
[2026-08-18T07:45] snapshot: not-due
[2026-08-18T07:45] submit: held (SUBMIT_HOLD present)
[2026-08-18T08:02] episodes: no-new
[2026-08-18T08:02] snapshot: not-due
[2026-08-18T08:02] submit: held (SUBMIT_HOLD present)
[2026-08-18T08:16] episodes: no-new
[2026-08-18T08:16] snapshot: ok(10 rows)
[2026-08-18T08:16] submit: held (SUBMIT_HOLD present)
[2026-08-18T08:30] episodes: no-new
[2026-08-18T08:30] snapshot: not-due
[2026-08-18T08:30] submit: held (SUBMIT_HOLD present)
[2026-08-18T08:45] episodes: no-new
[2026-08-18T08:45] snapshot: not-due
[2026-08-18T08:45] submit: held (SUBMIT_HOLD present)
[2026-08-18T09:00] episodes: no-new
[2026-08-18T09:00] snapshot: not-due
[2026-08-18T09:00] submit: held (SUBMIT_HOLD present)
[2026-08-18T09:15] episodes: no-new
[2026-08-18T09:15] snapshot: not-due
[2026-08-18T09:15] submit: held (SUBMIT_HOLD present)
[2026-08-18T09:30] episodes: no-new
[2026-08-18T09:30] snapshot: not-due
[2026-08-18T09:30] submit: held (SUBMIT_HOLD present)
[2026-08-18T09:45] episodes: no-new
[2026-08-18T09:45] snapshot: not-due
[2026-08-18T09:45] submit: held (SUBMIT_HOLD present)
[2026-08-18T10:00] episodes: no-new
[2026-08-18T10:00] snapshot: not-due
[2026-08-18T10:00] submit: held (SUBMIT_HOLD present)
[2026-08-18T10:15] episodes: no-new
[2026-08-18T10:15] snapshot: not-due
[2026-08-18T10:15] submit: held (SUBMIT_HOLD present)
[2026-08-18T10:45] episodes: no-new
[2026-08-18T10:45] snapshot: not-due
[2026-08-18T10:45] submit: held (SUBMIT_HOLD present)
[2026-08-18T11:00] episodes: error:RuntimeError("kaggle CLI failed (1): HTTPSConnectionPool(host='api.kaggle.com', port=443): Max retries exceeded with url: /v1/datasets.DatasetApiService/GetDatasetMetadata (Caused by SSLError(SSLEOFError(8, '[SSL: UNEXPECTED_EOF_WHILE_READING] EOF occurred in violation of protocol (_ssl.c:1028)')))")
[2026-08-18T11:00] snapshot: not-due
[2026-08-18T11:00] submit: held (SUBMIT_HOLD present)
[2026-08-18T11:15] episodes: no-new
[2026-08-18T11:15] snapshot: not-due
[2026-08-18T11:15] submit: held (SUBMIT_HOLD present)
[2026-08-18T11:30] episodes: no-new
[2026-08-18T11:30] snapshot: not-due
[2026-08-18T11:30] submit: held (SUBMIT_HOLD present)
[2026-08-18T11:45] episodes: no-new
[2026-08-18T11:45] snapshot: not-due
[2026-08-18T11:45] submit: held (SUBMIT_HOLD present)
[2026-08-18T12:00] episodes: no-new
[2026-08-18T12:00] snapshot: not-due
[2026-08-18T12:00] submit: held (SUBMIT_HOLD present)
[2026-08-18T12:15] episodes: no-new
[2026-08-18T12:15] snapshot: not-due
[2026-08-18T12:15] submit: held (SUBMIT_HOLD present)
[2026-08-18T12:30] episodes: no-new
[2026-08-18T12:30] snapshot: ok(10 rows)
[2026-08-18T12:30] submit: held (SUBMIT_HOLD present)
[2026-08-18T12:45] episodes: no-new
[2026-08-18T12:45] snapshot: not-due
[2026-08-18T12:45] submit: held (SUBMIT_HOLD present)
[2026-08-18T13:00] episodes: no-new
[2026-08-18T13:00] snapshot: not-due
[2026-08-18T13:00] submit: held (SUBMIT_HOLD present)
[2026-08-18T13:15] episodes: no-new
[2026-08-18T13:15] snapshot: not-due
[2026-08-18T13:15] submit: held (SUBMIT_HOLD present)
[2026-08-18T13:30] episodes: no-new
[2026-08-18T13:30] snapshot: not-due
[2026-08-18T13:30] submit: held (SUBMIT_HOLD present)
[2026-08-18T13:45] episodes: no-new
[2026-08-18T13:45] snapshot: not-due
[2026-08-18T13:45] submit: held (SUBMIT_HOLD present)
[2026-08-18T14:00] episodes: no-new
[2026-08-18T14:00] snapshot: not-due
[2026-08-18T14:00] submit: held (SUBMIT_HOLD present)
[2026-08-18T14:17] episodes: harvested:2026-08-18
[2026-08-18T14:17] snapshot: not-due
[2026-08-18T14:17] submit: held (SUBMIT_HOLD present)
[2026-08-18T14:30] episodes: no-new
[2026-08-18T14:30] snapshot: not-due
[2026-08-18T14:30] submit: held (SUBMIT_HOLD present)
[2026-08-18T14:45] episodes: no-new
[2026-08-18T14:45] snapshot: not-due
[2026-08-18T14:45] submit: held (SUBMIT_HOLD present)
[2026-08-18T15:00] episodes: no-new
[2026-08-18T15:00] snapshot: not-due
[2026-08-18T15:00] submit: held (SUBMIT_HOLD present)
[2026-08-18T15:15] episodes: no-new
[2026-08-18T15:15] snapshot: not-due
[2026-08-18T15:15] submit: held (SUBMIT_HOLD present)
[2026-08-18T15:30] episodes: no-new
[2026-08-18T15:30] snapshot: not-due
[2026-08-18T15:30] submit: held (SUBMIT_HOLD present)
[2026-08-18T15:45] episodes: no-new
[2026-08-18T15:45] snapshot: not-due
[2026-08-18T15:45] submit: held (SUBMIT_HOLD present)
[2026-08-18T16:00] episodes: no-new
[2026-08-18T16:00] snapshot: not-due
[2026-08-18T16:00] submit: held (SUBMIT_HOLD present)
[2026-08-18T16:15] episodes: no-new
[2026-08-18T16:15] snapshot: not-due
[2026-08-18T16:15] submit: held (SUBMIT_HOLD present)
[2026-08-18T16:30] episodes: no-new
[2026-08-18T16:30] snapshot: not-due
[2026-08-18T16:30] submit: held (SUBMIT_HOLD present)
[2026-08-18T16:45] episodes: no-new
[2026-08-18T16:45] snapshot: ok(10 rows)
[2026-08-18T16:45] submit: held (SUBMIT_HOLD present)
[2026-08-18T17:00] episodes: no-new
[2026-08-18T17:00] snapshot: not-due
[2026-08-18T17:00] submit: held (SUBMIT_HOLD present)
[2026-08-18T17:15] episodes: no-new
[2026-08-18T17:15] snapshot: not-due
[2026-08-18T17:15] submit: held (SUBMIT_HOLD present)
[2026-08-18T17:30] episodes: no-new
[2026-08-18T17:30] snapshot: not-due
[2026-08-18T17:30] submit: held (SUBMIT_HOLD present)
[2026-08-18T17:45] episodes: no-new
[2026-08-18T17:45] snapshot: not-due
[2026-08-18T17:45] submit: held (SUBMIT_HOLD present)
[2026-08-18T18:00] episodes: no-new
[2026-08-18T18:00] snapshot: not-due
[2026-08-18T18:00] submit: held (SUBMIT_HOLD present)
[2026-08-18T18:15] episodes: no-new
[2026-08-18T18:15] snapshot: not-due
[2026-08-18T18:15] submit: held (SUBMIT_HOLD present)
[2026-08-18T18:30] episodes: no-new
[2026-08-18T18:30] snapshot: not-due
[2026-08-18T18:30] submit: held (SUBMIT_HOLD present)
[2026-08-18T18:45] episodes: no-new
[2026-08-18T18:45] snapshot: not-due
[2026-08-18T18:45] submit: held (SUBMIT_HOLD present)
[2026-08-18T19:00] episodes: no-new
[2026-08-18T19:00] snapshot: not-due
[2026-08-18T19:00] submit: held (SUBMIT_HOLD present)
[2026-08-18T19:15] episodes: no-new
[2026-08-18T19:15] snapshot: not-due
[2026-08-18T19:15] submit: held (SUBMIT_HOLD present)
[2026-08-18T19:30] episodes: no-new
[2026-08-18T19:30] snapshot: not-due
[2026-08-18T19:30] submit: held (SUBMIT_HOLD present)
[2026-08-18T19:45] episodes: no-new
[2026-08-18T19:45] snapshot: not-due
[2026-08-18T19:45] submit: held (SUBMIT_HOLD present)
[2026-08-18T20:00] episodes: no-new
[2026-08-18T20:00] snapshot: not-due
[2026-08-18T20:00] submit: held (SUBMIT_HOLD present)
[2026-08-18T20:15] episodes: no-new
[2026-08-18T20:15] snapshot: not-due
[2026-08-18T20:15] submit: held (SUBMIT_HOLD present)
[2026-08-18T20:30] episodes: no-new
[2026-08-18T20:30] snapshot: not-due
[2026-08-18T20:30] submit: held (SUBMIT_HOLD present)
[2026-08-18T20:45] episodes: no-new
[2026-08-18T20:45] snapshot: ok(10 rows)
[2026-08-18T20:45] submit: held (SUBMIT_HOLD present)
[2026-08-18T21:00] episodes: no-new
[2026-08-18T21:00] snapshot: not-due
[2026-08-18T21:00] submit: held (SUBMIT_HOLD present)
[2026-08-18T21:15] episodes: no-new
[2026-08-18T21:15] snapshot: not-due
[2026-08-18T21:15] submit: held (SUBMIT_HOLD present)
[2026-08-18T21:30] episodes: no-new
[2026-08-18T21:30] snapshot: not-due
[2026-08-18T21:30] submit: held (SUBMIT_HOLD present)
[2026-08-18T21:45] episodes: no-new
[2026-08-18T21:45] snapshot: not-due
[2026-08-18T21:45] submit: held (SUBMIT_HOLD present)
[2026-08-18T22:00] episodes: no-new
[2026-08-18T22:00] snapshot: not-due
[2026-08-18T22:00] submit: held (SUBMIT_HOLD present)
[2026-08-18T22:15] episodes: no-new
[2026-08-18T22:15] snapshot: not-due
[2026-08-18T22:15] submit: held (SUBMIT_HOLD present)
[2026-08-18T22:30] episodes: no-new
[2026-08-18T22:30] snapshot: not-due
[2026-08-18T22:30] submit: held (SUBMIT_HOLD present)
[2026-08-18T22:45] episodes: no-new
[2026-08-18T22:45] snapshot: not-due
[2026-08-18T22:45] submit: held (SUBMIT_HOLD present)
[2026-08-18T23:00] episodes: no-new
[2026-08-18T23:00] snapshot: not-due
[2026-08-18T23:00] submit: held (SUBMIT_HOLD present)
[2026-08-18T23:15] episodes: no-new
[2026-08-18T23:15] snapshot: not-due
[2026-08-18T23:15] submit: held (SUBMIT_HOLD present)
[2026-08-18T23:30] episodes: no-new
[2026-08-18T23:30] snapshot: not-due
[2026-08-18T23:30] submit: held (SUBMIT_HOLD present)
[2026-08-18T23:45] episodes: no-new
[2026-08-18T23:45] snapshot: not-due
[2026-08-18T23:45] submit: held (SUBMIT_HOLD present)
[2026-08-19T00:00] episodes: no-new
[2026-08-19T00:00] snapshot: not-due
[2026-08-19T00:00] submit: held (SUBMIT_HOLD present)
[2026-08-19T00:15] episodes: no-new
[2026-08-19T00:15] snapshot: not-due
[2026-08-19T00:15] submit: held (SUBMIT_HOLD present)
[2026-08-19T00:30] episodes: no-new
[2026-08-19T00:30] snapshot: not-due
[2026-08-19T00:30] submit: held (SUBMIT_HOLD present)
[2026-08-19T00:45] episodes: no-new
[2026-08-19T00:45] snapshot: not-due
[2026-08-19T00:45] submit: held (SUBMIT_HOLD present)
[2026-08-19T01:00] episodes: no-new
[2026-08-19T01:00] snapshot: ok(10 rows)
[2026-08-19T01:00] submit: held (SUBMIT_HOLD present)
[2026-08-19T01:15] episodes: no-new
[2026-08-19T01:15] snapshot: not-due
[2026-08-19T01:15] submit: held (SUBMIT_HOLD present)
[2026-08-19T01:30] episodes: no-new
[2026-08-19T01:30] snapshot: not-due
[2026-08-19T01:30] submit: held (SUBMIT_HOLD present)
[2026-08-19T01:45] episodes: no-new
[2026-08-19T01:45] snapshot: not-due
[2026-08-19T01:45] submit: held (SUBMIT_HOLD present)
[2026-08-19T02:00] episodes: no-new
[2026-08-19T02:00] snapshot: not-due
[2026-08-19T02:00] submit: held (SUBMIT_HOLD present)
[2026-08-19T02:15] episodes: no-new
[2026-08-19T02:15] snapshot: not-due
[2026-08-19T02:15] submit: held (SUBMIT_HOLD present)
[2026-08-19T02:30] episodes: no-new
[2026-08-19T02:30] snapshot: not-due
[2026-08-19T02:30] submit: held (SUBMIT_HOLD present)
[2026-08-19T02:45] episodes: no-new
[2026-08-19T02:45] snapshot: not-due
[2026-08-19T02:45] submit: held (SUBMIT_HOLD present)
[2026-08-19T03:00] episodes: no-new
[2026-08-19T03:00] snapshot: not-due
[2026-08-19T03:00] submit: held (SUBMIT_HOLD present)
[2026-08-19T03:15] episodes: no-new
[2026-08-19T03:15] snapshot: not-due
[2026-08-19T03:15] submit: held (SUBMIT_HOLD present)
[2026-08-19T03:30] episodes: no-new
[2026-08-19T03:30] snapshot: not-due
[2026-08-19T03:30] submit: held (SUBMIT_HOLD present)
[2026-08-19T03:45] episodes: no-new
[2026-08-19T03:45] snapshot: not-due
[2026-08-19T03:45] submit: held (SUBMIT_HOLD present)
[2026-08-19T04:00] episodes: no-new
[2026-08-19T04:00] snapshot: not-due
[2026-08-19T04:00] submit: held (SUBMIT_HOLD present)
[2026-08-19T04:15] episodes: no-new
[2026-08-19T04:15] snapshot: not-due
[2026-08-19T04:15] submit: held (SUBMIT_HOLD present)
[2026-08-19T04:30] episodes: no-new
[2026-08-19T04:30] snapshot: not-due
[2026-08-19T04:30] submit: held (SUBMIT_HOLD present)
[2026-08-19T04:45] episodes: no-new
[2026-08-19T04:45] snapshot: not-due
[2026-08-19T04:45] submit: held (SUBMIT_HOLD present)
[2026-08-19T05:00] episodes: no-new
[2026-08-19T05:00] snapshot: not-due
[2026-08-19T05:00] submit: held (SUBMIT_HOLD present)
[2026-08-19T05:15] episodes: no-new
[2026-08-19T05:15] snapshot: ok(10 rows)
[2026-08-19T05:15] submit: held (SUBMIT_HOLD present)
[2026-08-19T05:30] episodes: no-new
[2026-08-19T05:30] snapshot: not-due
[2026-08-19T05:30] submit: held (SUBMIT_HOLD present)
[2026-08-19T05:45] episodes: no-new
[2026-08-19T05:45] snapshot: not-due
[2026-08-19T05:45] submit: held (SUBMIT_HOLD present)
[2026-08-19T06:00] episodes: no-new
[2026-08-19T06:00] snapshot: not-due
[2026-08-19T06:00] submit: held (SUBMIT_HOLD present)
[2026-08-19T06:15] episodes: no-new
[2026-08-19T06:15] snapshot: not-due
[2026-08-19T06:15] submit: held (SUBMIT_HOLD present)
[2026-08-19T06:30] episodes: no-new
[2026-08-19T06:30] snapshot: not-due
[2026-08-19T06:30] submit: held (SUBMIT_HOLD present)
[2026-08-19T06:45] episodes: no-new
[2026-08-19T06:45] snapshot: not-due
[2026-08-19T06:45] submit: held (SUBMIT_HOLD present)
[2026-08-19T07:00] episodes: no-new
[2026-08-19T07:00] snapshot: not-due
[2026-08-19T07:00] submit: held (SUBMIT_HOLD present)
[2026-08-19T07:15] episodes: no-new
[2026-08-19T07:15] snapshot: not-due
[2026-08-19T07:15] submit: held (SUBMIT_HOLD present)
[2026-08-19T07:30] episodes: no-new
[2026-08-19T07:30] snapshot: not-due
[2026-08-19T07:30] submit: held (SUBMIT_HOLD present)
[2026-08-19T07:45] episodes: no-new
[2026-08-19T07:45] snapshot: not-due
[2026-08-19T07:45] submit: held (SUBMIT_HOLD present)
[2026-08-19T08:00] episodes: no-new
[2026-08-19T08:00] snapshot: not-due
[2026-08-19T08:00] submit: held (SUBMIT_HOLD present)
[2026-08-19T08:15] episodes: no-new
[2026-08-19T08:15] snapshot: not-due
[2026-08-19T08:15] submit: held (SUBMIT_HOLD present)
[2026-08-19T08:30] episodes: no-new
[2026-08-19T08:30] snapshot: not-due
[2026-08-19T08:30] submit: held (SUBMIT_HOLD present)
[2026-08-19T08:45] episodes: no-new
[2026-08-19T08:45] snapshot: not-due
[2026-08-19T08:45] submit: held (SUBMIT_HOLD present)
[2026-08-19T09:00] episodes: no-new
[2026-08-19T09:00] snapshot: not-due
[2026-08-19T09:00] submit: held (SUBMIT_HOLD present)
[2026-08-19T09:15] episodes: no-new
[2026-08-19T09:15] snapshot: ok(10 rows)
[2026-08-19T09:15] submit: held (SUBMIT_HOLD present)
[2026-08-19T09:30] episodes: no-new
[2026-08-19T09:30] snapshot: not-due
[2026-08-19T09:30] submit: held (SUBMIT_HOLD present)
[2026-08-19T09:45] episodes: no-new
[2026-08-19T09:45] snapshot: not-due
[2026-08-19T09:45] submit: held (SUBMIT_HOLD present)
[2026-08-19T10:00] episodes: no-new
[2026-08-19T10:00] snapshot: not-due
[2026-08-19T10:00] submit: held (SUBMIT_HOLD present)
[2026-08-19T10:15] episodes: no-new
[2026-08-19T10:15] snapshot: not-due
[2026-08-19T10:15] submit: held (SUBMIT_HOLD present)
[2026-08-19T10:30] episodes: no-new
[2026-08-19T10:30] snapshot: not-due
[2026-08-19T10:30] submit: held (SUBMIT_HOLD present)
[2026-08-19T10:45] episodes: no-new
[2026-08-19T10:45] snapshot: not-due
[2026-08-19T10:45] submit: held (SUBMIT_HOLD present)
[2026-08-19T11:00] episodes: no-new
[2026-08-19T11:00] snapshot: not-due
[2026-08-19T11:00] submit: held (SUBMIT_HOLD present)
[2026-08-19T11:15] episodes: no-new
[2026-08-19T11:15] snapshot: not-due
[2026-08-19T11:15] submit: held (SUBMIT_HOLD present)
[2026-08-19T11:30] episodes: no-new
[2026-08-19T11:30] snapshot: not-due
[2026-08-19T11:30] submit: held (SUBMIT_HOLD present)
[2026-08-19T11:45] episodes: no-new
[2026-08-19T11:45] snapshot: not-due
[2026-08-19T11:45] submit: held (SUBMIT_HOLD present)
[2026-08-19T12:00] episodes: no-new
[2026-08-19T12:00] snapshot: not-due
[2026-08-19T12:00] submit: held (SUBMIT_HOLD present)
[2026-08-19T12:15] episodes: no-new
[2026-08-19T12:15] snapshot: not-due
[2026-08-19T12:15] submit: held (SUBMIT_HOLD present)
[2026-08-19T12:30] episodes: no-new
[2026-08-19T12:30] snapshot: not-due
[2026-08-19T12:30] submit: held (SUBMIT_HOLD present)
[2026-08-19T12:45] episodes: no-new
[2026-08-19T12:45] snapshot: not-due
[2026-08-19T12:45] submit: held (SUBMIT_HOLD present)
[2026-08-19T13:00] episodes: no-new
[2026-08-19T13:00] snapshot: not-due
[2026-08-19T13:00] submit: held (SUBMIT_HOLD present)
[2026-08-19T13:15] episodes: no-new
[2026-08-19T13:15] snapshot: ok(10 rows)
[2026-08-19T13:15] submit: held (SUBMIT_HOLD present)
[2026-08-19T13:30] episodes: no-new
[2026-08-19T13:30] snapshot: not-due
[2026-08-19T13:30] submit: held (SUBMIT_HOLD present)
[2026-08-19T13:45] episodes: no-new
[2026-08-19T13:45] snapshot: not-due
[2026-08-19T13:45] submit: held (SUBMIT_HOLD present)
[2026-08-19T14:00] episodes: no-new
[2026-08-19T14:00] snapshot: not-due
[2026-08-19T14:00] submit: held (SUBMIT_HOLD present)
[2026-08-19T14:15] episodes: error:RuntimeError('kaggle CLI failed (1): 404 Client Error: Not Found for url: https://api.kaggle.com/v1/datasets.DatasetApiService/DownloadDataset')
[2026-08-19T14:15] snapshot: not-due
[2026-08-19T14:15] submit: held (SUBMIT_HOLD present)
[2026-08-19T14:32] episodes: harvested:2026-08-19
[2026-08-19T14:32] snapshot: not-due
[2026-08-19T14:32] submit: held (SUBMIT_HOLD present)
[2026-08-19T14:45] episodes: no-new
[2026-08-19T14:45] snapshot: not-due
[2026-08-19T14:45] submit: held (SUBMIT_HOLD present)
[2026-08-19T15:00] episodes: no-new
[2026-08-19T15:00] snapshot: not-due
[2026-08-19T15:00] submit: held (SUBMIT_HOLD present)
[2026-08-19T15:15] episodes: no-new
[2026-08-19T15:15] snapshot: not-due
[2026-08-19T15:15] submit: held (SUBMIT_HOLD present)
[2026-08-19T15:30] episodes: no-new
[2026-08-19T15:30] snapshot: not-due
[2026-08-19T15:30] submit: held (SUBMIT_HOLD present)
[2026-08-19T15:45] episodes: no-new
[2026-08-19T15:45] snapshot: not-due
[2026-08-19T15:45] submit: held (SUBMIT_HOLD present)
[2026-08-19T16:00] episodes: no-new
[2026-08-19T16:00] snapshot: not-due
[2026-08-19T16:00] submit: held (SUBMIT_HOLD present)
[2026-08-19T16:15] episodes: no-new
[2026-08-19T16:15] snapshot: not-due
[2026-08-19T16:15] submit: held (SUBMIT_HOLD present)
[2026-08-19T16:30] episodes: no-new
[2026-08-19T16:30] snapshot: not-due
[2026-08-19T16:30] submit: held (SUBMIT_HOLD present)
[2026-08-19T16:45] episodes: no-new
[2026-08-19T16:45] snapshot: not-due
[2026-08-19T16:45] submit: held (SUBMIT_HOLD present)
[2026-08-19T17:00] episodes: no-new
[2026-08-19T17:00] snapshot: not-due
[2026-08-19T17:00] submit: held (SUBMIT_HOLD present)
[2026-08-19T17:15] episodes: no-new
[2026-08-19T17:15] snapshot: not-due
[2026-08-19T17:15] submit: held (SUBMIT_HOLD present)
[2026-08-19T17:30] episodes: no-new
[2026-08-19T17:30] snapshot: ok(10 rows)
[2026-08-19T17:30] submit: held (SUBMIT_HOLD present)
[2026-08-19T17:45] episodes: no-new
[2026-08-19T17:45] snapshot: not-due
[2026-08-19T17:45] submit: held (SUBMIT_HOLD present)
[2026-08-19T18:00] episodes: no-new
[2026-08-19T18:00] snapshot: not-due
[2026-08-19T18:00] submit: held (SUBMIT_HOLD present)
[2026-08-19T18:15] episodes: no-new
[2026-08-19T18:15] snapshot: not-due
[2026-08-19T18:15] submit: held (SUBMIT_HOLD present)
[2026-08-19T18:30] episodes: no-new
[2026-08-19T18:30] snapshot: not-due
[2026-08-19T18:30] submit: held (SUBMIT_HOLD present)
[2026-08-19T18:45] episodes: no-new
[2026-08-19T18:45] snapshot: not-due
[2026-08-19T18:45] submit: held (SUBMIT_HOLD present)
[2026-08-19T19:00] episodes: no-new
[2026-08-19T19:00] snapshot: not-due
[2026-08-19T19:00] submit: held (SUBMIT_HOLD present)
[2026-08-19T19:15] episodes: no-new
[2026-08-19T19:15] snapshot: not-due
[2026-08-19T19:15] submit: held (SUBMIT_HOLD present)
[2026-08-19T19:30] episodes: no-new
[2026-08-19T19:30] snapshot: not-due
[2026-08-19T19:30] submit: held (SUBMIT_HOLD present)
[2026-08-19T19:45] episodes: no-new
[2026-08-19T19:45] snapshot: not-due
[2026-08-19T19:45] submit: held (SUBMIT_HOLD present)
[2026-08-19T20:00] episodes: no-new
[2026-08-19T20:00] snapshot: not-due
[2026-08-19T20:00] submit: held (SUBMIT_HOLD present)
[2026-08-19T20:15] episodes: no-new
[2026-08-19T20:15] snapshot: not-due
[2026-08-19T20:15] submit: held (SUBMIT_HOLD present)
[2026-08-19T20:30] episodes: no-new
[2026-08-19T20:30] snapshot: not-due
[2026-08-19T20:30] submit: held (SUBMIT_HOLD present)
[2026-08-19T20:45] episodes: no-new
[2026-08-19T20:45] snapshot: not-due
[2026-08-19T20:45] submit: held (SUBMIT_HOLD present)
[2026-08-19T21:00] episodes: no-new
[2026-08-19T21:00] snapshot: not-due
[2026-08-19T21:00] submit: held (SUBMIT_HOLD present)
[2026-08-19T21:15] episodes: no-new
[2026-08-19T21:15] snapshot: not-due
[2026-08-19T21:15] submit: held (SUBMIT_HOLD present)
[2026-08-19T21:30] episodes: no-new
[2026-08-19T21:30] snapshot: not-due
[2026-08-19T21:30] submit: held (SUBMIT_HOLD present)
[2026-08-19T21:45] episodes: no-new
[2026-08-19T21:45] snapshot: ok(10 rows)
[2026-08-19T21:45] submit: held (SUBMIT_HOLD present)
[2026-08-19T22:00] episodes: no-new
[2026-08-19T22:00] snapshot: not-due
[2026-08-19T22:00] submit: held (SUBMIT_HOLD present)
[2026-08-19T22:15] episodes: no-new
[2026-08-19T22:15] snapshot: not-due
[2026-08-19T22:15] submit: held (SUBMIT_HOLD present)
[2026-08-19T22:30] episodes: no-new
[2026-08-19T22:30] snapshot: not-due
[2026-08-19T22:30] submit: held (SUBMIT_HOLD present)
[2026-08-19T22:45] episodes: no-new
[2026-08-19T22:45] snapshot: not-due
[2026-08-19T22:45] submit: held (SUBMIT_HOLD present)
[2026-08-19T23:00] episodes: no-new
[2026-08-19T23:00] snapshot: not-due
[2026-08-19T23:00] submit: held (SUBMIT_HOLD present)
[2026-08-19T23:15] episodes: no-new
[2026-08-19T23:15] snapshot: not-due
[2026-08-19T23:15] submit: held (SUBMIT_HOLD present)
[2026-08-19T23:30] episodes: no-new
[2026-08-19T23:30] snapshot: not-due
[2026-08-19T23:30] submit: held (SUBMIT_HOLD present)
[2026-08-19T23:45] episodes: no-new
[2026-08-19T23:45] snapshot: not-due
[2026-08-19T23:45] submit: held (SUBMIT_HOLD present)
[2026-08-20T00:00] episodes: no-new
[2026-08-20T00:00] snapshot: not-due
[2026-08-20T00:00] submit: held (SUBMIT_HOLD present)
[2026-08-20T00:15] episodes: no-new
[2026-08-20T00:15] snapshot: not-due
[2026-08-20T00:15] submit: held (SUBMIT_HOLD present)
[2026-08-20T00:30] episodes: no-new
[2026-08-20T00:30] snapshot: not-due
[2026-08-20T00:30] submit: held (SUBMIT_HOLD present)
[2026-08-20T00:45] episodes: no-new
[2026-08-20T00:45] snapshot: not-due
[2026-08-20T00:45] submit: held (SUBMIT_HOLD present)
[2026-08-20T01:00] episodes: no-new
[2026-08-20T01:00] snapshot: not-due
[2026-08-20T01:00] submit: held (SUBMIT_HOLD present)
[2026-08-20T01:15] episodes: no-new
[2026-08-20T01:15] snapshot: not-due
[2026-08-20T01:15] submit: held (SUBMIT_HOLD present)
[2026-08-20T01:30] episodes: no-new
[2026-08-20T01:30] snapshot: not-due
[2026-08-20T01:30] submit: held (SUBMIT_HOLD present)
[2026-08-20T01:45] episodes: no-new
[2026-08-20T01:45] snapshot: not-due
[2026-08-20T01:45] submit: held (SUBMIT_HOLD present)
[2026-08-20T02:00] episodes: no-new
[2026-08-20T02:00] snapshot: ok(10 rows)
[2026-08-20T02:00] submit: held (SUBMIT_HOLD present)
[2026-08-20T02:15] episodes: no-new
[2026-08-20T02:15] snapshot: not-due
[2026-08-20T02:15] submit: held (SUBMIT_HOLD present)
[2026-08-20T02:30] episodes: no-new
[2026-08-20T02:30] snapshot: not-due
[2026-08-20T02:30] submit: held (SUBMIT_HOLD present)
[2026-08-20T02:45] episodes: no-new
[2026-08-20T02:45] snapshot: not-due
[2026-08-20T02:45] submit: held (SUBMIT_HOLD present)
[2026-08-20T03:00] episodes: no-new
[2026-08-20T03:00] snapshot: not-due
[2026-08-20T03:00] submit: held (SUBMIT_HOLD present)
[2026-08-20T03:15] episodes: no-new
[2026-08-20T03:15] snapshot: not-due
[2026-08-20T03:15] submit: held (SUBMIT_HOLD present)
[2026-08-20T03:30] episodes: no-new
[2026-08-20T03:30] snapshot: not-due
[2026-08-20T03:30] submit: held (SUBMIT_HOLD present)
[2026-08-20T03:45] episodes: no-new
[2026-08-20T03:45] snapshot: not-due
[2026-08-20T03:45] submit: held (SUBMIT_HOLD present)
[2026-08-20T04:00] episodes: no-new
[2026-08-20T04:00] snapshot: not-due
[2026-08-20T04:00] submit: held (SUBMIT_HOLD present)
[2026-08-20T04:15] episodes: no-new
[2026-08-20T04:15] snapshot: not-due
[2026-08-20T04:15] submit: held (SUBMIT_HOLD present)
[2026-08-20T04:30] episodes: no-new
[2026-08-20T04:30] snapshot: not-due
[2026-08-20T04:30] submit: held (SUBMIT_HOLD present)
[2026-08-20T04:45] episodes: no-new
[2026-08-20T04:45] snapshot: not-due
[2026-08-20T04:45] submit: held (SUBMIT_HOLD present)
[2026-08-20T05:00] episodes: no-new
[2026-08-20T05:00] snapshot: not-due
[2026-08-20T05:00] submit: held (SUBMIT_HOLD present)
[2026-08-20T05:15] episodes: no-new
[2026-08-20T05:15] snapshot: not-due
[2026-08-20T05:15] submit: held (SUBMIT_HOLD present)
[2026-08-20T05:30] episodes: no-new
[2026-08-20T05:30] snapshot: not-due
[2026-08-20T05:30] submit: held (SUBMIT_HOLD present)
[2026-08-20T05:45] episodes: no-new
[2026-08-20T05:45] snapshot: not-due
[2026-08-20T05:45] submit: held (SUBMIT_HOLD present)
[2026-08-20T06:00] episodes: no-new
[2026-08-20T06:00] snapshot: ok(10 rows)
[2026-08-20T06:00] submit: held (SUBMIT_HOLD present)
[2026-08-20T06:15] episodes: no-new
[2026-08-20T06:15] snapshot: not-due
[2026-08-20T06:15] submit: held (SUBMIT_HOLD present)
[2026-08-20T06:31] episodes: no-new
[2026-08-20T06:31] snapshot: not-due
[2026-08-20T06:31] submit: held (SUBMIT_HOLD present)
[2026-08-20T06:45] episodes: no-new
[2026-08-20T06:45] snapshot: not-due
[2026-08-20T06:45] submit: held (SUBMIT_HOLD present)
[2026-08-20T07:00] episodes: no-new
[2026-08-20T07:00] snapshot: not-due
[2026-08-20T07:00] submit: held (SUBMIT_HOLD present)
[2026-08-20T07:15] episodes: no-new
[2026-08-20T07:15] snapshot: not-due
[2026-08-20T07:15] submit: held (SUBMIT_HOLD present)
[2026-08-20T07:30] episodes: no-new
[2026-08-20T07:30] snapshot: not-due
[2026-08-20T07:30] submit: held (SUBMIT_HOLD present)
[2026-08-20T07:45] episodes: no-new
[2026-08-20T07:45] snapshot: not-due
[2026-08-20T07:45] submit: held (SUBMIT_HOLD present)
[2026-08-20T08:00] episodes: no-new
[2026-08-20T08:00] snapshot: not-due
[2026-08-20T08:00] submit: held (SUBMIT_HOLD present)
[2026-08-20T08:15] episodes: no-new
[2026-08-20T08:15] snapshot: not-due
[2026-08-20T08:15] submit: held (SUBMIT_HOLD present)
[2026-08-20T08:30] episodes: no-new
[2026-08-20T08:30] snapshot: not-due
[2026-08-20T08:30] submit: held (SUBMIT_HOLD present)
[2026-08-20T08:45] episodes: no-new
[2026-08-20T08:45] snapshot: not-due
[2026-08-20T08:45] submit: held (SUBMIT_HOLD present)
[2026-08-20T09:00] episodes: no-new
[2026-08-20T09:00] snapshot: not-due
[2026-08-20T09:00] submit: held (SUBMIT_HOLD present)
[2026-08-20T09:15] episodes: no-new
[2026-08-20T09:15] snapshot: not-due
[2026-08-20T09:15] submit: held (SUBMIT_HOLD present)
[2026-08-20T09:30] episodes: no-new
[2026-08-20T09:30] snapshot: not-due
[2026-08-20T09:30] submit: held (SUBMIT_HOLD present)
[2026-08-20T09:45] episodes: no-new
[2026-08-20T09:45] snapshot: not-due
[2026-08-20T09:45] submit: held (SUBMIT_HOLD present)
[2026-08-20T10:00] episodes: no-new
[2026-08-20T10:00] snapshot: not-due
[2026-08-20T10:00] submit: held (SUBMIT_HOLD present)
[2026-08-20T10:15] episodes: no-new
[2026-08-20T10:15] snapshot: ok(10 rows)
[2026-08-20T10:15] submit: held (SUBMIT_HOLD present)
[2026-08-20T10:30] episodes: no-new
[2026-08-20T10:30] snapshot: not-due
[2026-08-20T10:30] submit: held (SUBMIT_HOLD present)
[2026-08-20T10:45] episodes: no-new
[2026-08-20T10:45] snapshot: not-due
[2026-08-20T10:45] submit: held (SUBMIT_HOLD present)
[2026-08-20T11:00] episodes: no-new
[2026-08-20T11:00] snapshot: not-due
[2026-08-20T11:00] submit: held (SUBMIT_HOLD present)
[2026-08-20T11:15] episodes: no-new
[2026-08-20T11:15] snapshot: not-due
[2026-08-20T11:15] submit: held (SUBMIT_HOLD present)
[2026-08-20T11:30] episodes: no-new
[2026-08-20T11:30] snapshot: not-due
[2026-08-20T11:30] submit: held (SUBMIT_HOLD present)
[2026-08-20T11:45] episodes: no-new
[2026-08-20T11:45] snapshot: not-due
[2026-08-20T11:45] submit: held (SUBMIT_HOLD present)
[2026-08-20T12:00] episodes: no-new
[2026-08-20T12:00] snapshot: not-due
[2026-08-20T12:00] submit: held (SUBMIT_HOLD present)
[2026-08-20T12:15] episodes: no-new
[2026-08-20T12:15] snapshot: not-due
[2026-08-20T12:15] submit: held (SUBMIT_HOLD present)
[2026-08-20T12:30] episodes: no-new
[2026-08-20T12:30] snapshot: not-due
[2026-08-20T12:30] submit: held (SUBMIT_HOLD present)
[2026-08-20T12:45] episodes: no-new
[2026-08-20T12:45] snapshot: not-due
[2026-08-20T12:45] submit: held (SUBMIT_HOLD present)
[2026-08-20T13:00] episodes: no-new
[2026-08-20T13:00] snapshot: not-due
[2026-08-20T13:00] submit: held (SUBMIT_HOLD present)
[2026-08-20T13:15] episodes: no-new
[2026-08-20T13:15] snapshot: not-due
[2026-08-20T13:15] submit: held (SUBMIT_HOLD present)
[2026-08-20T13:30] episodes: no-new
[2026-08-20T13:30] snapshot: not-due
[2026-08-20T13:30] submit: held (SUBMIT_HOLD present)
[2026-08-20T13:45] episodes: no-new
[2026-08-20T13:45] snapshot: not-due
[2026-08-20T13:45] submit: held (SUBMIT_HOLD present)
[2026-08-20T14:00] episodes: no-new
[2026-08-20T14:00] snapshot: not-due
[2026-08-20T14:00] submit: held (SUBMIT_HOLD present)
[2026-08-20T14:16] episodes: harvested:2026-08-20
[2026-08-20T14:17] snapshot: ok(10 rows)
[2026-08-20T14:17] submit: held (SUBMIT_HOLD present)
[2026-08-20T14:30] episodes: no-new
[2026-08-20T14:30] snapshot: not-due
[2026-08-20T14:30] submit: held (SUBMIT_HOLD present)
[2026-08-20T14:45] episodes: no-new
[2026-08-20T14:45] snapshot: not-due
[2026-08-20T14:45] submit: held (SUBMIT_HOLD present)
[2026-08-20T15:00] episodes: no-new
[2026-08-20T15:00] snapshot: not-due
[2026-08-20T15:00] submit: held (SUBMIT_HOLD present)
[2026-08-20T15:15] episodes: no-new
[2026-08-20T15:15] snapshot: not-due
[2026-08-20T15:15] submit: held (SUBMIT_HOLD present)
[2026-08-20T15:30] episodes: no-new
[2026-08-20T15:30] snapshot: not-due
[2026-08-20T15:30] submit: held (SUBMIT_HOLD present)
[2026-08-20T15:45] episodes: no-new
[2026-08-20T15:45] snapshot: not-due
[2026-08-20T15:45] submit: held (SUBMIT_HOLD present)
[2026-08-20T16:00] episodes: no-new
[2026-08-20T16:00] snapshot: not-due
[2026-08-20T16:00] submit: held (SUBMIT_HOLD present)
[2026-08-20T16:15] episodes: no-new
[2026-08-20T16:15] snapshot: not-due
[2026-08-20T16:15] submit: held (SUBMIT_HOLD present)
[2026-08-20T16:30] episodes: no-new
[2026-08-20T16:30] snapshot: not-due
[2026-08-20T16:30] submit: held (SUBMIT_HOLD present)
[2026-08-20T16:45] episodes: no-new
[2026-08-20T16:45] snapshot: not-due
[2026-08-20T16:45] submit: held (SUBMIT_HOLD present)
[2026-08-20T17:00] episodes: no-new
[2026-08-20T17:00] snapshot: not-due
[2026-08-20T17:00] submit: held (SUBMIT_HOLD present)
[2026-08-20T17:15] episodes: no-new
[2026-08-20T17:15] snapshot: not-due
[2026-08-20T17:15] submit: held (SUBMIT_HOLD present)
[2026-08-20T17:30] episodes: no-new
[2026-08-20T17:30] snapshot: not-due
[2026-08-20T17:30] submit: held (SUBMIT_HOLD present)
[2026-08-20T17:45] episodes: no-new
[2026-08-20T17:45] snapshot: not-due
[2026-08-20T17:45] submit: held (SUBMIT_HOLD present)
[2026-08-20T18:00] episodes: no-new
[2026-08-20T18:00] snapshot: not-due
[2026-08-20T18:00] submit: held (SUBMIT_HOLD present)
[2026-08-20T18:15] episodes: no-new
[2026-08-20T18:15] snapshot: not-due
[2026-08-20T18:15] submit: held (SUBMIT_HOLD present)
[2026-08-20T18:30] episodes: no-new
[2026-08-20T18:30] snapshot: ok(10 rows)
[2026-08-20T18:30] submit: held (SUBMIT_HOLD present)
[2026-08-20T18:45] episodes: no-new
[2026-08-20T18:45] snapshot: not-due
[2026-08-20T18:45] submit: held (SUBMIT_HOLD present)
[2026-08-20T19:00] episodes: no-new
[2026-08-20T19:00] snapshot: not-due
[2026-08-20T19:00] submit: held (SUBMIT_HOLD present)
[2026-08-20T19:15] episodes: no-new
[2026-08-20T19:15] snapshot: not-due
[2026-08-20T19:15] submit: held (SUBMIT_HOLD present)
[2026-08-20T19:30] episodes: no-new
[2026-08-20T19:30] snapshot: not-due
[2026-08-20T19:30] submit: held (SUBMIT_HOLD present)
[2026-08-20T19:45] episodes: no-new
[2026-08-20T19:45] snapshot: not-due
[2026-08-20T19:45] submit: held (SUBMIT_HOLD present)
[2026-08-20T20:00] episodes: no-new
[2026-08-20T20:00] snapshot: not-due
[2026-08-20T20:00] submit: held (SUBMIT_HOLD present)
[2026-08-20T20:15] episodes: no-new
[2026-08-20T20:15] snapshot: not-due
[2026-08-20T20:15] submit: held (SUBMIT_HOLD present)
[2026-08-20T20:30] episodes: no-new
[2026-08-20T20:30] snapshot: not-due
[2026-08-20T20:30] submit: held (SUBMIT_HOLD present)
[2026-08-20T20:45] episodes: no-new
[2026-08-20T20:45] snapshot: not-due
[2026-08-20T20:45] submit: held (SUBMIT_HOLD present)
[2026-08-20T21:00] episodes: no-new
[2026-08-20T21:00] snapshot: not-due
[2026-08-20T21:00] submit: held (SUBMIT_HOLD present)
[2026-08-20T21:15] episodes: no-new
[2026-08-20T21:15] snapshot: not-due
[2026-08-20T21:15] submit: held (SUBMIT_HOLD present)
[2026-08-20T21:30] episodes: no-new
[2026-08-20T21:30] snapshot: not-due
[2026-08-20T21:30] submit: held (SUBMIT_HOLD present)
[2026-08-20T21:45] episodes: no-new
[2026-08-20T21:45] snapshot: not-due
[2026-08-20T21:45] submit: held (SUBMIT_HOLD present)
[2026-08-20T22:00] episodes: no-new
[2026-08-20T22:00] snapshot: not-due
[2026-08-20T22:00] submit: held (SUBMIT_HOLD present)
[2026-08-20T22:15] episodes: no-new
[2026-08-20T22:15] snapshot: not-due
[2026-08-20T22:15] submit: held (SUBMIT_HOLD present)
[2026-08-20T22:30] episodes: no-new
[2026-08-20T22:30] snapshot: ok(10 rows)
[2026-08-20T22:30] submit: held (SUBMIT_HOLD present)
[2026-08-20T22:45] episodes: no-new
[2026-08-20T22:45] snapshot: not-due
[2026-08-20T22:45] submit: held (SUBMIT_HOLD present)
[2026-08-20T23:00] episodes: no-new
[2026-08-20T23:00] snapshot: not-due
[2026-08-20T23:00] submit: held (SUBMIT_HOLD present)
[2026-08-20T23:15] episodes: no-new
[2026-08-20T23:15] snapshot: not-due
[2026-08-20T23:15] submit: held (SUBMIT_HOLD present)
[2026-08-20T23:30] episodes: no-new
[2026-08-20T23:30] snapshot: not-due
[2026-08-20T23:30] submit: held (SUBMIT_HOLD present)
[2026-08-20T23:45] episodes: no-new
[2026-08-20T23:45] snapshot: not-due
[2026-08-20T23:45] submit: held (SUBMIT_HOLD present)
[2026-08-21T00:00] episodes: no-new
[2026-08-21T00:00] snapshot: not-due
[2026-08-21T00:00] submit: held (SUBMIT_HOLD present)
[2026-08-21T00:15] episodes: no-new
[2026-08-21T00:15] snapshot: not-due
[2026-08-21T00:15] submit: held (SUBMIT_HOLD present)
[2026-08-21T00:30] episodes: no-new
[2026-08-21T00:30] snapshot: not-due
[2026-08-21T00:30] submit: held (SUBMIT_HOLD present)
[2026-08-21T00:45] episodes: no-new
[2026-08-21T00:45] snapshot: not-due
[2026-08-21T00:45] submit: held (SUBMIT_HOLD present)
[2026-08-21T01:00] episodes: no-new
[2026-08-21T01:00] snapshot: not-due
[2026-08-21T01:00] submit: held (SUBMIT_HOLD present)
[2026-08-21T01:15] episodes: no-new
[2026-08-21T01:15] snapshot: not-due
[2026-08-21T01:15] submit: held (SUBMIT_HOLD present)
[2026-08-21T01:30] episodes: no-new
[2026-08-21T01:30] snapshot: not-due
[2026-08-21T01:30] submit: held (SUBMIT_HOLD present)
[2026-08-21T01:45] episodes: no-new
[2026-08-21T01:45] snapshot: not-due
[2026-08-21T01:45] submit: held (SUBMIT_HOLD present)
[2026-08-21T02:00] episodes: no-new
[2026-08-21T02:00] snapshot: not-due
[2026-08-21T02:00] submit: held (SUBMIT_HOLD present)
[2026-08-21T02:15] episodes: no-new
[2026-08-21T02:15] snapshot: not-due
[2026-08-21T02:15] submit: held (SUBMIT_HOLD present)
[2026-08-21T02:30] episodes: no-new
[2026-08-21T02:30] snapshot: not-due
[2026-08-21T02:30] submit: held (SUBMIT_HOLD present)
[2026-08-21T02:45] episodes: no-new
[2026-08-21T02:45] snapshot: ok(10 rows)
[2026-08-21T02:45] submit: held (SUBMIT_HOLD present)
[2026-08-21T03:00] episodes: no-new
[2026-08-21T03:00] snapshot: not-due
[2026-08-21T03:00] submit: held (SUBMIT_HOLD present)
[2026-08-21T03:15] episodes: no-new
[2026-08-21T03:15] snapshot: not-due
[2026-08-21T03:15] submit: held (SUBMIT_HOLD present)
[2026-08-21T03:30] episodes: no-new
[2026-08-21T03:30] snapshot: not-due
[2026-08-21T03:30] submit: held (SUBMIT_HOLD present)
[2026-08-21T03:45] episodes: no-new
[2026-08-21T03:45] snapshot: not-due
[2026-08-21T03:45] submit: held (SUBMIT_HOLD present)
[2026-08-21T04:00] episodes: no-new
[2026-08-21T04:00] snapshot: not-due
[2026-08-21T04:00] submit: held (SUBMIT_HOLD present)
[2026-08-21T04:15] episodes: no-new
[2026-08-21T04:15] snapshot: not-due
[2026-08-21T04:15] submit: held (SUBMIT_HOLD present)
[2026-08-21T04:30] episodes: no-new
[2026-08-21T04:30] snapshot: not-due
[2026-08-21T04:30] submit: held (SUBMIT_HOLD present)
[2026-08-21T04:45] episodes: no-new
[2026-08-21T04:45] snapshot: not-due
[2026-08-21T04:45] submit: held (SUBMIT_HOLD present)
[2026-08-21T05:00] episodes: no-new
[2026-08-21T05:00] snapshot: not-due
[2026-08-21T05:00] submit: held (SUBMIT_HOLD present)
[2026-08-21T05:15] episodes: no-new
[2026-08-21T05:15] snapshot: not-due
[2026-08-21T05:15] submit: held (SUBMIT_HOLD present)
[2026-08-21T05:30] episodes: no-new
[2026-08-21T05:30] snapshot: not-due
[2026-08-21T05:30] submit: held (SUBMIT_HOLD present)
[2026-08-21T05:45] episodes: no-new
[2026-08-21T05:45] snapshot: not-due
[2026-08-21T05:45] submit: held (SUBMIT_HOLD present)
[2026-08-21T06:00] episodes: no-new
[2026-08-21T06:00] snapshot: not-due
[2026-08-21T06:00] submit: held (SUBMIT_HOLD present)
[2026-08-21T06:15] episodes: no-new
[2026-08-21T06:15] snapshot: not-due
[2026-08-21T06:15] submit: held (SUBMIT_HOLD present)
[2026-08-21T06:30] episodes: no-new
[2026-08-21T06:30] snapshot: not-due
[2026-08-21T06:30] submit: held (SUBMIT_HOLD present)
[2026-08-21T06:45] episodes: no-new
[2026-08-21T06:45] snapshot: ok(10 rows)
[2026-08-21T06:45] submit: held (SUBMIT_HOLD present)
[2026-08-21T07:00] episodes: no-new
[2026-08-21T07:00] snapshot: not-due
[2026-08-21T07:00] submit: held (SUBMIT_HOLD present)
[2026-08-21T07:15] episodes: no-new
[2026-08-21T07:15] snapshot: not-due
[2026-08-21T07:15] submit: held (SUBMIT_HOLD present)
[2026-08-21T07:30] episodes: no-new
[2026-08-21T07:30] snapshot: not-due
[2026-08-21T07:30] submit: held (SUBMIT_HOLD present)
[2026-08-21T07:45] episodes: no-new
[2026-08-21T07:45] snapshot: not-due
[2026-08-21T07:45] submit: held (SUBMIT_HOLD present)
[2026-08-21T08:00] episodes: no-new
[2026-08-21T08:00] snapshot: not-due
[2026-08-21T08:00] submit: held (SUBMIT_HOLD present)
[2026-08-21T08:15] episodes: no-new
[2026-08-21T08:15] snapshot: not-due
[2026-08-21T08:15] submit: held (SUBMIT_HOLD present)
[2026-08-21T08:30] episodes: no-new
[2026-08-21T08:30] snapshot: not-due
[2026-08-21T08:30] submit: held (SUBMIT_HOLD present)
[2026-08-21T08:45] episodes: no-new
[2026-08-21T08:45] snapshot: not-due
[2026-08-21T08:45] submit: held (SUBMIT_HOLD present)
[2026-08-21T09:00] episodes: no-new
[2026-08-21T09:00] snapshot: not-due
[2026-08-21T09:00] submit: held (SUBMIT_HOLD present)
[2026-08-21T09:15] episodes: no-new
[2026-08-21T09:15] snapshot: not-due
[2026-08-21T09:15] submit: held (SUBMIT_HOLD present)
[2026-08-21T09:30] episodes: no-new
[2026-08-21T09:30] snapshot: not-due
[2026-08-21T09:30] submit: held (SUBMIT_HOLD present)
[2026-08-21T09:45] episodes: no-new
[2026-08-21T09:45] snapshot: not-due
[2026-08-21T09:45] submit: held (SUBMIT_HOLD present)
[2026-08-21T10:00] episodes: no-new
[2026-08-21T10:00] snapshot: not-due
[2026-08-21T10:00] submit: held (SUBMIT_HOLD present)
[2026-08-21T10:15] episodes: no-new
[2026-08-21T10:15] snapshot: not-due
[2026-08-21T10:15] submit: held (SUBMIT_HOLD present)
[2026-08-21T10:30] episodes: no-new
[2026-08-21T10:30] snapshot: not-due
[2026-08-21T10:30] submit: held (SUBMIT_HOLD present)
[2026-08-21T10:45] episodes: no-new
[2026-08-21T10:45] snapshot: ok(10 rows)
[2026-08-21T10:45] submit: held (SUBMIT_HOLD present)
[2026-08-21T11:00] episodes: no-new
[2026-08-21T11:00] snapshot: not-due
[2026-08-21T11:00] submit: held (SUBMIT_HOLD present)
[2026-08-21T11:15] episodes: no-new
[2026-08-21T11:15] snapshot: not-due
[2026-08-21T11:15] submit: held (SUBMIT_HOLD present)
[2026-08-21T11:30] episodes: no-new
[2026-08-21T11:30] snapshot: not-due
[2026-08-21T11:30] submit: held (SUBMIT_HOLD present)
[2026-08-21T11:45] episodes: no-new
[2026-08-21T11:45] snapshot: not-due
[2026-08-21T11:45] submit: held (SUBMIT_HOLD present)
[2026-08-21T12:00] episodes: no-new
[2026-08-21T12:00] snapshot: not-due
[2026-08-21T12:00] submit: held (SUBMIT_HOLD present)
[2026-08-21T12:15] episodes: no-new
[2026-08-21T12:15] snapshot: not-due
[2026-08-21T12:15] submit: held (SUBMIT_HOLD present)
[2026-08-21T12:30] episodes: no-new
[2026-08-21T12:30] snapshot: not-due
[2026-08-21T12:30] submit: held (SUBMIT_HOLD present)
[2026-08-21T12:45] episodes: no-new
[2026-08-21T12:45] snapshot: not-due
[2026-08-21T12:45] submit: held (SUBMIT_HOLD present)
[2026-08-21T13:00] episodes: no-new
[2026-08-21T13:00] snapshot: not-due
[2026-08-21T13:00] submit: held (SUBMIT_HOLD present)
[2026-08-21T13:15] episodes: no-new
[2026-08-21T13:15] snapshot: not-due
[2026-08-21T13:15] submit: held (SUBMIT_HOLD present)
[2026-08-21T13:30] episodes: no-new
[2026-08-21T13:30] snapshot: not-due
[2026-08-21T13:30] submit: held (SUBMIT_HOLD present)
[2026-08-21T13:45] episodes: no-new
[2026-08-21T13:45] snapshot: not-due
[2026-08-21T13:45] submit: held (SUBMIT_HOLD present)
[2026-08-21T14:00] episodes: no-new
[2026-08-21T14:00] snapshot: not-due
[2026-08-21T14:00] submit: held (SUBMIT_HOLD present)
[2026-08-21T14:17] episodes: harvested:2026-08-21
[2026-08-21T14:17] snapshot: not-due
[2026-08-21T14:17] submit: held (SUBMIT_HOLD present)
[2026-08-21T14:30] episodes: no-new
[2026-08-21T14:30] snapshot: not-due
[2026-08-21T14:30] submit: held (SUBMIT_HOLD present)
[2026-08-21T14:45] episodes: no-new
[2026-08-21T14:45] snapshot: not-due
[2026-08-21T14:45] submit: held (SUBMIT_HOLD present)
[2026-08-21T15:00] episodes: no-new
[2026-08-21T15:00] snapshot: ok(10 rows)
[2026-08-21T15:00] submit: held (SUBMIT_HOLD present)
[2026-08-21T15:26] episodes: no-new
[2026-08-21T15:26] snapshot: not-due
[2026-08-21T15:26] submit: held (SUBMIT_HOLD present)
[2026-08-21T15:30] episodes: no-new
[2026-08-21T15:30] snapshot: not-due
[2026-08-21T15:30] submit: held (SUBMIT_HOLD present)
[2026-08-21T15:45] episodes: no-new
[2026-08-21T15:45] snapshot: not-due
[2026-08-21T15:45] submit: held (SUBMIT_HOLD present)
[2026-08-21T16:00] episodes: no-new
[2026-08-21T16:00] snapshot: not-due
[2026-08-21T16:00] submit: held (SUBMIT_HOLD present)
[2026-08-21T16:15] episodes: no-new
[2026-08-21T16:15] snapshot: not-due
[2026-08-21T16:15] submit: held (SUBMIT_HOLD present)
[2026-08-21T16:30] episodes: no-new
[2026-08-21T16:30] snapshot: not-due
[2026-08-21T16:30] submit: held (SUBMIT_HOLD present)
[2026-08-21T16:50] episodes: no-new
[2026-08-21T16:50] snapshot: not-due
[2026-08-21T16:50] submit: held (SUBMIT_HOLD present)
[2026-08-21T17:00] episodes: no-new
[2026-08-21T17:00] snapshot: not-due
[2026-08-21T17:00] submit: held (SUBMIT_HOLD present)
[2026-08-21T17:20] episodes: no-new
[2026-08-21T17:20] snapshot: not-due
[2026-08-21T17:20] submit: held (SUBMIT_HOLD present)
[2026-08-21T17:33] episodes: no-new
[2026-08-21T17:33] snapshot: not-due
[2026-08-21T17:33] submit: held (SUBMIT_HOLD present)
[2026-08-21T17:45] episodes: no-new
[2026-08-21T17:45] snapshot: not-due
[2026-08-21T17:45] submit: held (SUBMIT_HOLD present)
[2026-08-21T18:00] episodes: no-new
[2026-08-21T18:00] snapshot: not-due
[2026-08-21T18:00] submit: held (SUBMIT_HOLD present)
[2026-08-21T18:15] episodes: no-new
[2026-08-21T18:15] snapshot: not-due
[2026-08-21T18:15] submit: held (SUBMIT_HOLD present)
[2026-08-21T18:30] episodes: no-new
[2026-08-21T18:30] snapshot: not-due
[2026-08-21T18:30] submit: held (SUBMIT_HOLD present)
[2026-08-21T18:45] episodes: no-new
[2026-08-21T18:45] snapshot: not-due
[2026-08-21T18:45] submit: held (SUBMIT_HOLD present)
[2026-08-21T19:00] episodes: no-new
[2026-08-21T19:00] snapshot: not-due
[2026-08-21T19:00] submit: held (SUBMIT_HOLD present)
[2026-08-21T19:15] episodes: no-new
[2026-08-21T19:15] snapshot: ok(10 rows)
[2026-08-21T19:15] submit: held (SUBMIT_HOLD present)
[2026-08-21T19:30] episodes: no-new
[2026-08-21T19:30] snapshot: not-due
[2026-08-21T19:30] submit: held (SUBMIT_HOLD present)
[2026-08-21T19:46] episodes: no-new
[2026-08-21T19:46] snapshot: not-due
[2026-08-21T19:46] submit: held (SUBMIT_HOLD present)
[2026-08-21T20:00] episodes: no-new
[2026-08-21T20:00] snapshot: not-due
[2026-08-21T20:00] submit: held (SUBMIT_HOLD present)
[2026-08-21T20:15] episodes: no-new
[2026-08-21T20:15] snapshot: not-due
[2026-08-21T20:15] submit: held (SUBMIT_HOLD present)
[2026-08-21T20:30] episodes: no-new
[2026-08-21T20:30] snapshot: not-due
[2026-08-21T20:30] submit: held (SUBMIT_HOLD present)
[2026-08-21T20:45] episodes: no-new
[2026-08-21T20:45] snapshot: not-due
[2026-08-21T20:45] submit: held (SUBMIT_HOLD present)
[2026-08-21T21:00] episodes: no-new
[2026-08-21T21:00] snapshot: not-due
[2026-08-21T21:00] submit: held (SUBMIT_HOLD present)
[2026-08-21T21:15] episodes: no-new
[2026-08-21T21:15] snapshot: not-due
[2026-08-21T21:15] submit: held (SUBMIT_HOLD present)
[2026-08-21T21:30] episodes: no-new
[2026-08-21T21:30] snapshot: not-due
[2026-08-21T21:30] submit: held (SUBMIT_HOLD present)
[2026-08-21T21:45] episodes: no-new
[2026-08-21T21:45] snapshot: not-due
[2026-08-21T21:45] submit: held (SUBMIT_HOLD present)
[2026-08-21T22:00] episodes: no-new
[2026-08-21T22:00] snapshot: not-due
[2026-08-21T22:00] submit: held (SUBMIT_HOLD present)
[2026-08-21T22:15] episodes: no-new
[2026-08-21T22:15] snapshot: not-due
[2026-08-21T22:15] submit: held (SUBMIT_HOLD present)
[2026-08-21T22:30] episodes: no-new
[2026-08-21T22:30] snapshot: not-due
[2026-08-21T22:30] submit: held (SUBMIT_HOLD present)
[2026-08-21T22:45] episodes: no-new
[2026-08-21T22:45] snapshot: not-due
[2026-08-21T22:45] submit: held (SUBMIT_HOLD present)
[2026-08-21T23:00] episodes: no-new
[2026-08-21T23:00] snapshot: not-due
[2026-08-21T23:00] submit: held (SUBMIT_HOLD present)
[2026-08-21T23:15] episodes: no-new
[2026-08-21T23:15] snapshot: not-due
[2026-08-21T23:15] submit: held (SUBMIT_HOLD present)
[2026-08-21T23:30] episodes: no-new
[2026-08-21T23:30] snapshot: ok(10 rows)
[2026-08-21T23:30] submit: held (SUBMIT_HOLD present)
[2026-08-21T23:45] episodes: no-new
[2026-08-21T23:45] snapshot: not-due
[2026-08-21T23:45] submit: held (SUBMIT_HOLD present)
[2026-08-22T00:00] episodes: no-new
[2026-08-22T00:00] snapshot: not-due
[2026-08-22T00:00] submit: held (SUBMIT_HOLD present)
[2026-08-22T00:15] episodes: no-new
[2026-08-22T00:15] snapshot: not-due
[2026-08-22T00:15] submit: held (SUBMIT_HOLD present)
[2026-08-22T00:30] episodes: no-new
[2026-08-22T00:30] snapshot: not-due
[2026-08-22T00:30] submit: held (SUBMIT_HOLD present)
[2026-08-22T00:45] episodes: no-new
[2026-08-22T00:45] snapshot: not-due
[2026-08-22T00:45] submit: held (SUBMIT_HOLD present)
[2026-08-22T01:00] episodes: no-new
[2026-08-22T01:00] snapshot: not-due
[2026-08-22T01:00] submit: held (SUBMIT_HOLD present)
[2026-08-22T01:15] episodes: no-new
[2026-08-22T01:15] snapshot: not-due
[2026-08-22T01:15] submit: held (SUBMIT_HOLD present)
[2026-08-22T01:30] episodes: no-new
[2026-08-22T01:30] snapshot: not-due
[2026-08-22T01:30] submit: held (SUBMIT_HOLD present)
[2026-08-22T01:45] episodes: no-new
[2026-08-22T01:45] snapshot: not-due
[2026-08-22T01:45] submit: held (SUBMIT_HOLD present)
[2026-08-22T02:00] episodes: no-new
[2026-08-22T02:00] snapshot: not-due
[2026-08-22T02:00] submit: held (SUBMIT_HOLD present)
[2026-08-22T02:15] episodes: no-new
[2026-08-22T02:15] snapshot: not-due
[2026-08-22T02:15] submit: held (SUBMIT_HOLD present)
[2026-08-22T02:30] episodes: no-new
[2026-08-22T02:30] snapshot: not-due
[2026-08-22T02:30] submit: held (SUBMIT_HOLD present)
[2026-08-22T02:45] episodes: no-new
[2026-08-22T02:45] snapshot: not-due
[2026-08-22T02:45] submit: held (SUBMIT_HOLD present)
[2026-08-22T03:00] episodes: no-new
[2026-08-22T03:00] snapshot: not-due
[2026-08-22T03:00] submit: held (SUBMIT_HOLD present)
[2026-08-22T03:15] episodes: no-new
[2026-08-22T03:15] snapshot: not-due
[2026-08-22T03:15] submit: held (SUBMIT_HOLD present)
[2026-08-22T03:30] episodes: no-new
[2026-08-22T03:30] snapshot: not-due
[2026-08-22T03:30] submit: held (SUBMIT_HOLD present)
[2026-08-22T03:45] episodes: no-new
[2026-08-22T03:45] snapshot: ok(10 rows)
[2026-08-22T03:45] submit: held (SUBMIT_HOLD present)
[2026-08-22T04:00] episodes: no-new
[2026-08-22T04:00] snapshot: not-due
[2026-08-22T04:00] submit: held (SUBMIT_HOLD present)
[2026-08-22T04:15] episodes: no-new
[2026-08-22T04:15] snapshot: not-due
[2026-08-22T04:15] submit: held (SUBMIT_HOLD present)
[2026-08-22T04:30] episodes: no-new
[2026-08-22T04:30] snapshot: not-due
[2026-08-22T04:30] submit: held (SUBMIT_HOLD present)
[2026-08-22T04:45] episodes: no-new
[2026-08-22T04:45] snapshot: not-due
[2026-08-22T04:45] submit: held (SUBMIT_HOLD present)
[2026-08-22T05:00] episodes: no-new
[2026-08-22T05:00] snapshot: not-due
[2026-08-22T05:00] submit: held (SUBMIT_HOLD present)
[2026-08-22T05:15] episodes: no-new
[2026-08-22T05:15] snapshot: not-due
[2026-08-22T05:15] submit: held (SUBMIT_HOLD present)
[2026-08-22T05:30] episodes: no-new
[2026-08-22T05:30] snapshot: not-due
[2026-08-22T05:30] submit: held (SUBMIT_HOLD present)
[2026-08-22T05:45] episodes: no-new
[2026-08-22T05:45] snapshot: not-due
[2026-08-22T05:45] submit: held (SUBMIT_HOLD present)
[2026-08-22T06:00] episodes: no-new
[2026-08-22T06:00] snapshot: not-due
[2026-08-22T06:00] submit: held (SUBMIT_HOLD present)
[2026-08-22T06:15] episodes: no-new
[2026-08-22T06:15] snapshot: not-due
[2026-08-22T06:15] submit: held (SUBMIT_HOLD present)
[2026-08-22T06:30] episodes: no-new
[2026-08-22T06:30] snapshot: not-due
[2026-08-22T06:30] submit: held (SUBMIT_HOLD present)
[2026-08-22T06:45] episodes: no-new
[2026-08-22T06:45] snapshot: not-due
[2026-08-22T06:45] submit: held (SUBMIT_HOLD present)
[2026-08-22T07:00] episodes: no-new
[2026-08-22T07:00] snapshot: not-due
[2026-08-22T07:00] submit: held (SUBMIT_HOLD present)
[2026-08-22T07:17] episodes: no-new
[2026-08-22T07:17] snapshot: not-due
[2026-08-22T07:17] submit: held (SUBMIT_HOLD present)
[2026-08-22T07:30] episodes: no-new
[2026-08-22T07:30] snapshot: not-due
[2026-08-22T07:30] submit: held (SUBMIT_HOLD present)
[2026-08-22T07:45] episodes: no-new
[2026-08-22T07:45] snapshot: ok(10 rows)
[2026-08-22T07:45] submit: held (SUBMIT_HOLD present)
[2026-08-22T15:47] episodes: harvested:2026-08-22
[2026-08-22T15:47] snapshot: ok(10 rows)
[2026-08-22T15:47] submit: held (SUBMIT_HOLD present)
[2026-08-22T16:00] episodes: no-new
[2026-08-22T16:00] snapshot: not-due
[2026-08-22T16:00] submit: held (SUBMIT_HOLD present)
[2026-08-22T16:15] episodes: no-new
[2026-08-22T16:15] snapshot: not-due
[2026-08-22T16:15] submit: held (SUBMIT_HOLD present)
[2026-08-22T16:30] episodes: no-new
[2026-08-22T16:30] snapshot: not-due
[2026-08-22T16:30] submit: held (SUBMIT_HOLD present)
[2026-08-22T16:45] episodes: no-new
[2026-08-22T16:45] snapshot: not-due
[2026-08-22T16:45] submit: held (SUBMIT_HOLD present)
[2026-08-22T17:05] episodes: no-new
[2026-08-22T17:05] snapshot: not-due
[2026-08-22T17:05] submit: held (SUBMIT_HOLD present)
[2026-08-22T17:15] episodes: no-new
[2026-08-22T17:15] snapshot: not-due
[2026-08-22T17:15] submit: held (SUBMIT_HOLD present)
[2026-08-22T17:30] episodes: no-new
[2026-08-22T17:30] snapshot: not-due
[2026-08-22T17:30] submit: held (SUBMIT_HOLD present)
[2026-08-22T17:45] episodes: no-new
[2026-08-22T17:45] snapshot: not-due
[2026-08-22T17:45] submit: held (SUBMIT_HOLD present)
[2026-08-22T18:00] episodes: no-new
[2026-08-22T18:00] snapshot: not-due
[2026-08-22T18:00] submit: held (SUBMIT_HOLD present)
[2026-08-22T18:24] episodes: error:TimeoutExpired(['uvx', 'kaggle', 'datasets', 'download', '-d', 'kaggle/pokemon-tcg-ai-battle-episodes-index', '-p', 'C:\\Users\\Brad\\Dev Folder\\Product\\ptcg-ai-battle-challenge-strategy\\experiments\\factory\\episodes\\_raw', '--unzip'], 300)
[2026-08-22T18:24] snapshot: not-due
[2026-08-22T18:24] submit: held (SUBMIT_HOLD present)
[2026-08-22T18:30] episodes: no-new
[2026-08-22T18:30] snapshot: not-due
[2026-08-22T18:30] submit: held (SUBMIT_HOLD present)
[2026-08-22T18:45] episodes: no-new
[2026-08-22T18:45] snapshot: not-due
[2026-08-22T18:45] submit: held (SUBMIT_HOLD present)
[2026-08-22T19:00] episodes: no-new
[2026-08-22T19:00] snapshot: not-due
[2026-08-22T19:00] submit: held (SUBMIT_HOLD present)
[2026-08-22T19:15] episodes: no-new
[2026-08-22T19:15] snapshot: not-due
[2026-08-22T19:15] submit: held (SUBMIT_HOLD present)
[2026-08-22T19:30] episodes: no-new
[2026-08-22T19:30] snapshot: not-due
[2026-08-22T19:30] submit: held (SUBMIT_HOLD present)
[2026-08-22T19:45] episodes: no-new
[2026-08-22T19:45] snapshot: not-due
[2026-08-22T19:45] submit: held (SUBMIT_HOLD present)
[2026-08-22T20:00] episodes: no-new
[2026-08-22T20:00] snapshot: ok(10 rows)
[2026-08-22T20:00] submit: held (SUBMIT_HOLD present)
[2026-08-22T20:15] episodes: no-new
[2026-08-22T20:15] snapshot: not-due
[2026-08-22T20:15] submit: held (SUBMIT_HOLD present)
[2026-08-22T20:30] episodes: no-new
[2026-08-22T20:30] snapshot: not-due
[2026-08-22T20:30] submit: held (SUBMIT_HOLD present)
[2026-08-22T20:45] episodes: no-new
[2026-08-22T20:45] snapshot: not-due
[2026-08-22T20:45] submit: held (SUBMIT_HOLD present)
[2026-08-22T21:00] episodes: no-new
[2026-08-22T21:00] snapshot: not-due
[2026-08-22T21:00] submit: held (SUBMIT_HOLD present)
[2026-08-22T21:15] episodes: no-new
[2026-08-22T21:15] snapshot: not-due
[2026-08-22T21:15] submit: held (SUBMIT_HOLD present)
[2026-08-22T21:30] episodes: no-new
[2026-08-22T21:30] snapshot: not-due
[2026-08-22T21:30] submit: held (SUBMIT_HOLD present)
[2026-08-22T21:45] episodes: no-new
[2026-08-22T21:45] snapshot: not-due
[2026-08-22T21:45] submit: held (SUBMIT_HOLD present)
[2026-08-22T22:00] episodes: no-new
[2026-08-22T22:00] snapshot: not-due
[2026-08-22T22:00] submit: held (SUBMIT_HOLD present)
[2026-08-22T22:15] episodes: no-new
[2026-08-22T22:15] snapshot: not-due
[2026-08-22T22:15] submit: held (SUBMIT_HOLD present)
[2026-08-22T22:30] episodes: no-new
[2026-08-22T22:30] snapshot: not-due
[2026-08-22T22:30] submit: held (SUBMIT_HOLD present)
[2026-08-22T22:45] episodes: no-new
[2026-08-22T22:45] snapshot: not-due
[2026-08-22T22:45] submit: held (SUBMIT_HOLD present)
[2026-08-22T23:00] episodes: no-new
[2026-08-22T23:00] snapshot: not-due
[2026-08-22T23:00] submit: held (SUBMIT_HOLD present)
[2026-08-22T23:15] episodes: no-new
[2026-08-22T23:15] snapshot: not-due
[2026-08-22T23:15] submit: held (SUBMIT_HOLD present)
[2026-08-22T23:30] episodes: no-new
[2026-08-22T23:30] snapshot: not-due
[2026-08-22T23:30] submit: held (SUBMIT_HOLD present)
[2026-08-22T23:45] episodes: no-new
[2026-08-22T23:45] snapshot: not-due
[2026-08-22T23:45] submit: held (SUBMIT_HOLD present)
[2026-08-23T00:00] episodes: no-new
[2026-08-23T00:00] snapshot: not-due
[2026-08-23T00:00] submit: held (SUBMIT_HOLD present)
[2026-08-23T00:15] episodes: no-new
[2026-08-23T00:15] snapshot: ok(10 rows)
[2026-08-23T00:15] submit: held (SUBMIT_HOLD present)
[2026-08-23T00:30] episodes: no-new
[2026-08-23T00:30] snapshot: not-due
[2026-08-23T00:30] submit: held (SUBMIT_HOLD present)
[2026-08-23T00:45] episodes: no-new
[2026-08-23T00:45] snapshot: not-due
[2026-08-23T00:45] submit: held (SUBMIT_HOLD present)
[2026-08-23T01:00] episodes: no-new
[2026-08-23T01:00] snapshot: not-due
[2026-08-23T01:00] submit: held (SUBMIT_HOLD present)
[2026-08-23T01:15] episodes: no-new
[2026-08-23T01:15] snapshot: not-due
[2026-08-23T01:15] submit: held (SUBMIT_HOLD present)
[2026-08-23T01:30] episodes: no-new
[2026-08-23T01:30] snapshot: not-due
[2026-08-23T01:30] submit: held (SUBMIT_HOLD present)
[2026-08-23T01:45] episodes: no-new
[2026-08-23T01:45] snapshot: not-due
[2026-08-23T01:45] submit: held (SUBMIT_HOLD present)
[2026-08-23T02:00] episodes: no-new
[2026-08-23T02:00] snapshot: not-due
[2026-08-23T02:00] submit: held (SUBMIT_HOLD present)
[2026-08-23T02:15] episodes: no-new
[2026-08-23T02:15] snapshot: not-due
[2026-08-23T02:15] submit: held (SUBMIT_HOLD present)
[2026-08-23T02:30] episodes: no-new
[2026-08-23T02:30] snapshot: not-due
[2026-08-23T02:30] submit: held (SUBMIT_HOLD present)
[2026-08-23T02:45] episodes: no-new
[2026-08-23T02:45] snapshot: not-due
[2026-08-23T02:45] submit: held (SUBMIT_HOLD present)
[2026-08-23T03:00] episodes: no-new
[2026-08-23T03:00] snapshot: not-due
[2026-08-23T03:00] submit: held (SUBMIT_HOLD present)
[2026-08-23T03:15] episodes: no-new
[2026-08-23T03:15] snapshot: not-due
[2026-08-23T03:15] submit: held (SUBMIT_HOLD present)
[2026-08-23T03:30] episodes: no-new
[2026-08-23T03:30] snapshot: not-due
[2026-08-23T03:30] submit: held (SUBMIT_HOLD present)
[2026-08-23T03:45] episodes: no-new
[2026-08-23T03:45] snapshot: not-due
[2026-08-23T03:45] submit: held (SUBMIT_HOLD present)
[2026-08-23T04:00] episodes: no-new
[2026-08-23T04:00] snapshot: not-due
[2026-08-23T04:00] submit: held (SUBMIT_HOLD present)
[2026-08-23T04:15] episodes: no-new
[2026-08-23T04:15] snapshot: ok(10 rows)
[2026-08-23T04:15] submit: held (SUBMIT_HOLD present)
[2026-08-23T04:30] episodes: no-new
[2026-08-23T04:30] snapshot: not-due
[2026-08-23T04:30] submit: held (SUBMIT_HOLD present)
[2026-08-23T04:45] episodes: no-new
[2026-08-23T04:45] snapshot: not-due
[2026-08-23T04:45] submit: held (SUBMIT_HOLD present)
[2026-08-23T05:00] episodes: no-new
[2026-08-23T05:00] snapshot: not-due
[2026-08-23T05:00] submit: held (SUBMIT_HOLD present)
[2026-08-23T05:15] episodes: no-new
[2026-08-23T05:15] snapshot: not-due
[2026-08-23T05:15] submit: held (SUBMIT_HOLD present)
[2026-08-23T05:30] episodes: no-new
[2026-08-23T05:30] snapshot: not-due
[2026-08-23T05:30] submit: held (SUBMIT_HOLD present)
[2026-08-23T05:45] episodes: no-new
[2026-08-23T05:45] snapshot: not-due
[2026-08-23T05:45] submit: held (SUBMIT_HOLD present)
[2026-08-23T06:00] episodes: no-new
[2026-08-23T06:00] snapshot: not-due
[2026-08-23T06:00] submit: held (SUBMIT_HOLD present)
[2026-08-23T06:15] episodes: no-new
[2026-08-23T06:15] snapshot: not-due
[2026-08-23T06:15] submit: held (SUBMIT_HOLD present)
[2026-08-23T06:30] episodes: no-new
[2026-08-23T06:30] snapshot: not-due
[2026-08-23T06:30] submit: held (SUBMIT_HOLD present)
[2026-08-23T06:45] episodes: no-new
[2026-08-23T06:45] snapshot: not-due
[2026-08-23T06:45] submit: held (SUBMIT_HOLD present)
[2026-08-23T07:00] episodes: no-new
[2026-08-23T07:00] snapshot: not-due
[2026-08-23T07:00] submit: held (SUBMIT_HOLD present)
[2026-08-23T07:15] episodes: no-new
[2026-08-23T07:15] snapshot: not-due
[2026-08-23T07:15] submit: held (SUBMIT_HOLD present)
[2026-08-23T07:30] episodes: no-new
[2026-08-23T07:30] snapshot: not-due
[2026-08-23T07:30] submit: held (SUBMIT_HOLD present)
[2026-08-23T07:45] episodes: no-new
[2026-08-23T07:45] snapshot: not-due
[2026-08-23T07:45] submit: held (SUBMIT_HOLD present)
[2026-08-23T08:00] episodes: no-new
[2026-08-23T08:00] snapshot: not-due
[2026-08-23T08:00] submit: held (SUBMIT_HOLD present)
[2026-08-23T08:15] episodes: no-new
[2026-08-23T08:15] snapshot: ok(10 rows)
[2026-08-23T08:15] submit: held (SUBMIT_HOLD present)
[2026-08-23T08:30] episodes: no-new
[2026-08-23T08:30] snapshot: not-due
[2026-08-23T08:30] submit: held (SUBMIT_HOLD present)
[2026-08-23T08:45] episodes: no-new
[2026-08-23T08:45] snapshot: not-due
[2026-08-23T08:45] submit: held (SUBMIT_HOLD present)
[2026-08-23T09:00] episodes: no-new
[2026-08-23T09:00] snapshot: not-due
[2026-08-23T09:00] submit: held (SUBMIT_HOLD present)
[2026-08-23T09:15] episodes: no-new
[2026-08-23T09:15] snapshot: not-due
[2026-08-23T09:15] submit: held (SUBMIT_HOLD present)
[2026-08-23T09:30] episodes: no-new
[2026-08-23T09:30] snapshot: not-due
[2026-08-23T09:30] submit: held (SUBMIT_HOLD present)
[2026-08-23T09:45] episodes: no-new
[2026-08-23T09:45] snapshot: not-due
[2026-08-23T09:45] submit: held (SUBMIT_HOLD present)
[2026-08-23T10:00] episodes: no-new
[2026-08-23T10:00] snapshot: not-due
[2026-08-23T10:00] submit: held (SUBMIT_HOLD present)
[2026-08-23T10:15] episodes: no-new
[2026-08-23T10:15] snapshot: not-due
[2026-08-23T10:15] submit: held (SUBMIT_HOLD present)
[2026-08-23T10:30] episodes: no-new
[2026-08-23T10:30] snapshot: not-due
[2026-08-23T10:30] submit: held (SUBMIT_HOLD present)
[2026-08-23T10:45] episodes: no-new
[2026-08-23T10:45] snapshot: not-due
[2026-08-23T10:45] submit: held (SUBMIT_HOLD present)
[2026-08-23T11:00] episodes: no-new
[2026-08-23T11:00] snapshot: not-due
[2026-08-23T11:00] submit: held (SUBMIT_HOLD present)
[2026-08-23T11:15] episodes: no-new
[2026-08-23T11:15] snapshot: not-due
[2026-08-23T11:15] submit: held (SUBMIT_HOLD present)
[2026-08-23T11:30] episodes: no-new
[2026-08-23T11:30] snapshot: not-due
[2026-08-23T11:30] submit: held (SUBMIT_HOLD present)
[2026-08-23T11:45] episodes: no-new
[2026-08-23T11:45] snapshot: not-due
[2026-08-23T11:45] submit: held (SUBMIT_HOLD present)
[2026-08-23T12:00] episodes: no-new
[2026-08-23T12:00] snapshot: not-due
[2026-08-23T12:00] submit: held (SUBMIT_HOLD present)
[2026-08-23T12:15] episodes: no-new
[2026-08-23T12:15] snapshot: ok(10 rows)
[2026-08-23T12:15] submit: held (SUBMIT_HOLD present)
[2026-08-23T12:30] episodes: no-new
[2026-08-23T12:30] snapshot: not-due
[2026-08-23T12:30] submit: held (SUBMIT_HOLD present)
[2026-08-23T12:45] episodes: no-new
[2026-08-23T12:45] snapshot: not-due
[2026-08-23T12:45] submit: held (SUBMIT_HOLD present)
[2026-08-23T13:00] episodes: no-new
[2026-08-23T13:00] snapshot: not-due
[2026-08-23T13:00] submit: held (SUBMIT_HOLD present)
[2026-08-23T13:15] episodes: no-new
[2026-08-23T13:15] snapshot: not-due
[2026-08-23T13:15] submit: held (SUBMIT_HOLD present)
[2026-08-23T13:30] episodes: no-new
[2026-08-23T13:30] snapshot: not-due
[2026-08-23T13:30] submit: held (SUBMIT_HOLD present)
[2026-08-23T13:45] episodes: no-new
[2026-08-23T13:45] snapshot: not-due
[2026-08-23T13:45] submit: held (SUBMIT_HOLD present)
[2026-08-23T14:00] episodes: no-new
[2026-08-23T14:00] snapshot: not-due
[2026-08-23T14:00] submit: held (SUBMIT_HOLD present)
[2026-08-23T14:15] episodes: error:RuntimeError('kaggle CLI failed (1): 404 Client Error: Not Found for url: https://api.kaggle.com/v1/datasets.DatasetApiService/DownloadDataset')
[2026-08-23T14:15] snapshot: not-due
[2026-08-23T14:15] submit: held (SUBMIT_HOLD present)
[2026-08-23T14:32] episodes: harvested:2026-08-23
[2026-08-23T14:32] snapshot: not-due
[2026-08-23T14:32] submit: held (SUBMIT_HOLD present)
[2026-08-23T14:45] episodes: no-new
[2026-08-23T14:45] snapshot: not-due
[2026-08-23T14:45] submit: held (SUBMIT_HOLD present)
[2026-08-23T15:00] episodes: no-new
[2026-08-23T15:00] snapshot: not-due
[2026-08-23T15:00] submit: held (SUBMIT_HOLD present)
[2026-08-23T15:15] episodes: no-new
[2026-08-23T15:15] snapshot: not-due
[2026-08-23T15:15] submit: held (SUBMIT_HOLD present)
[2026-08-23T15:30] episodes: no-new
[2026-08-23T15:30] snapshot: not-due
[2026-08-23T15:30] submit: held (SUBMIT_HOLD present)
[2026-08-23T15:45] episodes: no-new
[2026-08-23T15:45] snapshot: not-due
[2026-08-23T15:45] submit: held (SUBMIT_HOLD present)
[2026-08-23T16:00] episodes: no-new
[2026-08-23T16:00] snapshot: not-due
[2026-08-23T16:00] submit: held (SUBMIT_HOLD present)
[2026-08-23T16:15] episodes: no-new
[2026-08-23T16:15] snapshot: ok(10 rows)
[2026-08-23T16:15] submit: held (SUBMIT_HOLD present)
[2026-08-23T16:30] episodes: no-new
[2026-08-23T16:30] snapshot: not-due
[2026-08-23T16:30] submit: held (SUBMIT_HOLD present)
[2026-08-23T16:45] episodes: no-new
[2026-08-23T16:45] snapshot: not-due
[2026-08-23T16:45] submit: held (SUBMIT_HOLD present)
[2026-08-23T17:00] episodes: no-new
[2026-08-23T17:00] snapshot: not-due
[2026-08-23T17:00] submit: held (SUBMIT_HOLD present)
[2026-08-23T17:15] episodes: no-new
[2026-08-23T17:15] snapshot: not-due
[2026-08-23T17:15] submit: held (SUBMIT_HOLD present)
[2026-08-23T17:30] episodes: no-new
[2026-08-23T17:30] snapshot: not-due
[2026-08-23T17:30] submit: held (SUBMIT_HOLD present)
[2026-08-23T17:45] episodes: no-new
[2026-08-23T17:45] snapshot: not-due
[2026-08-23T17:45] submit: held (SUBMIT_HOLD present)
[2026-08-23T18:00] episodes: no-new
[2026-08-23T18:00] snapshot: not-due
[2026-08-23T18:00] submit: held (SUBMIT_HOLD present)
[2026-08-23T18:15] episodes: no-new
[2026-08-23T18:15] snapshot: not-due
[2026-08-23T18:15] submit: held (SUBMIT_HOLD present)
[2026-08-23T18:30] episodes: no-new
[2026-08-23T18:30] snapshot: not-due
[2026-08-23T18:30] submit: held (SUBMIT_HOLD present)
[2026-08-23T18:45] episodes: no-new
[2026-08-23T18:45] snapshot: not-due
[2026-08-23T18:45] submit: held (SUBMIT_HOLD present)
[2026-08-23T19:09] episodes: error:TimeoutExpired(['uvx', 'kaggle', 'datasets', 'download', '-d', 'kaggle/pokemon-tcg-ai-battle-episodes-index', '-p', 'C:\\Users\\Brad\\Dev Folder\\Product\\ptcg-ai-battle-challenge-strategy\\experiments\\factory\\episodes\\_raw', '--unzip'], 300)
[2026-08-23T19:09] snapshot: not-due
[2026-08-23T19:09] submit: held (SUBMIT_HOLD present)
[2026-08-23T19:22] episodes: no-new
[2026-08-23T19:22] snapshot: not-due
[2026-08-23T19:22] submit: held (SUBMIT_HOLD present)
[2026-08-23T19:30] episodes: no-new
[2026-08-23T19:30] snapshot: not-due
[2026-08-23T19:30] submit: held (SUBMIT_HOLD present)
[2026-08-23T19:45] episodes: no-new
[2026-08-23T19:45] snapshot: not-due
[2026-08-23T19:45] submit: held (SUBMIT_HOLD present)
[2026-08-23T20:00] episodes: no-new
[2026-08-23T20:00] snapshot: not-due
[2026-08-23T20:00] submit: held (SUBMIT_HOLD present)
[2026-08-23T20:27] episodes: error:TimeoutExpired(['uvx', 'kaggle', 'datasets', 'download', '-d', 'kaggle/pokemon-tcg-ai-battle-episodes-index', '-p', 'C:\\Users\\Brad\\Dev Folder\\Product\\ptcg-ai-battle-challenge-strategy\\experiments\\factory\\episodes\\_raw', '--unzip'], 300)
[2026-08-23T20:27] snapshot: ok(10 rows)
[2026-08-23T20:27] submit: held (SUBMIT_HOLD present)
[2026-08-23T20:40] episodes: no-new
[2026-08-23T20:40] snapshot: not-due
[2026-08-23T20:40] submit: held (SUBMIT_HOLD present)
[2026-08-23T20:53] episodes: no-new
[2026-08-23T20:53] snapshot: not-due
[2026-08-23T20:53] submit: held (SUBMIT_HOLD present)
[2026-08-23T21:06] episodes: no-new
[2026-08-23T21:06] snapshot: not-due
[2026-08-23T21:06] submit: held (SUBMIT_HOLD present)
[2026-08-23T21:15] episodes: no-new
[2026-08-23T21:15] snapshot: not-due
[2026-08-23T21:15] submit: held (SUBMIT_HOLD present)
[2026-08-23T21:30] episodes: no-new
[2026-08-23T21:30] snapshot: not-due
[2026-08-23T21:30] submit: held (SUBMIT_HOLD present)
[2026-08-23T21:45] episodes: no-new
[2026-08-23T21:45] snapshot: not-due
[2026-08-23T21:45] submit: held (SUBMIT_HOLD present)
[2026-08-23T22:00] episodes: no-new
[2026-08-23T22:00] snapshot: not-due
[2026-08-23T22:00] submit: held (SUBMIT_HOLD present)
[2026-08-23T22:15] episodes: no-new
[2026-08-23T22:15] snapshot: not-due
[2026-08-23T22:15] submit: held (SUBMIT_HOLD present)
[2026-08-23T22:30] episodes: no-new
[2026-08-23T22:30] snapshot: not-due
[2026-08-23T22:30] submit: held (SUBMIT_HOLD present)
[2026-08-23T22:45] episodes: no-new
[2026-08-23T22:45] snapshot: not-due
[2026-08-23T22:45] submit: held (SUBMIT_HOLD present)
[2026-08-23T23:00] episodes: no-new
[2026-08-23T23:00] snapshot: not-due
[2026-08-23T23:00] submit: held (SUBMIT_HOLD present)
[2026-08-23T23:15] episodes: no-new
[2026-08-23T23:15] snapshot: not-due
[2026-08-23T23:15] submit: held (SUBMIT_HOLD present)
[2026-08-23T23:30] episodes: no-new
[2026-08-23T23:30] snapshot: not-due
[2026-08-23T23:30] submit: held (SUBMIT_HOLD present)
[2026-08-23T23:45] episodes: no-new
[2026-08-23T23:45] snapshot: not-due
[2026-08-23T23:45] submit: held (SUBMIT_HOLD present)
[2026-08-24T00:00] episodes: no-new
[2026-08-24T00:00] snapshot: not-due
[2026-08-24T00:00] submit: held (SUBMIT_HOLD present)
[2026-08-24T00:15] episodes: no-new
[2026-08-24T00:15] snapshot: not-due
[2026-08-24T00:15] submit: held (SUBMIT_HOLD present)
[2026-08-24T00:30] episodes: no-new
[2026-08-24T00:30] snapshot: ok(10 rows)
[2026-08-24T00:30] submit: held (SUBMIT_HOLD present)
[2026-08-24T00:45] episodes: no-new
[2026-08-24T00:45] snapshot: not-due
[2026-08-24T00:45] submit: held (SUBMIT_HOLD present)
[2026-08-24T01:00] episodes: no-new
[2026-08-24T01:00] snapshot: not-due
[2026-08-24T01:00] submit: held (SUBMIT_HOLD present)
[2026-08-24T01:15] episodes: no-new
[2026-08-24T01:15] snapshot: not-due
[2026-08-24T01:15] submit: held (SUBMIT_HOLD present)
[2026-08-24T01:30] episodes: no-new
[2026-08-24T01:30] snapshot: not-due
[2026-08-24T01:30] submit: held (SUBMIT_HOLD present)
[2026-08-24T01:45] episodes: no-new
[2026-08-24T01:45] snapshot: not-due
[2026-08-24T01:45] submit: held (SUBMIT_HOLD present)
[2026-08-24T02:00] episodes: no-new
[2026-08-24T02:00] snapshot: not-due
[2026-08-24T02:00] submit: held (SUBMIT_HOLD present)
[2026-08-24T02:15] episodes: no-new
[2026-08-24T02:15] snapshot: not-due
[2026-08-24T02:15] submit: held (SUBMIT_HOLD present)
[2026-08-24T02:30] episodes: no-new
[2026-08-24T02:30] snapshot: not-due
[2026-08-24T02:30] submit: held (SUBMIT_HOLD present)
[2026-08-24T02:45] episodes: no-new
[2026-08-24T02:45] snapshot: not-due
[2026-08-24T02:45] submit: held (SUBMIT_HOLD present)
[2026-08-24T03:00] episodes: no-new
[2026-08-24T03:00] snapshot: not-due
[2026-08-24T03:00] submit: held (SUBMIT_HOLD present)
[2026-08-24T03:15] episodes: no-new
[2026-08-24T03:15] snapshot: not-due
[2026-08-24T03:15] submit: held (SUBMIT_HOLD present)
[2026-08-24T03:30] episodes: no-new
[2026-08-24T03:30] snapshot: not-due
[2026-08-24T03:30] submit: held (SUBMIT_HOLD present)
[2026-08-24T03:45] episodes: no-new
[2026-08-24T03:45] snapshot: not-due
[2026-08-24T03:45] submit: held (SUBMIT_HOLD present)
[2026-08-24T04:00] episodes: no-new
[2026-08-24T04:00] snapshot: not-due
[2026-08-24T04:00] submit: held (SUBMIT_HOLD present)
[2026-08-24T04:15] episodes: no-new
[2026-08-24T04:15] snapshot: not-due
[2026-08-24T04:15] submit: held (SUBMIT_HOLD present)
[2026-08-24T04:30] episodes: no-new
[2026-08-24T04:30] snapshot: not-due
[2026-08-24T04:30] submit: held (SUBMIT_HOLD present)
[2026-08-24T04:45] episodes: no-new
[2026-08-24T04:45] snapshot: ok(10 rows)
[2026-08-24T04:45] submit: held (SUBMIT_HOLD present)
[2026-08-24T05:00] episodes: no-new
[2026-08-24T05:00] snapshot: not-due
[2026-08-24T05:00] submit: held (SUBMIT_HOLD present)
[2026-08-24T05:15] episodes: no-new
[2026-08-24T05:15] snapshot: not-due
[2026-08-24T05:15] submit: held (SUBMIT_HOLD present)
[2026-08-24T05:30] episodes: no-new
[2026-08-24T05:30] snapshot: not-due
[2026-08-24T05:30] submit: held (SUBMIT_HOLD present)
[2026-08-24T05:45] episodes: no-new
[2026-08-24T05:45] snapshot: not-due
[2026-08-24T05:45] submit: held (SUBMIT_HOLD present)
[2026-08-24T06:00] episodes: no-new
[2026-08-24T06:00] snapshot: not-due
[2026-08-24T06:00] submit: held (SUBMIT_HOLD present)
[2026-08-24T06:15] episodes: no-new
[2026-08-24T06:15] snapshot: not-due
[2026-08-24T06:15] submit: held (SUBMIT_HOLD present)
[2026-08-24T06:30] episodes: no-new
[2026-08-24T06:30] snapshot: not-due
[2026-08-24T06:30] submit: held (SUBMIT_HOLD present)
[2026-08-24T06:45] episodes: no-new
[2026-08-24T06:45] snapshot: not-due
[2026-08-24T06:45] submit: held (SUBMIT_HOLD present)
[2026-08-24T07:00] episodes: no-new
[2026-08-24T07:00] snapshot: not-due
[2026-08-24T07:00] submit: held (SUBMIT_HOLD present)
[2026-08-24T07:15] episodes: no-new
[2026-08-24T07:15] snapshot: not-due
[2026-08-24T07:15] submit: held (SUBMIT_HOLD present)
[2026-08-24T07:30] episodes: no-new
[2026-08-24T07:30] snapshot: not-due
[2026-08-24T07:30] submit: held (SUBMIT_HOLD present)
[2026-08-24T07:45] episodes: no-new
[2026-08-24T07:45] snapshot: not-due
[2026-08-24T07:45] submit: held (SUBMIT_HOLD present)
[2026-08-24T08:05] episodes: error:TimeoutExpired(['uvx', 'kaggle', 'datasets', 'download', '-d', 'kaggle/pokemon-tcg-ai-battle-episodes-index', '-p', 'C:\\Users\\Brad\\Dev Folder\\Product\\ptcg-ai-battle-challenge-strategy\\experiments\\factory\\episodes\\_raw', '--unzip'], 300)
[2026-08-24T08:05] snapshot: not-due
[2026-08-24T08:05] submit: held (SUBMIT_HOLD present)
[2026-08-24T08:15] episodes: no-new
[2026-08-24T08:15] snapshot: not-due
[2026-08-24T08:15] submit: held (SUBMIT_HOLD present)
[2026-08-24T08:30] episodes: no-new
[2026-08-24T08:30] snapshot: not-due
[2026-08-24T08:30] submit: held (SUBMIT_HOLD present)
[2026-08-24T08:45] episodes: no-new
[2026-08-24T08:45] snapshot: not-due
[2026-08-24T08:45] submit: held (SUBMIT_HOLD present)
[2026-08-24T09:00] episodes: no-new
[2026-08-24T09:00] snapshot: ok(10 rows)
[2026-08-24T09:00] submit: held (SUBMIT_HOLD present)
[2026-08-24T09:15] episodes: no-new
[2026-08-24T09:15] snapshot: not-due
[2026-08-24T09:15] submit: held (SUBMIT_HOLD present)
[2026-08-24T09:30] episodes: no-new
[2026-08-24T09:30] snapshot: not-due
[2026-08-24T09:30] submit: held (SUBMIT_HOLD present)
[2026-08-24T09:45] episodes: no-new
[2026-08-24T09:45] snapshot: not-due
[2026-08-24T09:45] submit: held (SUBMIT_HOLD present)
[2026-08-24T10:00] episodes: no-new
[2026-08-24T10:00] snapshot: not-due
[2026-08-24T10:00] submit: held (SUBMIT_HOLD present)
[2026-08-24T10:15] episodes: no-new
[2026-08-24T10:15] snapshot: not-due
[2026-08-24T10:15] submit: held (SUBMIT_HOLD present)
[2026-08-24T10:30] episodes: no-new
[2026-08-24T10:30] snapshot: not-due
[2026-08-24T10:30] submit: held (SUBMIT_HOLD present)
[2026-08-24T10:45] episodes: no-new
[2026-08-24T10:45] snapshot: not-due
[2026-08-24T10:45] submit: held (SUBMIT_HOLD present)
[2026-08-24T11:00] episodes: no-new
[2026-08-24T11:00] snapshot: not-due
[2026-08-24T11:00] submit: held (SUBMIT_HOLD present)
[2026-08-24T11:15] episodes: no-new
[2026-08-24T11:15] snapshot: not-due
[2026-08-24T11:15] submit: held (SUBMIT_HOLD present)
[2026-08-24T19:19] episodes: harvested:2026-08-24
[2026-08-24T19:19] snapshot: ok(10 rows)
[2026-08-24T19:19] submit: held (SUBMIT_HOLD present)
[2026-08-24T19:30] episodes: no-new
[2026-08-24T19:30] snapshot: not-due
[2026-08-24T19:30] submit: held (SUBMIT_HOLD present)
[2026-08-24T19:45] episodes: no-new
[2026-08-24T19:45] snapshot: not-due
[2026-08-24T19:45] submit: held (SUBMIT_HOLD present)
[2026-08-24T20:00] episodes: no-new
[2026-08-24T20:00] snapshot: not-due
[2026-08-24T20:00] submit: held (SUBMIT_HOLD present)
[2026-08-24T20:15] episodes: no-new
[2026-08-24T20:15] snapshot: not-due
[2026-08-24T20:15] submit: held (SUBMIT_HOLD present)
[2026-08-24T20:30] episodes: no-new
[2026-08-24T20:30] snapshot: not-due
[2026-08-24T20:30] submit: held (SUBMIT_HOLD present)
[2026-08-24T20:45] episodes: no-new
[2026-08-24T20:45] snapshot: not-due
[2026-08-24T20:45] submit: held (SUBMIT_HOLD present)
[2026-08-24T21:00] episodes: no-new
[2026-08-24T21:00] snapshot: not-due
[2026-08-24T21:00] submit: held (SUBMIT_HOLD present)
[2026-08-24T21:15] episodes: no-new
[2026-08-24T21:15] snapshot: not-due
[2026-08-24T21:15] submit: held (SUBMIT_HOLD present)
[2026-08-24T21:30] episodes: no-new
[2026-08-24T21:30] snapshot: not-due
[2026-08-24T21:30] submit: held (SUBMIT_HOLD present)
[2026-08-24T21:45] episodes: no-new
[2026-08-24T21:45] snapshot: not-due
[2026-08-24T21:45] submit: held (SUBMIT_HOLD present)
[2026-08-24T22:00] episodes: no-new
[2026-08-24T22:00] snapshot: not-due
[2026-08-24T22:00] submit: held (SUBMIT_HOLD present)
[2026-08-24T22:15] episodes: no-new
[2026-08-24T22:15] snapshot: not-due
[2026-08-24T22:15] submit: held (SUBMIT_HOLD present)
[2026-08-24T22:30] episodes: no-new
[2026-08-24T22:30] snapshot: not-due
[2026-08-24T22:30] submit: held (SUBMIT_HOLD present)
[2026-08-24T22:45] episodes: no-new
[2026-08-24T22:45] snapshot: not-due
[2026-08-24T22:45] submit: held (SUBMIT_HOLD present)
[2026-08-24T23:00] episodes: no-new
[2026-08-24T23:00] snapshot: not-due
[2026-08-24T23:00] submit: held (SUBMIT_HOLD present)
[2026-08-24T23:15] episodes: no-new
[2026-08-24T23:15] snapshot: not-due
[2026-08-24T23:15] submit: held (SUBMIT_HOLD present)
[2026-08-24T23:30] episodes: no-new
[2026-08-24T23:30] snapshot: ok(10 rows)
[2026-08-24T23:30] submit: held (SUBMIT_HOLD present)
[2026-08-24T23:45] episodes: no-new
[2026-08-24T23:45] snapshot: not-due
[2026-08-24T23:45] submit: held (SUBMIT_HOLD present)
[2026-08-25T00:00] episodes: no-new
[2026-08-25T00:00] snapshot: not-due
[2026-08-25T00:00] submit: held (SUBMIT_HOLD present)
[2026-08-25T00:15] episodes: no-new
[2026-08-25T00:15] snapshot: not-due
[2026-08-25T00:15] submit: held (SUBMIT_HOLD present)
[2026-08-25T00:30] episodes: no-new
[2026-08-25T00:30] snapshot: not-due
[2026-08-25T00:30] submit: held (SUBMIT_HOLD present)
[2026-08-25T00:45] episodes: no-new
[2026-08-25T00:45] snapshot: not-due
[2026-08-25T00:45] submit: held (SUBMIT_HOLD present)
[2026-08-25T01:00] episodes: no-new
[2026-08-25T01:00] snapshot: not-due
[2026-08-25T01:00] submit: held (SUBMIT_HOLD present)
[2026-08-25T01:15] episodes: no-new
[2026-08-25T01:15] snapshot: not-due
[2026-08-25T01:15] submit: held (SUBMIT_HOLD present)
[2026-08-25T01:30] episodes: no-new
[2026-08-25T01:30] snapshot: not-due
[2026-08-25T01:30] submit: held (SUBMIT_HOLD present)
[2026-08-25T01:45] episodes: no-new
[2026-08-25T01:45] snapshot: not-due
[2026-08-25T01:45] submit: held (SUBMIT_HOLD present)
[2026-08-25T02:00] episodes: no-new
[2026-08-25T02:00] snapshot: not-due
[2026-08-25T02:00] submit: held (SUBMIT_HOLD present)
[2026-08-25T02:15] episodes: no-new
[2026-08-25T02:15] snapshot: not-due
[2026-08-25T02:15] submit: held (SUBMIT_HOLD present)
[2026-08-25T02:30] episodes: no-new
[2026-08-25T02:30] snapshot: not-due
[2026-08-25T02:30] submit: held (SUBMIT_HOLD present)
[2026-08-25T02:45] episodes: no-new
[2026-08-25T02:45] snapshot: not-due
[2026-08-25T02:45] submit: held (SUBMIT_HOLD present)
[2026-08-25T03:00] episodes: no-new
[2026-08-25T03:00] snapshot: not-due
[2026-08-25T03:00] submit: held (SUBMIT_HOLD present)
[2026-08-25T03:15] episodes: no-new
[2026-08-25T03:15] snapshot: not-due
[2026-08-25T03:15] submit: held (SUBMIT_HOLD present)
[2026-08-25T03:30] episodes: no-new
[2026-08-25T03:30] snapshot: not-due
[2026-08-25T03:30] submit: held (SUBMIT_HOLD present)
[2026-08-25T03:45] episodes: no-new
[2026-08-25T03:45] snapshot: ok(10 rows)
[2026-08-25T03:45] submit: held (SUBMIT_HOLD present)
[2026-08-25T04:00] episodes: no-new
[2026-08-25T04:00] snapshot: not-due
[2026-08-25T04:00] submit: held (SUBMIT_HOLD present)
[2026-08-25T04:15] episodes: no-new
[2026-08-25T04:15] snapshot: not-due
[2026-08-25T04:15] submit: held (SUBMIT_HOLD present)
[2026-08-25T04:30] episodes: no-new
[2026-08-25T04:30] snapshot: not-due
[2026-08-25T04:30] submit: held (SUBMIT_HOLD present)
[2026-08-25T04:45] episodes: no-new
[2026-08-25T04:45] snapshot: not-due
[2026-08-25T04:45] submit: held (SUBMIT_HOLD present)
[2026-08-25T05:00] episodes: no-new
[2026-08-25T05:00] snapshot: not-due
[2026-08-25T05:00] submit: held (SUBMIT_HOLD present)
[2026-08-25T05:15] episodes: no-new
[2026-08-25T05:15] snapshot: not-due
[2026-08-25T05:15] submit: held (SUBMIT_HOLD present)
[2026-08-25T05:30] episodes: no-new
[2026-08-25T05:30] snapshot: not-due
[2026-08-25T05:30] submit: held (SUBMIT_HOLD present)
[2026-08-25T05:45] episodes: no-new
[2026-08-25T05:45] snapshot: not-due
[2026-08-25T05:45] submit: held (SUBMIT_HOLD present)
[2026-08-25T06:00] episodes: no-new
[2026-08-25T06:00] snapshot: not-due
[2026-08-25T06:00] submit: held (SUBMIT_HOLD present)
[2026-08-25T06:15] episodes: no-new
[2026-08-25T06:15] snapshot: not-due
[2026-08-25T06:15] submit: held (SUBMIT_HOLD present)
[2026-08-25T06:30] episodes: no-new
[2026-08-25T06:30] snapshot: not-due
[2026-08-25T06:30] submit: held (SUBMIT_HOLD present)
[2026-08-25T06:53] episodes: no-new
[2026-08-25T06:53] snapshot: not-due
[2026-08-25T06:53] submit: held (SUBMIT_HOLD present)
[2026-08-25T07:00] episodes: no-new
[2026-08-25T07:00] snapshot: not-due
[2026-08-25T07:00] submit: held (SUBMIT_HOLD present)
[2026-08-25T07:15] episodes: no-new
[2026-08-25T07:15] snapshot: not-due
[2026-08-25T07:15] submit: held (SUBMIT_HOLD present)
[2026-08-25T07:30] episodes: no-new
[2026-08-25T07:30] snapshot: not-due
[2026-08-25T07:30] submit: held (SUBMIT_HOLD present)
[2026-08-25T07:45] episodes: no-new
[2026-08-25T07:45] snapshot: ok(10 rows)
[2026-08-25T07:45] submit: held (SUBMIT_HOLD present)
[2026-08-25T08:00] episodes: no-new
[2026-08-25T08:00] snapshot: not-due
[2026-08-25T08:00] submit: held (SUBMIT_HOLD present)
[2026-08-25T08:15] episodes: no-new
[2026-08-25T08:15] snapshot: not-due
[2026-08-25T08:15] submit: held (SUBMIT_HOLD present)
[2026-08-25T08:30] episodes: no-new
[2026-08-25T08:30] snapshot: not-due
[2026-08-25T08:30] submit: held (SUBMIT_HOLD present)
[2026-08-25T08:45] episodes: no-new
[2026-08-25T08:45] snapshot: not-due
[2026-08-25T08:45] submit: held (SUBMIT_HOLD present)
[2026-08-25T09:00] episodes: no-new
[2026-08-25T09:00] snapshot: not-due
[2026-08-25T09:00] submit: held (SUBMIT_HOLD present)
[2026-08-25T09:24] episodes: error:TimeoutExpired(['uvx', 'kaggle', 'datasets', 'download', '-d', 'kaggle/pokemon-tcg-ai-battle-episodes-index', '-p', 'C:\\Users\\Brad\\Dev Folder\\Product\\ptcg-ai-battle-challenge-strategy\\experiments\\factory\\episodes\\_raw', '--unzip'], 300)
[2026-08-25T09:24] snapshot: not-due
[2026-08-25T09:24] submit: held (SUBMIT_HOLD present)
[2026-08-25T09:30] episodes: no-new
[2026-08-25T09:30] snapshot: not-due
[2026-08-25T09:30] submit: held (SUBMIT_HOLD present)
[2026-08-25T09:45] episodes: no-new
[2026-08-25T09:45] snapshot: not-due
[2026-08-25T09:45] submit: held (SUBMIT_HOLD present)
[2026-08-25T10:00] episodes: no-new
[2026-08-25T10:00] snapshot: not-due
[2026-08-25T10:00] submit: held (SUBMIT_HOLD present)
[2026-08-25T10:15] episodes: no-new
[2026-08-25T10:15] snapshot: not-due
[2026-08-25T10:15] submit: held (SUBMIT_HOLD present)
[2026-08-25T10:32] episodes: no-new
[2026-08-25T10:32] snapshot: not-due
[2026-08-25T10:32] submit: held (SUBMIT_HOLD present)
[2026-08-25T10:54] episodes: no-new
[2026-08-25T10:54] snapshot: not-due
[2026-08-25T10:54] submit: held (SUBMIT_HOLD present)
[2026-08-25T11:05] episodes: no-new
[2026-08-25T11:05] snapshot: not-due
[2026-08-25T11:05] submit: held (SUBMIT_HOLD present)
[2026-08-25T11:15] episodes: no-new
[2026-08-25T11:15] snapshot: not-due
[2026-08-25T11:15] submit: held (SUBMIT_HOLD present)
[2026-08-25T11:30] episodes: no-new
[2026-08-25T11:30] snapshot: not-due
[2026-08-25T11:30] submit: held (SUBMIT_HOLD present)
[2026-08-25T11:45] episodes: no-new
[2026-08-25T11:45] snapshot: ok(10 rows)
[2026-08-25T11:45] submit: held (SUBMIT_HOLD present)
[2026-08-25T12:10] episodes: no-new
[2026-08-25T12:10] snapshot: not-due
[2026-08-25T12:10] submit: held (SUBMIT_HOLD present)
[2026-08-25T12:16] episodes: no-new
[2026-08-25T12:16] snapshot: not-due
[2026-08-25T12:16] submit: held (SUBMIT_HOLD present)
[2026-08-25T12:32] episodes: no-new
[2026-08-25T12:32] snapshot: not-due
[2026-08-25T12:32] submit: held (SUBMIT_HOLD present)
[2026-08-25T12:47] episodes: no-new
[2026-08-25T12:47] snapshot: not-due
[2026-08-25T12:47] submit: held (SUBMIT_HOLD present)
[2026-08-25T13:00] episodes: no-new
[2026-08-25T13:00] snapshot: not-due
[2026-08-25T13:00] submit: held (SUBMIT_HOLD present)
[2026-08-25T13:15] episodes: no-new
[2026-08-25T13:15] snapshot: not-due
[2026-08-25T13:15] submit: held (SUBMIT_HOLD present)
[2026-08-25T13:30] episodes: no-new
[2026-08-25T13:30] snapshot: not-due
[2026-08-25T13:30] submit: held (SUBMIT_HOLD present)
[2026-08-25T13:45] episodes: no-new
[2026-08-25T13:45] snapshot: not-due
[2026-08-25T13:45] submit: held (SUBMIT_HOLD present)
[2026-08-25T14:00] episodes: no-new
[2026-08-25T14:00] snapshot: not-due
[2026-08-25T14:00] submit: held (SUBMIT_HOLD present)
[2026-08-25T14:17] episodes: harvested:2026-08-25
[2026-08-25T14:17] snapshot: not-due
[2026-08-25T14:17] submit: held (SUBMIT_HOLD present)
[2026-08-25T14:30] episodes: no-new
[2026-08-25T14:30] snapshot: not-due
[2026-08-25T14:30] submit: held (SUBMIT_HOLD present)
[2026-08-25T14:45] episodes: no-new
[2026-08-25T14:45] snapshot: not-due
[2026-08-25T14:45] submit: held (SUBMIT_HOLD present)
[2026-08-25T15:00] episodes: no-new
[2026-08-25T15:00] snapshot: not-due
[2026-08-25T15:00] submit: held (SUBMIT_HOLD present)
[2026-08-25T15:15] episodes: no-new
[2026-08-25T15:15] snapshot: not-due
[2026-08-25T15:15] submit: held (SUBMIT_HOLD present)
[2026-08-25T15:30] episodes: no-new
[2026-08-25T15:30] snapshot: not-due
[2026-08-25T15:30] submit: held (SUBMIT_HOLD present)
[2026-08-25T15:45] episodes: no-new
[2026-08-25T15:45] snapshot: not-due
[2026-08-25T15:45] submit: held (SUBMIT_HOLD present)
[2026-08-25T16:00] episodes: no-new
[2026-08-25T16:00] snapshot: ok(10 rows)
[2026-08-25T16:00] submit: held (SUBMIT_HOLD present)
[2026-08-25T16:15] episodes: no-new
[2026-08-25T16:15] snapshot: not-due
[2026-08-25T16:15] submit: held (SUBMIT_HOLD present)
[2026-08-25T16:30] episodes: no-new
[2026-08-25T16:30] snapshot: not-due
[2026-08-25T16:30] submit: held (SUBMIT_HOLD present)
[2026-08-25T16:45] episodes: no-new
[2026-08-25T16:45] snapshot: not-due
[2026-08-25T16:45] submit: held (SUBMIT_HOLD present)
[2026-08-25T17:00] episodes: no-new
[2026-08-25T17:00] snapshot: not-due
[2026-08-25T17:00] submit: held (SUBMIT_HOLD present)
[2026-08-25T17:15] episodes: no-new
[2026-08-25T17:15] snapshot: not-due
[2026-08-25T17:15] submit: held (SUBMIT_HOLD present)
[2026-08-25T17:30] episodes: no-new
[2026-08-25T17:30] snapshot: not-due
[2026-08-25T17:30] submit: held (SUBMIT_HOLD present)
[2026-08-25T17:45] episodes: no-new
[2026-08-25T17:45] snapshot: not-due
[2026-08-25T17:45] submit: held (SUBMIT_HOLD present)
[2026-08-25T18:00] episodes: no-new
[2026-08-25T18:00] snapshot: not-due
[2026-08-25T18:00] submit: held (SUBMIT_HOLD present)
[2026-08-25T18:15] episodes: no-new
[2026-08-25T18:15] snapshot: not-due
[2026-08-25T18:15] submit: held (SUBMIT_HOLD present)
[2026-08-25T18:43] episodes: no-new
[2026-08-25T18:43] snapshot: not-due
[2026-08-25T18:43] submit: held (SUBMIT_HOLD present)
[2026-08-25T18:45] episodes: no-new
[2026-08-25T18:45] snapshot: not-due
[2026-08-25T18:45] submit: held (SUBMIT_HOLD present)
[2026-08-25T19:00] episodes: no-new
[2026-08-25T19:00] snapshot: not-due
[2026-08-25T19:00] submit: held (SUBMIT_HOLD present)
[2026-08-25T19:17] episodes: no-new
[2026-08-25T19:17] snapshot: not-due
[2026-08-25T19:17] submit: held (SUBMIT_HOLD present)
[2026-08-25T19:37] episodes: error:TimeoutExpired(['uvx', 'kaggle', 'datasets', 'download', '-d', 'kaggle/pokemon-tcg-ai-battle-episodes-index', '-p', 'C:\\Users\\Brad\\Dev Folder\\Product\\ptcg-ai-battle-challenge-strategy\\experiments\\factory\\episodes\\_raw', '--unzip'], 300)
[2026-08-25T19:37] snapshot: not-due
[2026-08-25T19:37] submit: held (SUBMIT_HOLD present)
[2026-08-25T19:45] episodes: no-new
[2026-08-25T19:45] snapshot: not-due
[2026-08-25T19:45] submit: held (SUBMIT_HOLD present)
[2026-08-25T20:00] episodes: no-new
[2026-08-25T20:00] snapshot: ok(10 rows)
[2026-08-25T20:00] submit: held (SUBMIT_HOLD present)
[2026-08-25T20:15] episodes: no-new
[2026-08-25T20:15] snapshot: not-due
[2026-08-25T20:15] submit: held (SUBMIT_HOLD present)
[2026-08-25T20:30] episodes: no-new
[2026-08-25T20:30] snapshot: not-due
[2026-08-25T20:30] submit: held (SUBMIT_HOLD present)
[2026-08-25T20:45] episodes: no-new
[2026-08-25T20:45] snapshot: not-due
[2026-08-25T20:45] submit: held (SUBMIT_HOLD present)
[2026-08-25T21:00] episodes: no-new
[2026-08-25T21:00] snapshot: not-due
[2026-08-25T21:00] submit: held (SUBMIT_HOLD present)
[2026-08-25T21:15] episodes: no-new
[2026-08-25T21:15] snapshot: not-due
[2026-08-25T21:15] submit: held (SUBMIT_HOLD present)
[2026-08-25T21:30] episodes: no-new
[2026-08-25T21:30] snapshot: not-due
[2026-08-25T21:30] submit: held (SUBMIT_HOLD present)
[2026-08-25T21:45] episodes: no-new
[2026-08-25T21:45] snapshot: not-due
[2026-08-25T21:45] submit: held (SUBMIT_HOLD present)
[2026-08-25T22:00] episodes: no-new
[2026-08-25T22:00] snapshot: not-due
[2026-08-25T22:00] submit: held (SUBMIT_HOLD present)
[2026-08-25T22:15] episodes: no-new
[2026-08-25T22:15] snapshot: not-due
[2026-08-25T22:15] submit: held (SUBMIT_HOLD present)
[2026-08-25T22:30] episodes: no-new
[2026-08-25T22:30] snapshot: not-due
[2026-08-25T22:30] submit: held (SUBMIT_HOLD present)
[2026-08-25T22:45] episodes: no-new
[2026-08-25T22:45] snapshot: not-due
[2026-08-25T22:45] submit: held (SUBMIT_HOLD present)
[2026-08-25T23:00] episodes: no-new
[2026-08-25T23:00] snapshot: not-due
[2026-08-25T23:00] submit: held (SUBMIT_HOLD present)
[2026-08-25T23:15] episodes: no-new
[2026-08-25T23:15] snapshot: not-due
[2026-08-25T23:15] submit: held (SUBMIT_HOLD present)
[2026-08-25T23:30] episodes: no-new
[2026-08-25T23:30] snapshot: not-due
[2026-08-25T23:30] submit: held (SUBMIT_HOLD present)
[2026-08-25T23:45] episodes: no-new
[2026-08-25T23:45] snapshot: not-due
[2026-08-25T23:45] submit: held (SUBMIT_HOLD present)
[2026-08-26T00:00] episodes: no-new
[2026-08-26T00:00] snapshot: not-due
[2026-08-26T00:00] submit: held (SUBMIT_HOLD present)
[2026-08-26T00:15] episodes: no-new
[2026-08-26T00:15] snapshot: ok(10 rows)
[2026-08-26T00:15] submit: held (SUBMIT_HOLD present)
[2026-08-26T00:30] episodes: no-new
[2026-08-26T00:30] snapshot: not-due
[2026-08-26T00:30] submit: held (SUBMIT_HOLD present)
[2026-08-26T00:45] episodes: no-new
[2026-08-26T00:45] snapshot: not-due
[2026-08-26T00:45] submit: held (SUBMIT_HOLD present)
[2026-08-26T01:00] episodes: no-new
[2026-08-26T01:00] snapshot: not-due
[2026-08-26T01:00] submit: held (SUBMIT_HOLD present)
[2026-08-26T01:15] episodes: no-new
[2026-08-26T01:15] snapshot: not-due
[2026-08-26T01:15] submit: held (SUBMIT_HOLD present)
[2026-08-26T01:30] episodes: no-new
[2026-08-26T01:30] snapshot: not-due
[2026-08-26T01:30] submit: held (SUBMIT_HOLD present)
[2026-08-26T01:45] episodes: no-new
[2026-08-26T01:45] snapshot: not-due
[2026-08-26T01:45] submit: held (SUBMIT_HOLD present)
[2026-08-26T02:00] episodes: no-new
[2026-08-26T02:00] snapshot: not-due
[2026-08-26T02:00] submit: held (SUBMIT_HOLD present)
[2026-08-26T02:15] episodes: no-new
[2026-08-26T02:15] snapshot: not-due
[2026-08-26T02:15] submit: held (SUBMIT_HOLD present)
[2026-08-26T02:30] episodes: no-new
[2026-08-26T02:30] snapshot: not-due
[2026-08-26T02:30] submit: held (SUBMIT_HOLD present)
[2026-08-26T02:45] episodes: no-new
[2026-08-26T02:45] snapshot: not-due
[2026-08-26T02:45] submit: held (SUBMIT_HOLD present)
[2026-08-26T03:00] episodes: no-new
[2026-08-26T03:00] snapshot: not-due
[2026-08-26T03:00] submit: held (SUBMIT_HOLD present)
[2026-08-26T03:15] episodes: no-new
[2026-08-26T03:15] snapshot: not-due
[2026-08-26T03:15] submit: held (SUBMIT_HOLD present)
[2026-08-26T03:30] episodes: no-new
[2026-08-26T03:30] snapshot: not-due
[2026-08-26T03:30] submit: held (SUBMIT_HOLD present)
[2026-08-26T03:45] episodes: no-new
[2026-08-26T03:45] snapshot: not-due
[2026-08-26T03:45] submit: held (SUBMIT_HOLD present)
[2026-08-26T04:00] episodes: no-new
[2026-08-26T04:00] snapshot: not-due
[2026-08-26T04:00] submit: held (SUBMIT_HOLD present)
[2026-08-26T04:15] episodes: no-new
[2026-08-26T04:15] snapshot: not-due
[2026-08-26T04:15] submit: held (SUBMIT_HOLD present)
[2026-08-26T04:30] episodes: no-new
[2026-08-26T04:30] snapshot: ok(10 rows)
[2026-08-26T04:30] submit: held (SUBMIT_HOLD present)
[2026-08-26T04:45] episodes: no-new
[2026-08-26T04:45] snapshot: not-due
[2026-08-26T04:45] submit: held (SUBMIT_HOLD present)
[2026-08-26T05:00] episodes: no-new
[2026-08-26T05:00] snapshot: not-due
[2026-08-26T05:00] submit: held (SUBMIT_HOLD present)
[2026-08-26T05:15] episodes: no-new
[2026-08-26T05:15] snapshot: not-due
[2026-08-26T05:15] submit: held (SUBMIT_HOLD present)
[2026-08-26T05:30] episodes: no-new
[2026-08-26T05:30] snapshot: not-due
[2026-08-26T05:30] submit: held (SUBMIT_HOLD present)
[2026-08-26T05:45] episodes: no-new
[2026-08-26T05:45] snapshot: not-due
[2026-08-26T05:45] submit: held (SUBMIT_HOLD present)
[2026-08-26T06:00] episodes: no-new
[2026-08-26T06:00] snapshot: not-due
[2026-08-26T06:00] submit: held (SUBMIT_HOLD present)
[2026-08-26T06:15] episodes: no-new
[2026-08-26T06:15] snapshot: not-due
[2026-08-26T06:15] submit: held (SUBMIT_HOLD present)
[2026-08-26T06:30] episodes: no-new
[2026-08-26T06:30] snapshot: not-due
[2026-08-26T06:30] submit: held (SUBMIT_HOLD present)
[2026-08-26T06:45] episodes: no-new
[2026-08-26T06:45] snapshot: not-due
[2026-08-26T06:45] submit: held (SUBMIT_HOLD present)
[2026-08-26T07:00] episodes: no-new
[2026-08-26T07:00] snapshot: not-due
[2026-08-26T07:00] submit: held (SUBMIT_HOLD present)
[2026-08-26T07:15] episodes: no-new
[2026-08-26T07:15] snapshot: not-due
[2026-08-26T07:15] submit: held (SUBMIT_HOLD present)
[2026-08-26T07:30] episodes: no-new
[2026-08-26T07:30] snapshot: not-due
[2026-08-26T07:30] submit: held (SUBMIT_HOLD present)
[2026-08-26T07:45] episodes: no-new
[2026-08-26T07:45] snapshot: not-due
[2026-08-26T07:45] submit: held (SUBMIT_HOLD present)
[2026-08-26T08:01] episodes: no-new
[2026-08-26T08:01] snapshot: not-due
[2026-08-26T08:01] submit: held (SUBMIT_HOLD present)
[2026-08-26T08:15] episodes: no-new
[2026-08-26T08:15] snapshot: not-due
[2026-08-26T08:15] submit: held (SUBMIT_HOLD present)
[2026-08-26T08:49] episodes: error:TimeoutExpired(['uvx', 'kaggle', 'datasets', 'download', '-d', 'kaggle/pokemon-tcg-ai-battle-episodes-index', '-p', 'C:\\Users\\Brad\\Dev Folder\\Product\\ptcg-ai-battle-challenge-strategy\\experiments\\factory\\episodes\\_raw', '--unzip'], 300)
[2026-08-26T08:49] snapshot: ok(10 rows)
[2026-08-26T08:49] submit: held (SUBMIT_HOLD present)
[2026-08-26T09:00] episodes: no-new
[2026-08-26T09:00] snapshot: not-due
[2026-08-26T09:00] submit: held (SUBMIT_HOLD present)
[2026-08-26T09:15] episodes: no-new
[2026-08-26T09:15] snapshot: not-due
[2026-08-26T09:15] submit: held (SUBMIT_HOLD present)
[2026-08-26T09:30] episodes: no-new
[2026-08-26T09:30] snapshot: not-due
[2026-08-26T09:30] submit: held (SUBMIT_HOLD present)
[2026-08-26T09:45] episodes: no-new
[2026-08-26T09:45] snapshot: not-due
[2026-08-26T09:45] submit: held (SUBMIT_HOLD present)
[2026-08-26T10:00] episodes: no-new
[2026-08-26T10:00] snapshot: not-due
[2026-08-26T10:00] submit: held (SUBMIT_HOLD present)
[2026-08-26T10:15] episodes: no-new
[2026-08-26T10:15] snapshot: not-due
[2026-08-26T10:15] submit: held (SUBMIT_HOLD present)
[2026-08-26T10:30] episodes: no-new
[2026-08-26T10:30] snapshot: not-due
[2026-08-26T10:30] submit: held (SUBMIT_HOLD present)
[2026-08-26T10:45] episodes: no-new
[2026-08-26T10:45] snapshot: not-due
[2026-08-26T10:45] submit: held (SUBMIT_HOLD present)
[2026-08-26T11:00] episodes: no-new
[2026-08-26T11:00] snapshot: not-due
[2026-08-26T11:00] submit: held (SUBMIT_HOLD present)
[2026-08-26T11:27] episodes: error:TimeoutExpired(['uvx', 'kaggle', 'datasets', 'download', '-d', 'kaggle/pokemon-tcg-ai-battle-episodes-index', '-p', 'C:\\Users\\Brad\\Dev Folder\\Product\\ptcg-ai-battle-challenge-strategy\\experiments\\factory\\episodes\\_raw', '--unzip'], 300)
[2026-08-26T11:27] snapshot: not-due
[2026-08-26T11:27] submit: held (SUBMIT_HOLD present)
[2026-08-26T11:31] episodes: error:RuntimeError("kaggle CLI failed (1): HTTPSConnectionPool(host='storage.googleapis.com', port=443): Max retries exceeded with url: /kaggle-data-sets/10788915/19198055/bundle/archive.zip?X-Goog-Algorithm=GOOG4-RSA-SHA256&X-Goog-Credential=gcp-kaggle-com%40kaggle-161607.iam.gserviceaccount.com%2F20260826%2Fauto%2Fstorage%2Fgoog4_request&X-Goog-Date=20260826T213028Z&X-Goog-Expires=259200&X-Goog-
[2026-08-26T11:31] snapshot: not-due
[2026-08-26T11:31] submit: held (SUBMIT_HOLD present)
[2026-08-26T11:48] episodes: error:RuntimeError("kaggle CLI failed (1): HTTPSConnectionPool(host='api.kaggle.com', port=443): Max retries exceeded with url: /v1/datasets.DatasetApiService/DownloadDataset (Caused by SSLError(SSLEOFError(8, '[SSL: UNEXPECTED_EOF_WHILE_READING] EOF occurred in violation of protocol (_ssl.c:1028)')))")
[2026-08-26T11:48] snapshot: not-due
[2026-08-26T11:48] submit: held (SUBMIT_HOLD present)
[2026-08-26T12:14] episodes: error:TimeoutExpired(['uvx', 'kaggle', 'datasets', 'download', '-d', 'kaggle/pokemon-tcg-ai-battle-episodes-index', '-p', 'C:\\Users\\Brad\\Dev Folder\\Product\\ptcg-ai-battle-challenge-strategy\\experiments\\factory\\episodes\\_raw', '--unzip'], 300)
[2026-08-26T12:14] snapshot: not-due
[2026-08-26T12:14] submit: held (SUBMIT_HOLD present)
[2026-08-26T12:15] episodes: no-new
[2026-08-26T12:15] snapshot: not-due
[2026-08-26T12:15] submit: held (SUBMIT_HOLD present)
[2026-08-26T12:32] episodes: no-new
[2026-08-26T12:32] snapshot: not-due
[2026-08-26T12:32] submit: held (SUBMIT_HOLD present)
[2026-08-26T12:45] episodes: no-new
[2026-08-26T12:45] snapshot: not-due
[2026-08-26T12:45] submit: held (SUBMIT_HOLD present)
[2026-08-26T13:00] episodes: no-new
[2026-08-26T13:00] snapshot: ok(10 rows)
[2026-08-26T13:00] submit: held (SUBMIT_HOLD present)
[2026-08-26T13:15] episodes: no-new
[2026-08-26T13:15] snapshot: not-due
[2026-08-26T13:15] submit: held (SUBMIT_HOLD present)
[2026-08-26T13:30] episodes: no-new
[2026-08-26T13:30] snapshot: not-due
[2026-08-26T13:30] submit: held (SUBMIT_HOLD present)
[2026-08-26T13:45] episodes: no-new
[2026-08-26T13:45] snapshot: not-due
[2026-08-26T13:45] submit: held (SUBMIT_HOLD present)
[2026-08-26T14:00] episodes: no-new
[2026-08-26T14:00] snapshot: not-due
[2026-08-26T14:00] submit: held (SUBMIT_HOLD present)
[2026-08-26T14:22] episodes: harvested:2026-08-26
[2026-08-26T14:22] snapshot: not-due
[2026-08-26T14:22] submit: held (SUBMIT_HOLD present)
[2026-08-26T14:30] episodes: no-new
[2026-08-26T14:30] snapshot: not-due
[2026-08-26T14:30] submit: held (SUBMIT_HOLD present)
[2026-08-26T14:45] episodes: no-new
[2026-08-26T14:45] snapshot: not-due
[2026-08-26T14:45] submit: held (SUBMIT_HOLD present)
[2026-08-26T15:00] episodes: no-new
[2026-08-26T15:00] snapshot: not-due
[2026-08-26T15:00] submit: held (SUBMIT_HOLD present)
[2026-08-26T15:15] episodes: no-new
[2026-08-26T15:15] snapshot: not-due
[2026-08-26T15:15] submit: held (SUBMIT_HOLD present)
[2026-08-26T15:30] episodes: no-new
[2026-08-26T15:30] snapshot: not-due
[2026-08-26T15:30] submit: held (SUBMIT_HOLD present)
[2026-08-26T15:47] episodes: error:RuntimeError("kaggle CLI failed (1): HTTPSConnectionPool(host='api.kaggle.com', port=443): Max retries exceeded with url: /v1/datasets.DatasetApiService/GetDatasetMetadata (Caused by SSLError(SSLEOFError(8, '[SSL: UNEXPECTED_EOF_WHILE_READING] EOF occurred in violation of protocol (_ssl.c:1028)')))")
[2026-08-26T15:47] snapshot: not-due
[2026-08-26T15:47] submit: held (SUBMIT_HOLD present)
[2026-08-26T16:12] episodes: error:RuntimeError("kaggle CLI failed (1): HTTPSConnectionPool(host='api.kaggle.com', port=443): Max retries exceeded with url: /v1/datasets.DatasetApiService/GetDatasetMetadata (Caused by SSLError(SSLEOFError(8, '[SSL: UNEXPECTED_EOF_WHILE_READING] EOF occurred in violation of protocol (_ssl.c:1028)')))")
[2026-08-26T16:12] snapshot: not-due
[2026-08-26T16:12] submit: held (SUBMIT_HOLD present)
[2026-08-26T16:17] episodes: error:RuntimeError("kaggle CLI failed (1): HTTPSConnectionPool(host='api.kaggle.com', port=443): Max retries exceeded with url: /v1/datasets.DatasetApiService/DownloadDataset (Caused by SSLError(SSLEOFError(8, '[SSL: UNEXPECTED_EOF_WHILE_READING] EOF occurred in violation of protocol (_ssl.c:1028)')))")
[2026-08-26T16:17] snapshot: not-due
[2026-08-26T16:17] submit: held (SUBMIT_HOLD present)
[2026-08-26T16:34] episodes: no-new
[2026-08-26T16:34] snapshot: not-due
[2026-08-26T16:34] submit: held (SUBMIT_HOLD present)
[2026-08-26T16:45] episodes: no-new
[2026-08-26T16:45] snapshot: not-due
[2026-08-26T16:45] submit: held (SUBMIT_HOLD present)
[2026-08-26T17:00] episodes: no-new
[2026-08-26T17:00] snapshot: not-due
[2026-08-26T17:00] submit: held (SUBMIT_HOLD present)
[2026-08-26T17:15] episodes: no-new
[2026-08-26T17:15] snapshot: ok(10 rows)
[2026-08-26T17:15] submit: held (SUBMIT_HOLD present)
[2026-08-26T17:34] episodes: no-new
[2026-08-26T17:34] snapshot: not-due
[2026-08-26T17:34] submit: held (SUBMIT_HOLD present)
[2026-08-26T17:45] episodes: no-new
[2026-08-26T17:45] snapshot: not-due
[2026-08-26T17:45] submit: held (SUBMIT_HOLD present)
[2026-08-26T18:00] episodes: no-new
[2026-08-26T18:00] snapshot: not-due
[2026-08-26T18:00] submit: held (SUBMIT_HOLD present)
[2026-08-26T18:15] episodes: no-new
[2026-08-26T18:15] snapshot: not-due
[2026-08-26T18:15] submit: held (SUBMIT_HOLD present)
[2026-08-26T18:30] episodes: no-new
[2026-08-26T18:30] snapshot: not-due
[2026-08-26T18:30] submit: held (SUBMIT_HOLD present)
[2026-08-26T18:45] episodes: no-new
[2026-08-26T18:45] snapshot: not-due
[2026-08-26T18:45] submit: held (SUBMIT_HOLD present)
[2026-08-26T19:00] episodes: no-new
[2026-08-26T19:00] snapshot: not-due
[2026-08-26T19:00] submit: held (SUBMIT_HOLD present)
[2026-08-26T19:15] episodes: no-new
[2026-08-26T19:15] snapshot: not-due
[2026-08-26T19:15] submit: held (SUBMIT_HOLD present)
[2026-08-26T19:30] episodes: no-new
[2026-08-26T19:30] snapshot: not-due
[2026-08-26T19:30] submit: held (SUBMIT_HOLD present)
[2026-08-26T19:45] episodes: no-new
[2026-08-26T19:45] snapshot: not-due
[2026-08-26T19:45] submit: held (SUBMIT_HOLD present)
[2026-08-26T20:00] episodes: no-new
[2026-08-26T20:00] snapshot: not-due
[2026-08-26T20:00] submit: held (SUBMIT_HOLD present)
[2026-08-26T20:15] episodes: no-new
[2026-08-26T20:15] snapshot: not-due
[2026-08-26T20:15] submit: held (SUBMIT_HOLD present)
[2026-08-26T20:30] episodes: no-new
[2026-08-26T20:30] snapshot: not-due
[2026-08-26T20:30] submit: held (SUBMIT_HOLD present)
[2026-08-26T20:45] episodes: no-new
[2026-08-26T20:45] snapshot: not-due
[2026-08-26T20:45] submit: held (SUBMIT_HOLD present)
[2026-08-26T21:00] episodes: no-new
[2026-08-26T21:00] snapshot: not-due
[2026-08-26T21:00] submit: held (SUBMIT_HOLD present)
[2026-08-26T21:15] episodes: no-new
[2026-08-26T21:15] snapshot: not-due
[2026-08-26T21:15] submit: held (SUBMIT_HOLD present)
[2026-08-26T21:30] episodes: no-new
[2026-08-26T21:30] snapshot: ok(10 rows)
[2026-08-26T21:30] submit: held (SUBMIT_HOLD present)
[2026-08-26T21:45] episodes: no-new
[2026-08-26T21:45] snapshot: not-due
[2026-08-26T21:45] submit: held (SUBMIT_HOLD present)
[2026-08-26T22:00] episodes: no-new
[2026-08-26T22:00] snapshot: not-due
[2026-08-26T22:00] submit: held (SUBMIT_HOLD present)
[2026-08-26T22:15] episodes: no-new
[2026-08-26T22:15] snapshot: not-due
[2026-08-26T22:15] submit: held (SUBMIT_HOLD present)
[2026-08-26T22:30] episodes: no-new
[2026-08-26T22:30] snapshot: not-due
[2026-08-26T22:30] submit: held (SUBMIT_HOLD present)
[2026-08-26T22:45] episodes: no-new
[2026-08-26T22:45] snapshot: not-due
[2026-08-26T22:45] submit: held (SUBMIT_HOLD present)
[2026-08-26T23:00] episodes: no-new
[2026-08-26T23:00] snapshot: not-due
[2026-08-26T23:00] submit: held (SUBMIT_HOLD present)
[2026-08-26T23:15] episodes: no-new
[2026-08-26T23:15] snapshot: not-due
[2026-08-26T23:15] submit: held (SUBMIT_HOLD present)
[2026-08-26T23:30] episodes: no-new
[2026-08-26T23:30] snapshot: not-due
[2026-08-26T23:30] submit: held (SUBMIT_HOLD present)
[2026-08-26T23:45] episodes: no-new
[2026-08-26T23:45] snapshot: not-due
[2026-08-26T23:45] submit: held (SUBMIT_HOLD present)
[2026-08-27T00:00] episodes: no-new
[2026-08-27T00:00] snapshot: not-due
[2026-08-27T00:00] submit: held (SUBMIT_HOLD present)
[2026-08-27T00:15] episodes: no-new
[2026-08-27T00:15] snapshot: not-due
[2026-08-27T00:15] submit: held (SUBMIT_HOLD present)
[2026-08-27T00:30] episodes: no-new
[2026-08-27T00:30] snapshot: not-due
[2026-08-27T00:30] submit: held (SUBMIT_HOLD present)
[2026-08-27T00:45] episodes: no-new
[2026-08-27T00:45] snapshot: not-due
[2026-08-27T00:45] submit: held (SUBMIT_HOLD present)
[2026-08-27T01:00] episodes: no-new
[2026-08-27T01:00] snapshot: not-due
[2026-08-27T01:00] submit: held (SUBMIT_HOLD present)
[2026-08-27T01:15] episodes: no-new
[2026-08-27T01:15] snapshot: not-due
[2026-08-27T01:15] submit: held (SUBMIT_HOLD present)
[2026-08-27T01:30] episodes: no-new
[2026-08-27T01:30] snapshot: ok(10 rows)
[2026-08-27T01:30] submit: held (SUBMIT_HOLD present)
[2026-08-27T01:45] episodes: no-new
[2026-08-27T01:45] snapshot: not-due
[2026-08-27T01:45] submit: held (SUBMIT_HOLD present)
[2026-08-27T02:00] episodes: no-new
[2026-08-27T02:00] snapshot: not-due
[2026-08-27T02:00] submit: held (SUBMIT_HOLD present)
[2026-08-27T02:15] episodes: no-new
[2026-08-27T02:15] snapshot: not-due
[2026-08-27T02:15] submit: held (SUBMIT_HOLD present)
[2026-08-27T02:30] episodes: no-new
[2026-08-27T02:30] snapshot: not-due
[2026-08-27T02:30] submit: held (SUBMIT_HOLD present)
[2026-08-27T02:45] episodes: no-new
[2026-08-27T02:45] snapshot: not-due
[2026-08-27T02:45] submit: held (SUBMIT_HOLD present)
[2026-08-27T03:00] episodes: no-new
[2026-08-27T03:00] snapshot: not-due
[2026-08-27T03:00] submit: held (SUBMIT_HOLD present)
[2026-08-27T03:15] episodes: no-new
[2026-08-27T03:15] snapshot: not-due
[2026-08-27T03:15] submit: held (SUBMIT_HOLD present)
[2026-08-27T03:30] episodes: no-new
[2026-08-27T03:30] snapshot: not-due
[2026-08-27T03:30] submit: held (SUBMIT_HOLD present)
[2026-08-27T03:45] episodes: no-new
[2026-08-27T03:45] snapshot: not-due
[2026-08-27T03:45] submit: held (SUBMIT_HOLD present)
[2026-08-27T04:00] episodes: no-new
[2026-08-27T04:00] snapshot: not-due
[2026-08-27T04:00] submit: held (SUBMIT_HOLD present)
[2026-08-27T04:15] episodes: no-new
[2026-08-27T04:15] snapshot: not-due
[2026-08-27T04:15] submit: held (SUBMIT_HOLD present)
[2026-08-27T04:30] episodes: no-new
[2026-08-27T04:30] snapshot: not-due
[2026-08-27T04:30] submit: held (SUBMIT_HOLD present)
[2026-08-27T04:45] episodes: no-new
[2026-08-27T04:45] snapshot: not-due
[2026-08-27T04:45] submit: held (SUBMIT_HOLD present)
[2026-08-27T05:00] episodes: no-new
[2026-08-27T05:00] snapshot: not-due
[2026-08-27T05:00] submit: held (SUBMIT_HOLD present)
[2026-08-27T05:15] episodes: no-new
[2026-08-27T05:15] snapshot: not-due
[2026-08-27T05:15] submit: held (SUBMIT_HOLD present)
[2026-08-27T05:30] episodes: no-new
[2026-08-27T05:30] snapshot: ok(10 rows)
[2026-08-27T05:30] submit: held (SUBMIT_HOLD present)
[2026-08-27T05:45] episodes: no-new
[2026-08-27T05:45] snapshot: not-due
[2026-08-27T05:45] submit: held (SUBMIT_HOLD present)
[2026-08-27T06:01] episodes: no-new
[2026-08-27T06:01] snapshot: not-due
[2026-08-27T06:01] submit: held (SUBMIT_HOLD present)
[2026-08-27T06:28] episodes: error:TimeoutExpired(['uvx', 'kaggle', 'datasets', 'download', '-d', 'kaggle/pokemon-tcg-ai-battle-episodes-index', '-p', 'C:\\Users\\Brad\\Dev Folder\\Product\\ptcg-ai-battle-challenge-strategy\\experiments\\factory\\episodes\\_raw', '--unzip'], 300)
[2026-08-27T06:28] snapshot: not-due
[2026-08-27T06:28] submit: held (SUBMIT_HOLD present)
[2026-08-27T06:30] episodes: no-new
[2026-08-27T06:30] snapshot: not-due
[2026-08-27T06:30] submit: held (SUBMIT_HOLD present)
[2026-08-27T06:50] episodes: error:RuntimeError("kaggle CLI failed (1): HTTPSConnectionPool(host='api.kaggle.com', port=443): Max retries exceeded with url: /v1/datasets.DatasetApiService/GetDatasetMetadata (Caused by SSLError(SSLEOFError(8, '[SSL: UNEXPECTED_EOF_WHILE_READING] EOF occurred in violation of protocol (_ssl.c:1028)')))")
[2026-08-27T06:50] snapshot: not-due
[2026-08-27T06:50] submit: held (SUBMIT_HOLD present)
[2026-08-27T07:00] episodes: no-new
[2026-08-27T07:00] snapshot: not-due
[2026-08-27T07:00] submit: held (SUBMIT_HOLD present)
[2026-08-27T07:15] episodes: no-new
[2026-08-27T07:15] snapshot: not-due
[2026-08-27T07:15] submit: held (SUBMIT_HOLD present)
[2026-08-27T07:31] episodes: error:RuntimeError('kaggle CLI failed (1): Traceback (most recent call last):\n  File "C:\\Users\\Brad\\AppData\\Local\\uv\\cache\\archive-v0\\Nykz30PrWFsxoF--zEtrk\\Lib\\site-packages\\urllib3\\connectionpool.py", line 464, in _make_request\n    self._validate_conn(conn)\n    ~~~~~~~~~~~~~~~~~~~^^^^^^\n  File "C:\\Users\\Brad\\AppData\\Local\\uv\\cache\\archive-v0\\Nykz30PrWFsxoF--zEtrk\\Lib\\sit
[2026-08-27T07:31] snapshot: not-due
[2026-08-27T07:31] submit: held (SUBMIT_HOLD present)
[2026-08-27T07:45] episodes: no-new
[2026-08-27T07:45] snapshot: not-due
[2026-08-27T07:45] submit: held (SUBMIT_HOLD present)
[2026-08-27T08:00] episodes: no-new
[2026-08-27T08:00] snapshot: not-due
[2026-08-27T08:00] submit: held (SUBMIT_HOLD present)
[2026-08-27T08:15] episodes: no-new
[2026-08-27T08:15] snapshot: not-due
[2026-08-27T08:15] submit: held (SUBMIT_HOLD present)
[2026-08-27T08:30] episodes: no-new
[2026-08-27T08:30] snapshot: not-due
[2026-08-27T08:30] submit: held (SUBMIT_HOLD present)
[2026-08-27T08:46] episodes: no-new
[2026-08-27T08:46] snapshot: not-due
[2026-08-27T08:46] submit: held (SUBMIT_HOLD present)
[2026-08-27T09:00] episodes: no-new
[2026-08-27T09:00] snapshot: not-due
[2026-08-27T09:00] submit: held (SUBMIT_HOLD present)
[2026-08-27T09:15] episodes: no-new
[2026-08-27T09:15] snapshot: not-due
[2026-08-27T09:15] submit: held (SUBMIT_HOLD present)
[2026-08-27T09:30] episodes: no-new
[2026-08-27T09:30] snapshot: ok(10 rows)
[2026-08-27T09:30] submit: held (SUBMIT_HOLD present)
[2026-08-27T09:45] episodes: no-new
[2026-08-27T09:45] snapshot: not-due
[2026-08-27T09:45] submit: held (SUBMIT_HOLD present)
[2026-08-27T10:00] episodes: no-new
[2026-08-27T10:00] snapshot: not-due
[2026-08-27T10:00] submit: held (SUBMIT_HOLD present)
[2026-08-27T10:15] episodes: no-new
[2026-08-27T10:15] snapshot: not-due
[2026-08-27T10:15] submit: held (SUBMIT_HOLD present)
[2026-08-27T10:30] episodes: no-new
[2026-08-27T10:30] snapshot: not-due
[2026-08-27T10:30] submit: held (SUBMIT_HOLD present)
[2026-08-27T10:45] episodes: no-new
[2026-08-27T10:45] snapshot: not-due
[2026-08-27T10:45] submit: held (SUBMIT_HOLD present)
[2026-08-27T11:00] episodes: no-new
[2026-08-27T11:00] snapshot: not-due
[2026-08-27T11:00] submit: held (SUBMIT_HOLD present)
[2026-08-27T11:15] episodes: no-new
[2026-08-27T11:15] snapshot: not-due
[2026-08-27T11:15] submit: held (SUBMIT_HOLD present)
[2026-08-27T11:30] episodes: no-new
[2026-08-27T11:30] snapshot: not-due
[2026-08-27T11:30] submit: held (SUBMIT_HOLD present)
[2026-08-27T11:45] episodes: no-new
[2026-08-27T11:45] snapshot: not-due
[2026-08-27T11:45] submit: held (SUBMIT_HOLD present)
[2026-08-27T12:00] episodes: no-new
[2026-08-27T12:00] snapshot: not-due
[2026-08-27T12:00] submit: held (SUBMIT_HOLD present)
[2026-08-27T12:15] episodes: no-new
[2026-08-27T12:15] snapshot: not-due
[2026-08-27T12:15] submit: held (SUBMIT_HOLD present)
[2026-08-27T12:35] episodes: no-new
[2026-08-27T12:35] snapshot: not-due
[2026-08-27T12:35] submit: held (SUBMIT_HOLD present)
[2026-08-27T12:45] episodes: no-new
[2026-08-27T12:45] snapshot: not-due
[2026-08-27T12:45] submit: held (SUBMIT_HOLD present)
[2026-08-27T13:05] episodes: no-new
[2026-08-27T13:05] snapshot: not-due
[2026-08-27T13:05] submit: held (SUBMIT_HOLD present)
[2026-08-27T21:02] episodes: harvested:2026-08-27
[2026-08-27T21:02] snapshot: ok(10 rows)
[2026-08-27T21:02] submit: held (SUBMIT_HOLD present)
[2026-08-27T21:15] episodes: no-new
[2026-08-27T21:15] snapshot: not-due
[2026-08-27T21:15] submit: held (SUBMIT_HOLD present)
[2026-08-27T21:30] episodes: no-new
[2026-08-27T21:30] snapshot: not-due
[2026-08-27T21:30] submit: held (SUBMIT_HOLD present)
[2026-08-27T21:45] episodes: no-new
[2026-08-27T21:45] snapshot: not-due
[2026-08-27T21:45] submit: held (SUBMIT_HOLD present)
[2026-08-27T22:00] episodes: no-new
[2026-08-27T22:00] snapshot: not-due
[2026-08-27T22:00] submit: held (SUBMIT_HOLD present)
[2026-08-27T22:15] episodes: no-new
[2026-08-27T22:15] snapshot: not-due
[2026-08-27T22:15] submit: held (SUBMIT_HOLD present)
[2026-08-27T22:30] episodes: no-new
[2026-08-27T22:30] snapshot: not-due
[2026-08-27T22:30] submit: held (SUBMIT_HOLD present)
[2026-08-27T22:45] episodes: no-new
[2026-08-27T22:45] snapshot: not-due
[2026-08-27T22:45] submit: held (SUBMIT_HOLD present)
[2026-08-27T23:00] episodes: no-new
[2026-08-27T23:00] snapshot: not-due
[2026-08-27T23:00] submit: held (SUBMIT_HOLD present)
[2026-08-27T23:15] episodes: no-new
[2026-08-27T23:15] snapshot: not-due
[2026-08-27T23:15] submit: held (SUBMIT_HOLD present)
[2026-08-27T23:30] episodes: no-new
[2026-08-27T23:30] snapshot: not-due
[2026-08-27T23:30] submit: held (SUBMIT_HOLD present)
[2026-08-27T23:45] episodes: no-new
[2026-08-27T23:45] snapshot: not-due
[2026-08-27T23:45] submit: held (SUBMIT_HOLD present)
[2026-08-28T00:00] episodes: no-new
[2026-08-28T00:00] snapshot: not-due
[2026-08-28T00:00] submit: held (SUBMIT_HOLD present)
[2026-08-28T00:15] episodes: no-new
[2026-08-28T00:15] snapshot: not-due
[2026-08-28T00:15] submit: held (SUBMIT_HOLD present)
[2026-08-28T00:30] episodes: no-new
[2026-08-28T00:30] snapshot: not-due
[2026-08-28T00:30] submit: held (SUBMIT_HOLD present)
[2026-08-28T00:45] episodes: no-new
[2026-08-28T00:45] snapshot: not-due
[2026-08-28T00:45] submit: held (SUBMIT_HOLD present)
[2026-08-28T01:00] episodes: no-new
[2026-08-28T01:00] snapshot: not-due
[2026-08-28T01:00] submit: held (SUBMIT_HOLD present)
[2026-08-28T01:15] episodes: no-new
[2026-08-28T01:15] snapshot: ok(10 rows)
[2026-08-28T01:15] submit: held (SUBMIT_HOLD present)
[2026-08-28T01:30] episodes: no-new
[2026-08-28T01:30] snapshot: not-due
[2026-08-28T01:30] submit: held (SUBMIT_HOLD present)
[2026-08-28T01:45] episodes: no-new
[2026-08-28T01:45] snapshot: not-due
[2026-08-28T01:45] submit: held (SUBMIT_HOLD present)
[2026-08-28T02:00] episodes: no-new
[2026-08-28T02:00] snapshot: not-due
[2026-08-28T02:00] submit: held (SUBMIT_HOLD present)
[2026-08-28T02:15] episodes: no-new
[2026-08-28T02:15] snapshot: not-due
[2026-08-28T02:15] submit: held (SUBMIT_HOLD present)
[2026-08-28T02:30] episodes: no-new
[2026-08-28T02:30] snapshot: not-due
[2026-08-28T02:30] submit: held (SUBMIT_HOLD present)
[2026-08-28T02:45] episodes: no-new
[2026-08-28T02:45] snapshot: not-due
[2026-08-28T02:45] submit: held (SUBMIT_HOLD present)
[2026-08-28T03:00] episodes: no-new
[2026-08-28T03:00] snapshot: not-due
[2026-08-28T03:00] submit: held (SUBMIT_HOLD present)
[2026-08-28T03:15] episodes: no-new
[2026-08-28T03:15] snapshot: not-due
[2026-08-28T03:15] submit: held (SUBMIT_HOLD present)
[2026-08-28T03:30] episodes: no-new
[2026-08-28T03:30] snapshot: not-due
[2026-08-28T03:30] submit: held (SUBMIT_HOLD present)
[2026-08-28T03:45] episodes: no-new
[2026-08-28T03:45] snapshot: not-due
[2026-08-28T03:45] submit: held (SUBMIT_HOLD present)
[2026-08-28T04:00] episodes: no-new
[2026-08-28T04:00] snapshot: not-due
[2026-08-28T04:00] submit: held (SUBMIT_HOLD present)
[2026-08-28T04:15] episodes: no-new
[2026-08-28T04:15] snapshot: not-due
[2026-08-28T04:15] submit: held (SUBMIT_HOLD present)
[2026-08-28T04:30] episodes: no-new
[2026-08-28T04:30] snapshot: not-due
[2026-08-28T04:30] submit: held (SUBMIT_HOLD present)
[2026-08-28T04:45] episodes: no-new
[2026-08-28T04:45] snapshot: not-due
[2026-08-28T04:45] submit: held (SUBMIT_HOLD present)
[2026-08-28T05:00] episodes: no-new
[2026-08-28T05:00] snapshot: not-due
[2026-08-28T05:00] submit: held (SUBMIT_HOLD present)
[2026-08-28T05:15] episodes: no-new
[2026-08-28T05:15] snapshot: not-due
[2026-08-28T05:15] submit: held (SUBMIT_HOLD present)
[2026-08-28T05:30] episodes: no-new
[2026-08-28T05:30] snapshot: ok(10 rows)
[2026-08-28T05:30] submit: held (SUBMIT_HOLD present)
[2026-08-28T05:45] episodes: no-new
[2026-08-28T05:45] snapshot: not-due
[2026-08-28T05:45] submit: held (SUBMIT_HOLD present)
[2026-08-28T06:00] episodes: no-new
[2026-08-28T06:00] snapshot: not-due
[2026-08-28T06:00] submit: held (SUBMIT_HOLD present)
[2026-08-28T06:15] episodes: no-new
[2026-08-28T06:15] snapshot: not-due
[2026-08-28T06:15] submit: held (SUBMIT_HOLD present)
[2026-08-28T06:30] episodes: no-new
[2026-08-28T06:30] snapshot: not-due
[2026-08-28T06:30] submit: held (SUBMIT_HOLD present)
[2026-08-28T06:45] episodes: no-new
[2026-08-28T06:45] snapshot: not-due
[2026-08-28T06:45] submit: held (SUBMIT_HOLD present)
[2026-08-28T07:00] episodes: no-new
[2026-08-28T07:00] snapshot: not-due
[2026-08-28T07:00] submit: held (SUBMIT_HOLD present)
[2026-08-28T07:15] episodes: no-new
[2026-08-28T07:15] snapshot: not-due
[2026-08-28T07:15] submit: held (SUBMIT_HOLD present)
[2026-08-28T07:30] episodes: no-new
[2026-08-28T07:30] snapshot: not-due
[2026-08-28T07:30] submit: held (SUBMIT_HOLD present)
[2026-08-28T07:45] episodes: no-new
[2026-08-28T07:45] snapshot: not-due
[2026-08-28T07:45] submit: held (SUBMIT_HOLD present)
[2026-08-28T08:00] episodes: no-new
[2026-08-28T08:00] snapshot: not-due
[2026-08-28T08:00] submit: held (SUBMIT_HOLD present)
[2026-08-28T08:15] episodes: no-new
[2026-08-28T08:15] snapshot: not-due
[2026-08-28T08:15] submit: held (SUBMIT_HOLD present)
[2026-08-28T08:30] episodes: no-new
[2026-08-28T08:30] snapshot: not-due
[2026-08-28T08:30] submit: held (SUBMIT_HOLD present)
[2026-08-28T08:45] episodes: no-new
[2026-08-28T08:45] snapshot: not-due
[2026-08-28T08:45] submit: held (SUBMIT_HOLD present)
[2026-08-28T09:00] episodes: no-new
[2026-08-28T09:00] snapshot: not-due
[2026-08-28T09:00] submit: held (SUBMIT_HOLD present)
[2026-08-28T09:15] episodes: no-new
[2026-08-28T09:15] snapshot: not-due
[2026-08-28T09:15] submit: held (SUBMIT_HOLD present)
[2026-08-28T09:30] episodes: no-new
[2026-08-28T09:30] snapshot: ok(10 rows)
[2026-08-28T09:30] submit: held (SUBMIT_HOLD present)
[2026-08-28T09:45] episodes: no-new
[2026-08-28T09:45] snapshot: not-due
[2026-08-28T09:45] submit: held (SUBMIT_HOLD present)
[2026-08-28T10:00] episodes: no-new
[2026-08-28T10:00] snapshot: not-due
[2026-08-28T10:00] submit: held (SUBMIT_HOLD present)
[2026-08-28T10:15] episodes: no-new
[2026-08-28T10:15] snapshot: not-due
[2026-08-28T10:15] submit: held (SUBMIT_HOLD present)
[2026-08-28T10:30] episodes: no-new
[2026-08-28T10:30] snapshot: not-due
[2026-08-28T10:30] submit: held (SUBMIT_HOLD present)
[2026-08-28T10:45] episodes: no-new
[2026-08-28T10:45] snapshot: not-due
[2026-08-28T10:45] submit: held (SUBMIT_HOLD present)
[2026-08-28T11:00] episodes: no-new
[2026-08-28T11:00] snapshot: not-due
[2026-08-28T11:00] submit: held (SUBMIT_HOLD present)
[2026-08-28T11:15] episodes: no-new
[2026-08-28T11:15] snapshot: not-due
[2026-08-28T11:15] submit: held (SUBMIT_HOLD present)
[2026-08-28T11:30] episodes: no-new
[2026-08-28T11:30] snapshot: not-due
[2026-08-28T11:30] submit: held (SUBMIT_HOLD present)
[2026-08-28T11:46] episodes: no-new
[2026-08-28T11:46] snapshot: not-due
[2026-08-28T11:46] submit: held (SUBMIT_HOLD present)
[2026-08-28T12:00] episodes: no-new
[2026-08-28T12:00] snapshot: not-due
[2026-08-28T12:00] submit: held (SUBMIT_HOLD present)
[2026-08-28T12:15] episodes: no-new
[2026-08-28T12:15] snapshot: not-due
[2026-08-28T12:15] submit: held (SUBMIT_HOLD present)
[2026-08-28T12:30] episodes: no-new
[2026-08-28T12:30] snapshot: not-due
[2026-08-28T12:30] submit: held (SUBMIT_HOLD present)
[2026-08-28T12:45] episodes: no-new
[2026-08-28T12:45] snapshot: not-due
[2026-08-28T12:45] submit: held (SUBMIT_HOLD present)
[2026-08-28T13:00] episodes: no-new
[2026-08-28T13:00] snapshot: not-due
[2026-08-28T13:00] submit: held (SUBMIT_HOLD present)
[2026-08-28T13:15] episodes: no-new
[2026-08-28T13:15] snapshot: not-due
[2026-08-28T13:15] submit: held (SUBMIT_HOLD present)
[2026-08-28T13:30] episodes: no-new
[2026-08-28T13:30] snapshot: not-due
[2026-08-28T13:30] submit: held (SUBMIT_HOLD present)
[2026-08-28T13:45] episodes: no-new
[2026-08-28T13:45] snapshot: ok(10 rows)
[2026-08-28T13:45] submit: held (SUBMIT_HOLD present)
[2026-08-28T14:00] episodes: no-new
[2026-08-28T14:00] snapshot: not-due
[2026-08-28T14:00] submit: held (SUBMIT_HOLD present)
[2026-08-28T14:15] episodes: error:RuntimeError('kaggle CLI failed (1): 404 Client Error: Not Found for url: https://api.kaggle.com/v1/datasets.DatasetApiService/DownloadDataset')
[2026-08-28T14:15] snapshot: not-due
[2026-08-28T14:15] submit: held (SUBMIT_HOLD present)
[2026-08-28T14:31] episodes: harvested:2026-08-28
[2026-08-28T14:31] snapshot: not-due
[2026-08-28T14:31] submit: held (SUBMIT_HOLD present)
[2026-08-28T14:45] episodes: no-new
[2026-08-28T14:45] snapshot: not-due
[2026-08-28T14:45] submit: held (SUBMIT_HOLD present)
[2026-08-28T15:00] episodes: no-new
[2026-08-28T15:00] snapshot: not-due
[2026-08-28T15:00] submit: held (SUBMIT_HOLD present)
[2026-08-28T15:15] episodes: no-new
[2026-08-28T15:15] snapshot: not-due
[2026-08-28T15:15] submit: held (SUBMIT_HOLD present)
[2026-08-28T15:30] episodes: no-new
[2026-08-28T15:30] snapshot: not-due
[2026-08-28T15:30] submit: held (SUBMIT_HOLD present)
[2026-08-28T15:45] episodes: no-new
[2026-08-28T15:45] snapshot: not-due
[2026-08-28T15:45] submit: held (SUBMIT_HOLD present)
[2026-08-28T16:00] episodes: no-new
[2026-08-28T16:00] snapshot: not-due
[2026-08-28T16:00] submit: held (SUBMIT_HOLD present)
[2026-08-28T16:15] episodes: no-new
[2026-08-28T16:15] snapshot: not-due
[2026-08-28T16:15] submit: held (SUBMIT_HOLD present)
[2026-08-28T16:30] episodes: no-new
[2026-08-28T16:30] snapshot: not-due
[2026-08-28T16:30] submit: held (SUBMIT_HOLD present)
[2026-08-28T16:45] episodes: no-new
[2026-08-28T16:45] snapshot: not-due
[2026-08-28T16:45] submit: held (SUBMIT_HOLD present)
[2026-08-28T17:00] episodes: no-new
[2026-08-28T17:00] snapshot: not-due
[2026-08-28T17:00] submit: held (SUBMIT_HOLD present)
[2026-08-28T17:15] episodes: no-new
[2026-08-28T17:15] snapshot: not-due
[2026-08-28T17:15] submit: held (SUBMIT_HOLD present)
[2026-08-28T17:30] episodes: no-new
[2026-08-28T17:30] snapshot: not-due
[2026-08-28T17:30] submit: held (SUBMIT_HOLD present)
[2026-08-28T17:45] episodes: no-new
[2026-08-28T17:45] snapshot: not-due
[2026-08-28T17:45] submit: held (SUBMIT_HOLD present)
[2026-08-28T18:00] episodes: no-new
[2026-08-28T18:00] snapshot: ok(10 rows)
[2026-08-28T18:00] submit: held (SUBMIT_HOLD present)
[2026-08-28T18:15] episodes: no-new
[2026-08-28T18:15] snapshot: not-due
[2026-08-28T18:15] submit: held (SUBMIT_HOLD present)
[2026-08-28T18:30] episodes: no-new
[2026-08-28T18:30] snapshot: not-due
[2026-08-28T18:30] submit: held (SUBMIT_HOLD present)
[2026-08-28T18:45] episodes: no-new
[2026-08-28T18:45] snapshot: not-due
[2026-08-28T18:45] submit: held (SUBMIT_HOLD present)
[2026-08-28T19:00] episodes: no-new
[2026-08-28T19:00] snapshot: not-due
[2026-08-28T19:00] submit: held (SUBMIT_HOLD present)
[2026-08-28T19:15] episodes: no-new
[2026-08-28T19:15] snapshot: not-due
[2026-08-28T19:15] submit: held (SUBMIT_HOLD present)
[2026-08-28T19:30] episodes: no-new
[2026-08-28T19:30] snapshot: not-due
[2026-08-28T19:30] submit: held (SUBMIT_HOLD present)
[2026-08-28T19:45] episodes: no-new
[2026-08-28T19:45] snapshot: not-due
[2026-08-28T19:45] submit: held (SUBMIT_HOLD present)
[2026-08-28T20:00] episodes: no-new
[2026-08-28T20:00] snapshot: not-due
[2026-08-28T20:00] submit: held (SUBMIT_HOLD present)
[2026-08-28T20:15] episodes: no-new
[2026-08-28T20:15] snapshot: not-due
[2026-08-28T20:15] submit: held (SUBMIT_HOLD present)
[2026-08-28T20:30] episodes: no-new
[2026-08-28T20:30] snapshot: not-due
[2026-08-28T20:30] submit: held (SUBMIT_HOLD present)
[2026-08-28T20:45] episodes: no-new
[2026-08-28T20:45] snapshot: not-due
[2026-08-28T20:45] submit: held (SUBMIT_HOLD present)
[2026-08-28T21:00] episodes: no-new
[2026-08-28T21:00] snapshot: not-due
[2026-08-28T21:00] submit: held (SUBMIT_HOLD present)
[2026-08-28T21:15] episodes: no-new
[2026-08-28T21:15] snapshot: not-due
[2026-08-28T21:15] submit: held (SUBMIT_HOLD present)
[2026-08-28T21:30] episodes: no-new
[2026-08-28T21:30] snapshot: not-due
[2026-08-28T21:30] submit: held (SUBMIT_HOLD present)
[2026-08-28T21:45] episodes: no-new
[2026-08-28T21:45] snapshot: not-due
[2026-08-28T21:45] submit: held (SUBMIT_HOLD present)
[2026-08-28T22:00] episodes: no-new
[2026-08-28T22:00] snapshot: ok(10 rows)
[2026-08-28T22:00] submit: held (SUBMIT_HOLD present)
[2026-08-28T22:15] episodes: no-new
[2026-08-28T22:15] snapshot: not-due
[2026-08-28T22:15] submit: held (SUBMIT_HOLD present)
[2026-08-28T22:30] episodes: no-new
[2026-08-28T22:30] snapshot: not-due
[2026-08-28T22:30] submit: held (SUBMIT_HOLD present)
[2026-08-28T22:45] episodes: no-new
[2026-08-28T22:45] snapshot: not-due
[2026-08-28T22:45] submit: held (SUBMIT_HOLD present)
[2026-08-28T23:00] episodes: no-new
[2026-08-28T23:00] snapshot: not-due
[2026-08-28T23:00] submit: held (SUBMIT_HOLD present)
[2026-08-28T23:15] episodes: no-new
[2026-08-28T23:15] snapshot: not-due
[2026-08-28T23:15] submit: held (SUBMIT_HOLD present)
[2026-08-28T23:30] episodes: no-new
[2026-08-28T23:30] snapshot: not-due
[2026-08-28T23:30] submit: held (SUBMIT_HOLD present)
[2026-08-28T23:45] episodes: no-new
[2026-08-28T23:45] snapshot: not-due
[2026-08-28T23:45] submit: held (SUBMIT_HOLD present)
[2026-08-29T00:00] episodes: no-new
[2026-08-29T00:00] snapshot: not-due
[2026-08-29T00:00] submit: held (SUBMIT_HOLD present)
[2026-08-29T00:15] episodes: no-new
[2026-08-29T00:15] snapshot: not-due
[2026-08-29T00:15] submit: held (SUBMIT_HOLD present)
[2026-08-29T00:30] episodes: no-new
[2026-08-29T00:30] snapshot: not-due
[2026-08-29T00:30] submit: held (SUBMIT_HOLD present)
[2026-08-29T00:45] episodes: no-new
[2026-08-29T00:45] snapshot: not-due
[2026-08-29T00:45] submit: held (SUBMIT_HOLD present)
[2026-08-29T01:00] episodes: no-new
[2026-08-29T01:00] snapshot: not-due
[2026-08-29T01:00] submit: held (SUBMIT_HOLD present)
[2026-08-29T01:15] episodes: no-new
[2026-08-29T01:15] snapshot: not-due
[2026-08-29T01:15] submit: held (SUBMIT_HOLD present)
[2026-08-29T01:30] episodes: no-new
[2026-08-29T01:30] snapshot: not-due
[2026-08-29T01:30] submit: held (SUBMIT_HOLD present)
[2026-08-29T01:45] episodes: no-new
[2026-08-29T01:45] snapshot: not-due
[2026-08-29T01:45] submit: held (SUBMIT_HOLD present)
[2026-08-29T02:00] episodes: no-new
[2026-08-29T02:00] snapshot: ok(10 rows)
[2026-08-29T02:00] submit: held (SUBMIT_HOLD present)
[2026-08-29T02:15] episodes: no-new
[2026-08-29T02:15] snapshot: not-due
[2026-08-29T02:15] submit: held (SUBMIT_HOLD present)
[2026-08-29T02:30] episodes: no-new
[2026-08-29T02:30] snapshot: not-due
[2026-08-29T02:30] submit: held (SUBMIT_HOLD present)
[2026-08-29T02:45] episodes: no-new
[2026-08-29T02:45] snapshot: not-due
[2026-08-29T02:45] submit: held (SUBMIT_HOLD present)
[2026-08-29T03:00] episodes: no-new
[2026-08-29T03:00] snapshot: not-due
[2026-08-29T03:00] submit: held (SUBMIT_HOLD present)
[2026-08-29T03:15] episodes: no-new
[2026-08-29T03:15] snapshot: not-due
[2026-08-29T03:15] submit: held (SUBMIT_HOLD present)
[2026-08-29T03:30] episodes: no-new
[2026-08-29T03:30] snapshot: not-due
[2026-08-29T03:30] submit: held (SUBMIT_HOLD present)
[2026-08-29T03:45] episodes: no-new
[2026-08-29T03:45] snapshot: not-due
[2026-08-29T03:45] submit: held (SUBMIT_HOLD present)
[2026-08-29T04:00] episodes: no-new
[2026-08-29T04:00] snapshot: not-due
[2026-08-29T04:00] submit: held (SUBMIT_HOLD present)
[2026-08-29T04:15] episodes: no-new
[2026-08-29T04:15] snapshot: not-due
[2026-08-29T04:15] submit: held (SUBMIT_HOLD present)
[2026-08-29T04:30] episodes: no-new
[2026-08-29T04:30] snapshot: not-due
[2026-08-29T04:30] submit: held (SUBMIT_HOLD present)
[2026-08-29T04:45] episodes: no-new
[2026-08-29T04:45] snapshot: not-due
[2026-08-29T04:45] submit: held (SUBMIT_HOLD present)
[2026-08-29T05:00] episodes: no-new
[2026-08-29T05:00] snapshot: not-due
[2026-08-29T05:00] submit: held (SUBMIT_HOLD present)
[2026-08-29T05:15] episodes: no-new
[2026-08-29T05:15] snapshot: not-due
[2026-08-29T05:15] submit: held (SUBMIT_HOLD present)
[2026-08-29T05:30] episodes: no-new
[2026-08-29T05:30] snapshot: not-due
[2026-08-29T05:30] submit: held (SUBMIT_HOLD present)
[2026-08-29T05:45] episodes: no-new
[2026-08-29T05:45] snapshot: not-due
[2026-08-29T05:45] submit: held (SUBMIT_HOLD present)
[2026-08-29T06:00] episodes: no-new
[2026-08-29T06:00] snapshot: ok(10 rows)
[2026-08-29T06:00] submit: held (SUBMIT_HOLD present)
[2026-08-29T06:15] episodes: no-new
[2026-08-29T06:15] snapshot: not-due
[2026-08-29T06:15] submit: held (SUBMIT_HOLD present)
[2026-08-29T06:30] episodes: no-new
[2026-08-29T06:30] snapshot: not-due
[2026-08-29T06:30] submit: held (SUBMIT_HOLD present)
[2026-08-29T06:45] episodes: no-new
[2026-08-29T06:45] snapshot: not-due
[2026-08-29T06:45] submit: held (SUBMIT_HOLD present)
[2026-08-29T07:00] episodes: no-new
[2026-08-29T07:00] snapshot: not-due
[2026-08-29T07:00] submit: held (SUBMIT_HOLD present)
[2026-08-29T07:15] episodes: no-new
[2026-08-29T07:15] snapshot: not-due
[2026-08-29T07:15] submit: held (SUBMIT_HOLD present)
[2026-08-29T07:30] episodes: no-new
[2026-08-29T07:30] snapshot: not-due
[2026-08-29T07:30] submit: held (SUBMIT_HOLD present)
[2026-08-29T07:45] episodes: no-new
[2026-08-29T07:45] snapshot: not-due
[2026-08-29T07:45] submit: held (SUBMIT_HOLD present)
[2026-08-29T08:00] episodes: no-new
[2026-08-29T08:00] snapshot: not-due
[2026-08-29T08:00] submit: held (SUBMIT_HOLD present)
[2026-08-29T08:15] episodes: no-new
[2026-08-29T08:15] snapshot: not-due
[2026-08-29T08:15] submit: held (SUBMIT_HOLD present)
[2026-08-29T08:30] episodes: no-new
[2026-08-29T08:30] snapshot: not-due
[2026-08-29T08:30] submit: held (SUBMIT_HOLD present)
[2026-08-29T08:45] episodes: no-new
[2026-08-29T08:45] snapshot: not-due
[2026-08-29T08:45] submit: held (SUBMIT_HOLD present)
[2026-08-29T09:00] episodes: no-new
[2026-08-29T09:00] snapshot: not-due
[2026-08-29T09:00] submit: held (SUBMIT_HOLD present)
[2026-08-29T09:15] episodes: no-new
[2026-08-29T09:15] snapshot: not-due
[2026-08-29T09:15] submit: held (SUBMIT_HOLD present)
[2026-08-29T09:30] episodes: no-new
[2026-08-29T09:30] snapshot: not-due
[2026-08-29T09:30] submit: held (SUBMIT_HOLD present)
[2026-08-29T09:45] episodes: no-new
[2026-08-29T09:45] snapshot: not-due
[2026-08-29T09:45] submit: held (SUBMIT_HOLD present)
[2026-08-29T10:00] episodes: no-new
[2026-08-29T10:00] snapshot: ok(10 rows)
[2026-08-29T10:00] submit: held (SUBMIT_HOLD present)
[2026-08-29T10:15] episodes: no-new
[2026-08-29T10:15] snapshot: not-due
[2026-08-29T10:15] submit: held (SUBMIT_HOLD present)
[2026-08-29T10:30] episodes: no-new
[2026-08-29T10:30] snapshot: not-due
[2026-08-29T10:30] submit: held (SUBMIT_HOLD present)
[2026-08-29T10:45] episodes: no-new
[2026-08-29T10:45] snapshot: not-due
[2026-08-29T10:45] submit: held (SUBMIT_HOLD present)
[2026-08-29T11:00] episodes: no-new
[2026-08-29T11:00] snapshot: not-due
[2026-08-29T11:00] submit: held (SUBMIT_HOLD present)
[2026-08-29T11:15] episodes: no-new
[2026-08-29T11:15] snapshot: not-due
[2026-08-29T11:15] submit: held (SUBMIT_HOLD present)
[2026-08-29T11:30] episodes: no-new
[2026-08-29T11:30] snapshot: not-due
[2026-08-29T11:30] submit: held (SUBMIT_HOLD present)
[2026-08-29T11:45] episodes: no-new
[2026-08-29T11:45] snapshot: not-due
[2026-08-29T11:45] submit: held (SUBMIT_HOLD present)
[2026-08-29T12:00] episodes: no-new
[2026-08-29T12:00] snapshot: not-due
[2026-08-29T12:00] submit: held (SUBMIT_HOLD present)
[2026-08-29T12:15] episodes: no-new
[2026-08-29T12:15] snapshot: not-due
[2026-08-29T12:15] submit: held (SUBMIT_HOLD present)
[2026-08-29T12:30] episodes: no-new
[2026-08-29T12:30] snapshot: not-due
[2026-08-29T12:30] submit: held (SUBMIT_HOLD present)
[2026-08-29T12:45] episodes: no-new
[2026-08-29T12:45] snapshot: not-due
[2026-08-29T12:45] submit: held (SUBMIT_HOLD present)
[2026-08-29T13:00] episodes: no-new
[2026-08-29T13:00] snapshot: not-due
[2026-08-29T13:00] submit: held (SUBMIT_HOLD present)
[2026-08-29T13:15] episodes: no-new
[2026-08-29T13:15] snapshot: not-due
[2026-08-29T13:15] submit: held (SUBMIT_HOLD present)
[2026-08-29T13:30] episodes: no-new
[2026-08-29T13:30] snapshot: not-due
[2026-08-29T13:30] submit: held (SUBMIT_HOLD present)
[2026-08-29T13:45] episodes: no-new
[2026-08-29T13:45] snapshot: not-due
[2026-08-29T13:45] submit: held (SUBMIT_HOLD present)
[2026-08-29T14:00] episodes: no-new
[2026-08-29T14:00] snapshot: not-due
[2026-08-29T14:00] submit: held (SUBMIT_HOLD present)
[2026-08-29T14:15] episodes: error:RuntimeError('kaggle CLI failed (1): 404 Client Error: Not Found for url: https://api.kaggle.com/v1/datasets.DatasetApiService/DownloadDataset')
[2026-08-29T14:15] snapshot: ok(10 rows)
[2026-08-29T14:15] submit: held (SUBMIT_HOLD present)
[2026-08-29T14:32] episodes: harvested:2026-08-29
[2026-08-29T14:32] snapshot: not-due
[2026-08-29T14:32] submit: held (SUBMIT_HOLD present)
[2026-08-29T14:45] episodes: no-new
[2026-08-29T14:45] snapshot: not-due
[2026-08-29T14:45] submit: held (SUBMIT_HOLD present)
[2026-08-29T15:00] episodes: no-new
[2026-08-29T15:00] snapshot: not-due
[2026-08-29T15:00] submit: held (SUBMIT_HOLD present)
[2026-08-29T15:15] episodes: no-new
[2026-08-29T15:15] snapshot: not-due
[2026-08-29T15:15] submit: held (SUBMIT_HOLD present)
[2026-08-29T15:30] episodes: no-new
[2026-08-29T15:30] snapshot: not-due
[2026-08-29T15:30] submit: held (SUBMIT_HOLD present)
[2026-08-29T15:45] episodes: no-new
[2026-08-29T15:45] snapshot: not-due
[2026-08-29T15:45] submit: held (SUBMIT_HOLD present)
[2026-08-29T16:00] episodes: no-new
[2026-08-29T16:00] snapshot: not-due
[2026-08-29T16:00] submit: held (SUBMIT_HOLD present)
[2026-08-29T16:15] episodes: no-new
[2026-08-29T16:15] snapshot: not-due
[2026-08-29T16:15] submit: held (SUBMIT_HOLD present)
[2026-08-29T16:30] episodes: no-new
[2026-08-29T16:30] snapshot: not-due
[2026-08-29T16:30] submit: held (SUBMIT_HOLD present)
[2026-08-29T16:45] episodes: no-new
[2026-08-29T16:45] snapshot: not-due
[2026-08-29T16:45] submit: held (SUBMIT_HOLD present)
[2026-08-29T17:00] episodes: no-new
[2026-08-29T17:00] snapshot: not-due
[2026-08-29T17:00] submit: held (SUBMIT_HOLD present)
[2026-08-29T17:15] episodes: no-new
[2026-08-29T17:15] snapshot: not-due
[2026-08-29T17:15] submit: held (SUBMIT_HOLD present)
[2026-08-29T17:30] episodes: no-new
[2026-08-29T17:30] snapshot: not-due
[2026-08-29T17:30] submit: held (SUBMIT_HOLD present)
[2026-08-29T17:45] episodes: no-new
[2026-08-29T17:45] snapshot: not-due
[2026-08-29T17:45] submit: held (SUBMIT_HOLD present)
[2026-08-29T18:00] episodes: no-new
[2026-08-29T18:00] snapshot: not-due
[2026-08-29T18:00] submit: held (SUBMIT_HOLD present)
[2026-08-29T18:15] episodes: no-new
[2026-08-29T18:15] snapshot: not-due
[2026-08-29T18:15] submit: held (SUBMIT_HOLD present)
[2026-08-29T18:30] episodes: no-new
[2026-08-29T18:30] snapshot: ok(10 rows)
[2026-08-29T18:30] submit: held (SUBMIT_HOLD present)
[2026-08-29T18:45] episodes: no-new
[2026-08-29T18:45] snapshot: not-due
[2026-08-29T18:45] submit: held (SUBMIT_HOLD present)
[2026-08-29T19:00] episodes: no-new
[2026-08-29T19:00] snapshot: not-due
[2026-08-29T19:00] submit: held (SUBMIT_HOLD present)
[2026-08-29T19:15] episodes: no-new
[2026-08-29T19:15] snapshot: not-due
[2026-08-29T19:15] submit: held (SUBMIT_HOLD present)
[2026-08-29T19:30] episodes: no-new
[2026-08-29T19:30] snapshot: not-due
[2026-08-29T19:30] submit: held (SUBMIT_HOLD present)
[2026-08-29T19:45] episodes: no-new
[2026-08-29T19:45] snapshot: not-due
[2026-08-29T19:45] submit: held (SUBMIT_HOLD present)
[2026-08-29T20:00] episodes: no-new
[2026-08-29T20:00] snapshot: not-due
[2026-08-29T20:00] submit: held (SUBMIT_HOLD present)
[2026-08-29T20:15] episodes: no-new
[2026-08-29T20:15] snapshot: not-due
[2026-08-29T20:15] submit: held (SUBMIT_HOLD present)
[2026-08-29T20:30] episodes: no-new
[2026-08-29T20:30] snapshot: not-due
[2026-08-29T20:30] submit: held (SUBMIT_HOLD present)
[2026-08-29T20:45] episodes: no-new
[2026-08-29T20:45] snapshot: not-due
[2026-08-29T20:45] submit: held (SUBMIT_HOLD present)
[2026-08-29T21:00] episodes: no-new
[2026-08-29T21:00] snapshot: not-due
[2026-08-29T21:00] submit: held (SUBMIT_HOLD present)
[2026-08-29T21:15] episodes: no-new
[2026-08-29T21:15] snapshot: not-due
[2026-08-29T21:15] submit: held (SUBMIT_HOLD present)
[2026-08-29T21:30] episodes: no-new
[2026-08-29T21:30] snapshot: not-due
[2026-08-29T21:30] submit: held (SUBMIT_HOLD present)
[2026-08-29T21:45] episodes: no-new
[2026-08-29T21:45] snapshot: not-due
[2026-08-29T21:45] submit: held (SUBMIT_HOLD present)
[2026-08-29T22:00] episodes: no-new
[2026-08-29T22:00] snapshot: not-due
[2026-08-29T22:00] submit: held (SUBMIT_HOLD present)
[2026-08-29T22:15] episodes: no-new
[2026-08-29T22:15] snapshot: not-due
[2026-08-29T22:15] submit: held (SUBMIT_HOLD present)
[2026-08-29T22:30] episodes: no-new
[2026-08-29T22:30] snapshot: not-due
[2026-08-29T22:30] submit: held (SUBMIT_HOLD present)
[2026-08-29T22:45] episodes: no-new
[2026-08-29T22:45] snapshot: ok(10 rows)
[2026-08-29T22:45] submit: held (SUBMIT_HOLD present)
[2026-08-29T23:00] episodes: no-new
[2026-08-29T23:00] snapshot: not-due
[2026-08-29T23:00] submit: held (SUBMIT_HOLD present)
[2026-08-29T23:15] episodes: no-new
[2026-08-29T23:15] snapshot: not-due
[2026-08-29T23:15] submit: held (SUBMIT_HOLD present)
[2026-08-29T23:30] episodes: no-new
[2026-08-29T23:30] snapshot: not-due
[2026-08-29T23:30] submit: held (SUBMIT_HOLD present)
[2026-08-29T23:45] episodes: no-new
[2026-08-29T23:45] snapshot: not-due
[2026-08-29T23:45] submit: held (SUBMIT_HOLD present)
[2026-08-30T00:00] episodes: no-new
[2026-08-30T00:00] snapshot: not-due
[2026-08-30T00:00] submit: held (SUBMIT_HOLD present)
[2026-08-30T00:15] episodes: no-new
[2026-08-30T00:15] snapshot: not-due
[2026-08-30T00:15] submit: held (SUBMIT_HOLD present)
[2026-08-30T00:30] episodes: no-new
[2026-08-30T00:30] snapshot: not-due
[2026-08-30T00:30] submit: held (SUBMIT_HOLD present)
[2026-08-30T00:45] episodes: no-new
[2026-08-30T00:45] snapshot: not-due
[2026-08-30T00:45] submit: held (SUBMIT_HOLD present)
[2026-08-30T01:00] episodes: no-new
[2026-08-30T01:00] snapshot: not-due
[2026-08-30T01:00] submit: held (SUBMIT_HOLD present)
[2026-08-30T01:15] episodes: no-new
[2026-08-30T01:15] snapshot: not-due
[2026-08-30T01:15] submit: held (SUBMIT_HOLD present)
[2026-08-30T01:30] episodes: no-new
[2026-08-30T01:30] snapshot: not-due
[2026-08-30T01:30] submit: held (SUBMIT_HOLD present)
[2026-08-30T01:45] episodes: no-new
[2026-08-30T01:45] snapshot: not-due
[2026-08-30T01:45] submit: held (SUBMIT_HOLD present)
[2026-08-30T02:00] episodes: no-new
[2026-08-30T02:00] snapshot: not-due
[2026-08-30T02:00] submit: held (SUBMIT_HOLD present)
[2026-08-30T02:15] episodes: no-new
[2026-08-30T02:15] snapshot: not-due
[2026-08-30T02:15] submit: held (SUBMIT_HOLD present)
[2026-08-30T02:30] episodes: no-new
[2026-08-30T02:30] snapshot: not-due
[2026-08-30T02:30] submit: held (SUBMIT_HOLD present)
[2026-08-30T02:45] episodes: no-new
[2026-08-30T02:45] snapshot: ok(10 rows)
[2026-08-30T02:45] submit: held (SUBMIT_HOLD present)
[2026-08-30T03:00] episodes: no-new
[2026-08-30T03:00] snapshot: not-due
[2026-08-30T03:00] submit: held (SUBMIT_HOLD present)
[2026-08-30T03:15] episodes: no-new
[2026-08-30T03:15] snapshot: not-due
[2026-08-30T03:15] submit: held (SUBMIT_HOLD present)
[2026-08-30T03:30] episodes: no-new
[2026-08-30T03:30] snapshot: not-due
[2026-08-30T03:30] submit: held (SUBMIT_HOLD present)
[2026-08-30T03:45] episodes: no-new
[2026-08-30T03:45] snapshot: not-due
[2026-08-30T03:45] submit: held (SUBMIT_HOLD present)
[2026-08-30T04:00] episodes: no-new
[2026-08-30T04:00] snapshot: not-due
[2026-08-30T04:00] submit: held (SUBMIT_HOLD present)
[2026-08-30T04:15] episodes: no-new
[2026-08-30T04:15] snapshot: not-due
[2026-08-30T04:15] submit: held (SUBMIT_HOLD present)
[2026-08-30T04:30] episodes: no-new
[2026-08-30T04:30] snapshot: not-due
[2026-08-30T04:30] submit: held (SUBMIT_HOLD present)
[2026-08-30T04:45] episodes: no-new
[2026-08-30T04:45] snapshot: not-due
[2026-08-30T04:45] submit: held (SUBMIT_HOLD present)
[2026-08-30T05:00] episodes: no-new
[2026-08-30T05:00] snapshot: not-due
[2026-08-30T05:00] submit: held (SUBMIT_HOLD present)
[2026-08-30T05:15] episodes: no-new
[2026-08-30T05:15] snapshot: not-due
[2026-08-30T05:15] submit: held (SUBMIT_HOLD present)
[2026-08-30T05:30] episodes: no-new
[2026-08-30T05:30] snapshot: not-due
[2026-08-30T05:30] submit: held (SUBMIT_HOLD present)
[2026-08-30T05:45] episodes: no-new
[2026-08-30T05:45] snapshot: not-due
[2026-08-30T05:45] submit: held (SUBMIT_HOLD present)
[2026-08-30T06:00] episodes: no-new
[2026-08-30T06:00] snapshot: not-due
[2026-08-30T06:00] submit: held (SUBMIT_HOLD present)
[2026-08-30T06:15] episodes: no-new
[2026-08-30T06:15] snapshot: not-due
[2026-08-30T06:15] submit: held (SUBMIT_HOLD present)
[2026-08-30T06:30] episodes: no-new
[2026-08-30T06:30] snapshot: not-due
[2026-08-30T06:30] submit: held (SUBMIT_HOLD present)
[2026-08-30T06:45] episodes: no-new
[2026-08-30T06:45] snapshot: ok(10 rows)
[2026-08-30T06:45] submit: held (SUBMIT_HOLD present)
[2026-08-30T07:00] episodes: no-new
[2026-08-30T07:00] snapshot: not-due
[2026-08-30T07:00] submit: held (SUBMIT_HOLD present)
[2026-08-30T07:15] episodes: no-new
[2026-08-30T07:15] snapshot: not-due
[2026-08-30T07:15] submit: held (SUBMIT_HOLD present)
[2026-08-30T07:30] episodes: no-new
[2026-08-30T07:30] snapshot: not-due
[2026-08-30T07:30] submit: held (SUBMIT_HOLD present)
[2026-08-30T07:45] episodes: no-new
[2026-08-30T07:45] snapshot: not-due
[2026-08-30T07:45] submit: held (SUBMIT_HOLD present)
[2026-08-30T08:00] episodes: no-new
[2026-08-30T08:00] snapshot: not-due
[2026-08-30T08:00] submit: held (SUBMIT_HOLD present)
[2026-08-30T08:15] episodes: no-new
[2026-08-30T08:15] snapshot: not-due
[2026-08-30T08:15] submit: held (SUBMIT_HOLD present)
[2026-08-30T08:30] episodes: no-new
[2026-08-30T08:30] snapshot: not-due
[2026-08-30T08:30] submit: held (SUBMIT_HOLD present)
[2026-08-30T08:45] episodes: no-new
[2026-08-30T08:45] snapshot: not-due
[2026-08-30T08:45] submit: held (SUBMIT_HOLD present)
[2026-08-30T09:00] episodes: no-new
[2026-08-30T09:00] snapshot: not-due
[2026-08-30T09:00] submit: held (SUBMIT_HOLD present)
[2026-08-30T09:15] episodes: no-new
[2026-08-30T09:15] snapshot: not-due
[2026-08-30T09:15] submit: held (SUBMIT_HOLD present)
[2026-08-30T09:30] episodes: no-new
[2026-08-30T09:30] snapshot: not-due
[2026-08-30T09:30] submit: held (SUBMIT_HOLD present)
[2026-08-30T09:45] episodes: no-new
[2026-08-30T09:45] snapshot: not-due
[2026-08-30T09:45] submit: held (SUBMIT_HOLD present)
[2026-08-30T10:00] episodes: no-new
[2026-08-30T10:00] snapshot: not-due
[2026-08-30T10:00] submit: held (SUBMIT_HOLD present)
[2026-08-30T10:15] episodes: no-new
[2026-08-30T10:15] snapshot: not-due
[2026-08-30T10:15] submit: held (SUBMIT_HOLD present)
[2026-08-30T10:30] episodes: no-new
[2026-08-30T10:30] snapshot: not-due
[2026-08-30T10:30] submit: held (SUBMIT_HOLD present)
[2026-08-30T10:45] episodes: no-new
[2026-08-30T10:45] snapshot: ok(10 rows)
[2026-08-30T10:45] submit: held (SUBMIT_HOLD present)
[2026-08-30T11:00] episodes: no-new
[2026-08-30T11:00] snapshot: not-due
[2026-08-30T11:00] submit: held (SUBMIT_HOLD present)
[2026-08-30T11:15] episodes: no-new
[2026-08-30T11:15] snapshot: not-due
[2026-08-30T11:15] submit: held (SUBMIT_HOLD present)
[2026-08-30T11:30] episodes: no-new
[2026-08-30T11:30] snapshot: not-due
[2026-08-30T11:30] submit: held (SUBMIT_HOLD present)
[2026-08-30T11:45] episodes: no-new
[2026-08-30T11:45] snapshot: not-due
[2026-08-30T11:45] submit: held (SUBMIT_HOLD present)
[2026-08-30T12:00] episodes: no-new
[2026-08-30T12:00] snapshot: not-due
[2026-08-30T12:00] submit: held (SUBMIT_HOLD present)
[2026-08-30T12:15] episodes: no-new
[2026-08-30T12:15] snapshot: not-due
[2026-08-30T12:15] submit: held (SUBMIT_HOLD present)
[2026-08-30T12:30] episodes: no-new
[2026-08-30T12:30] snapshot: not-due
[2026-08-30T12:30] submit: held (SUBMIT_HOLD present)
[2026-08-30T12:45] episodes: no-new
[2026-08-30T12:45] snapshot: not-due
[2026-08-30T12:45] submit: held (SUBMIT_HOLD present)
[2026-08-30T13:00] episodes: no-new
[2026-08-30T13:00] snapshot: not-due
[2026-08-30T13:00] submit: held (SUBMIT_HOLD present)
[2026-08-30T13:15] episodes: no-new
[2026-08-30T13:15] snapshot: not-due
[2026-08-30T13:15] submit: held (SUBMIT_HOLD present)
[2026-08-30T13:30] episodes: no-new
[2026-08-30T13:30] snapshot: not-due
[2026-08-30T13:30] submit: held (SUBMIT_HOLD present)
[2026-08-30T13:45] episodes: no-new
[2026-08-30T13:45] snapshot: not-due
[2026-08-30T13:45] submit: held (SUBMIT_HOLD present)
[2026-08-30T14:00] episodes: no-new
[2026-08-30T14:00] snapshot: not-due
[2026-08-30T14:00] submit: held (SUBMIT_HOLD present)
[2026-08-30T14:15] episodes: error:RuntimeError('kaggle CLI failed (1): 404 Client Error: Not Found for url: https://api.kaggle.com/v1/datasets.DatasetApiService/DownloadDataset')
[2026-08-30T14:15] snapshot: not-due
[2026-08-30T14:15] submit: held (SUBMIT_HOLD present)
[2026-08-30T14:32] episodes: harvested:2026-08-30
[2026-08-30T14:32] snapshot: not-due
[2026-08-30T14:32] submit: held (SUBMIT_HOLD present)
[2026-08-30T14:45] episodes: no-new
[2026-08-30T14:45] snapshot: ok(10 rows)
[2026-08-30T14:45] submit: held (SUBMIT_HOLD present)
[2026-08-30T15:00] episodes: no-new
[2026-08-30T15:00] snapshot: not-due
[2026-08-30T15:00] submit: held (SUBMIT_HOLD present)
[2026-08-30T15:15] episodes: no-new
[2026-08-30T15:15] snapshot: not-due
[2026-08-30T15:15] submit: held (SUBMIT_HOLD present)
[2026-08-30T15:30] episodes: no-new
[2026-08-30T15:30] snapshot: not-due
[2026-08-30T15:30] submit: held (SUBMIT_HOLD present)
[2026-08-30T15:45] episodes: no-new
[2026-08-30T15:45] snapshot: not-due
[2026-08-30T15:45] submit: held (SUBMIT_HOLD present)
[2026-08-30T16:00] episodes: no-new
[2026-08-30T16:00] snapshot: not-due
[2026-08-30T16:00] submit: held (SUBMIT_HOLD present)
[2026-08-30T16:15] episodes: no-new
[2026-08-30T16:15] snapshot: not-due
[2026-08-30T16:15] submit: held (SUBMIT_HOLD present)
[2026-08-30T16:30] episodes: no-new
[2026-08-30T16:30] snapshot: not-due
[2026-08-30T16:30] submit: held (SUBMIT_HOLD present)
[2026-08-30T16:45] episodes: no-new
[2026-08-30T16:45] snapshot: not-due
[2026-08-30T16:45] submit: held (SUBMIT_HOLD present)
[2026-08-30T17:00] episodes: no-new
[2026-08-30T17:00] snapshot: not-due
[2026-08-30T17:00] submit: held (SUBMIT_HOLD present)
[2026-08-30T17:15] episodes: no-new
[2026-08-30T17:15] snapshot: not-due
[2026-08-30T17:15] submit: held (SUBMIT_HOLD present)
[2026-08-30T17:30] episodes: no-new
[2026-08-30T17:30] snapshot: not-due
[2026-08-30T17:30] submit: held (SUBMIT_HOLD present)
[2026-08-30T17:45] episodes: no-new
[2026-08-30T17:45] snapshot: not-due
[2026-08-30T17:45] submit: held (SUBMIT_HOLD present)
[2026-08-30T18:00] episodes: no-new
[2026-08-30T18:00] snapshot: not-due
[2026-08-30T18:00] submit: held (SUBMIT_HOLD present)
[2026-08-30T18:15] episodes: no-new
[2026-08-30T18:15] snapshot: not-due
[2026-08-30T18:15] submit: held (SUBMIT_HOLD present)
[2026-08-30T18:30] episodes: no-new
[2026-08-30T18:30] snapshot: not-due
[2026-08-30T18:30] submit: held (SUBMIT_HOLD present)
[2026-08-30T18:45] episodes: no-new
[2026-08-30T18:45] snapshot: not-due
[2026-08-30T18:45] submit: held (SUBMIT_HOLD present)
[2026-08-30T19:01] episodes: no-new
[2026-08-30T19:01] snapshot: ok(10 rows)
[2026-08-30T19:01] submit: held (SUBMIT_HOLD present)
[2026-08-30T19:15] episodes: no-new
[2026-08-30T19:15] snapshot: not-due
[2026-08-30T19:15] submit: held (SUBMIT_HOLD present)
[2026-08-30T19:30] episodes: no-new
[2026-08-30T19:30] snapshot: not-due
[2026-08-30T19:30] submit: held (SUBMIT_HOLD present)
[2026-08-30T19:45] episodes: no-new
[2026-08-30T19:45] snapshot: not-due
[2026-08-30T19:45] submit: held (SUBMIT_HOLD present)
[2026-08-30T20:00] episodes: no-new
[2026-08-30T20:00] snapshot: not-due
[2026-08-30T20:00] submit: held (SUBMIT_HOLD present)
[2026-08-30T20:15] episodes: no-new
[2026-08-30T20:15] snapshot: not-due
[2026-08-30T20:15] submit: held (SUBMIT_HOLD present)
[2026-08-30T20:30] episodes: no-new
[2026-08-30T20:30] snapshot: not-due
[2026-08-30T20:30] submit: held (SUBMIT_HOLD present)
[2026-08-30T20:45] episodes: no-new
[2026-08-30T20:45] snapshot: not-due
[2026-08-30T20:45] submit: held (SUBMIT_HOLD present)
[2026-08-30T21:00] episodes: no-new
[2026-08-30T21:00] snapshot: not-due
[2026-08-30T21:00] submit: held (SUBMIT_HOLD present)
[2026-08-30T21:15] episodes: no-new
[2026-08-30T21:15] snapshot: not-due
[2026-08-30T21:15] submit: held (SUBMIT_HOLD present)
[2026-08-30T21:30] episodes: no-new
[2026-08-30T21:30] snapshot: not-due
[2026-08-30T21:30] submit: held (SUBMIT_HOLD present)
[2026-08-30T21:45] episodes: no-new
[2026-08-30T21:45] snapshot: not-due
[2026-08-30T21:45] submit: held (SUBMIT_HOLD present)
[2026-08-30T22:00] episodes: no-new
[2026-08-30T22:00] snapshot: not-due
[2026-08-30T22:00] submit: held (SUBMIT_HOLD present)
[2026-08-30T22:15] episodes: no-new
[2026-08-30T22:15] snapshot: not-due
[2026-08-30T22:15] submit: held (SUBMIT_HOLD present)
[2026-08-30T22:30] episodes: no-new
[2026-08-30T22:30] snapshot: not-due
[2026-08-30T22:30] submit: held (SUBMIT_HOLD present)
[2026-08-30T22:45] episodes: no-new
[2026-08-30T22:45] snapshot: not-due
[2026-08-30T22:45] submit: held (SUBMIT_HOLD present)
[2026-08-30T23:00] episodes: no-new
[2026-08-30T23:00] snapshot: not-due
[2026-08-30T23:00] submit: held (SUBMIT_HOLD present)
[2026-08-30T23:15] episodes: no-new
[2026-08-30T23:15] snapshot: ok(10 rows)
[2026-08-30T23:15] submit: held (SUBMIT_HOLD present)
[2026-08-30T23:30] episodes: no-new
[2026-08-30T23:30] snapshot: not-due
[2026-08-30T23:30] submit: held (SUBMIT_HOLD present)
[2026-08-30T23:45] episodes: no-new
[2026-08-30T23:45] snapshot: not-due
[2026-08-30T23:45] submit: held (SUBMIT_HOLD present)
[2026-08-31T00:00] episodes: no-new
[2026-08-31T00:00] snapshot: not-due
[2026-08-31T00:00] submit: held (SUBMIT_HOLD present)
[2026-08-31T00:15] episodes: no-new
[2026-08-31T00:15] snapshot: not-due
[2026-08-31T00:15] submit: held (SUBMIT_HOLD present)
[2026-08-31T00:30] episodes: no-new
[2026-08-31T00:30] snapshot: not-due
[2026-08-31T00:30] submit: held (SUBMIT_HOLD present)
[2026-08-31T00:45] episodes: no-new
[2026-08-31T00:45] snapshot: not-due
[2026-08-31T00:45] submit: held (SUBMIT_HOLD present)
[2026-08-31T01:00] episodes: no-new
[2026-08-31T01:00] snapshot: not-due
[2026-08-31T01:00] submit: held (SUBMIT_HOLD present)
[2026-08-31T01:15] episodes: no-new
[2026-08-31T01:15] snapshot: not-due
[2026-08-31T01:15] submit: held (SUBMIT_HOLD present)
[2026-08-31T01:30] episodes: no-new
[2026-08-31T01:30] snapshot: not-due
[2026-08-31T01:30] submit: held (SUBMIT_HOLD present)
[2026-08-31T01:45] episodes: no-new
[2026-08-31T01:45] snapshot: not-due
[2026-08-31T01:45] submit: held (SUBMIT_HOLD present)
[2026-08-31T02:00] episodes: no-new
[2026-08-31T02:00] snapshot: not-due
[2026-08-31T02:00] submit: held (SUBMIT_HOLD present)
[2026-08-31T02:15] episodes: no-new
[2026-08-31T02:15] snapshot: not-due
[2026-08-31T02:15] submit: held (SUBMIT_HOLD present)
[2026-08-31T02:30] episodes: no-new
[2026-08-31T02:30] snapshot: not-due
[2026-08-31T02:30] submit: held (SUBMIT_HOLD present)
[2026-08-31T02:45] episodes: no-new
[2026-08-31T02:45] snapshot: not-due
[2026-08-31T02:45] submit: held (SUBMIT_HOLD present)
[2026-08-31T03:00] episodes: no-new
[2026-08-31T03:00] snapshot: not-due
[2026-08-31T03:00] submit: held (SUBMIT_HOLD present)
[2026-08-31T03:15] episodes: no-new
[2026-08-31T03:15] snapshot: not-due
[2026-08-31T03:15] submit: held (SUBMIT_HOLD present)
[2026-08-31T03:30] episodes: no-new
[2026-08-31T03:30] snapshot: ok(10 rows)
[2026-08-31T03:30] submit: held (SUBMIT_HOLD present)
[2026-08-31T03:45] episodes: no-new
[2026-08-31T03:45] snapshot: not-due
[2026-08-31T03:45] submit: held (SUBMIT_HOLD present)
[2026-08-31T04:00] episodes: no-new
[2026-08-31T04:00] snapshot: not-due
[2026-08-31T04:00] submit: held (SUBMIT_HOLD present)
[2026-08-31T04:15] episodes: no-new
[2026-08-31T04:15] snapshot: not-due
[2026-08-31T04:15] submit: held (SUBMIT_HOLD present)
[2026-08-31T04:30] episodes: no-new
[2026-08-31T04:30] snapshot: not-due
[2026-08-31T04:30] submit: held (SUBMIT_HOLD present)
[2026-08-31T04:45] episodes: no-new
[2026-08-31T04:45] snapshot: not-due
[2026-08-31T04:45] submit: held (SUBMIT_HOLD present)
[2026-08-31T05:00] episodes: no-new
[2026-08-31T05:00] snapshot: not-due
[2026-08-31T05:00] submit: held (SUBMIT_HOLD present)
[2026-08-31T05:15] episodes: no-new
[2026-08-31T05:15] snapshot: not-due
[2026-08-31T05:15] submit: held (SUBMIT_HOLD present)
[2026-08-31T05:30] episodes: no-new
[2026-08-31T05:30] snapshot: not-due
[2026-08-31T05:30] submit: held (SUBMIT_HOLD present)
[2026-08-31T05:45] episodes: no-new
[2026-08-31T05:45] snapshot: not-due
[2026-08-31T05:45] submit: held (SUBMIT_HOLD present)
[2026-08-31T06:00] episodes: no-new
[2026-08-31T06:00] snapshot: not-due
[2026-08-31T06:00] submit: held (SUBMIT_HOLD present)
[2026-08-31T06:15] episodes: no-new
[2026-08-31T06:15] snapshot: not-due
[2026-08-31T06:15] submit: held (SUBMIT_HOLD present)
[2026-08-31T06:30] episodes: no-new
[2026-08-31T06:30] snapshot: not-due
[2026-08-31T06:30] submit: held (SUBMIT_HOLD present)
[2026-08-31T06:45] episodes: no-new
[2026-08-31T06:45] snapshot: not-due
[2026-08-31T06:45] submit: held (SUBMIT_HOLD present)
[2026-08-31T07:00] episodes: no-new
[2026-08-31T07:00] snapshot: not-due
[2026-08-31T07:00] submit: held (SUBMIT_HOLD present)
[2026-08-31T07:15] episodes: no-new
[2026-08-31T07:15] snapshot: not-due
[2026-08-31T07:15] submit: held (SUBMIT_HOLD present)
[2026-08-31T07:30] episodes: no-new
[2026-08-31T07:30] snapshot: not-due
[2026-08-31T07:30] submit: held (SUBMIT_HOLD present)
[2026-08-31T07:45] episodes: no-new
[2026-08-31T07:45] snapshot: ok(10 rows)
[2026-08-31T07:45] submit: held (SUBMIT_HOLD present)
[2026-08-31T08:00] episodes: no-new
[2026-08-31T08:00] snapshot: not-due
[2026-08-31T08:00] submit: held (SUBMIT_HOLD present)
[2026-08-31T08:15] episodes: no-new
[2026-08-31T08:15] snapshot: not-due
[2026-08-31T08:15] submit: held (SUBMIT_HOLD present)
[2026-08-31T08:30] episodes: no-new
[2026-08-31T08:30] snapshot: not-due
[2026-08-31T08:30] submit: held (SUBMIT_HOLD present)
[2026-08-31T08:45] episodes: no-new
[2026-08-31T08:45] snapshot: not-due
[2026-08-31T08:45] submit: held (SUBMIT_HOLD present)
[2026-08-31T09:00] episodes: no-new
[2026-08-31T09:00] snapshot: not-due
[2026-08-31T09:00] submit: held (SUBMIT_HOLD present)
[2026-08-31T09:15] episodes: no-new
[2026-08-31T09:15] snapshot: not-due
[2026-08-31T09:15] submit: held (SUBMIT_HOLD present)
[2026-08-31T09:30] episodes: no-new
[2026-08-31T09:30] snapshot: not-due
[2026-08-31T09:30] submit: held (SUBMIT_HOLD present)
[2026-08-31T09:45] episodes: no-new
[2026-08-31T09:45] snapshot: not-due
[2026-08-31T09:45] submit: held (SUBMIT_HOLD present)
[2026-08-31T10:00] episodes: no-new
[2026-08-31T10:00] snapshot: not-due
[2026-08-31T10:00] submit: held (SUBMIT_HOLD present)
[2026-08-31T10:15] episodes: no-new
[2026-08-31T10:15] snapshot: not-due
[2026-08-31T10:15] submit: held (SUBMIT_HOLD present)
[2026-08-31T10:30] episodes: no-new
[2026-08-31T10:30] snapshot: not-due
[2026-08-31T10:30] submit: held (SUBMIT_HOLD present)
[2026-08-31T10:45] episodes: no-new
[2026-08-31T10:45] snapshot: not-due
[2026-08-31T10:45] submit: held (SUBMIT_HOLD present)
[2026-08-31T11:00] episodes: no-new
[2026-08-31T11:00] snapshot: not-due
[2026-08-31T11:00] submit: held (SUBMIT_HOLD present)
[2026-08-31T11:15] episodes: no-new
[2026-08-31T11:15] snapshot: not-due
[2026-08-31T11:15] submit: held (SUBMIT_HOLD present)
[2026-08-31T11:30] episodes: no-new
[2026-08-31T11:30] snapshot: not-due
[2026-08-31T11:30] submit: held (SUBMIT_HOLD present)
[2026-08-31T11:45] episodes: no-new
[2026-08-31T11:45] snapshot: ok(10 rows)
[2026-08-31T11:45] submit: held (SUBMIT_HOLD present)
[2026-08-31T12:00] episodes: no-new
[2026-08-31T12:00] snapshot: not-due
[2026-08-31T12:00] submit: held (SUBMIT_HOLD present)
[2026-08-31T12:15] episodes: no-new
[2026-08-31T12:15] snapshot: not-due
[2026-08-31T12:15] submit: held (SUBMIT_HOLD present)
[2026-08-31T12:30] episodes: no-new
[2026-08-31T12:30] snapshot: not-due
[2026-08-31T12:30] submit: held (SUBMIT_HOLD present)
[2026-08-31T12:45] episodes: no-new
[2026-08-31T12:45] snapshot: not-due
[2026-08-31T12:45] submit: held (SUBMIT_HOLD present)
[2026-08-31T13:00] episodes: no-new
[2026-08-31T13:00] snapshot: not-due
[2026-08-31T13:00] submit: held (SUBMIT_HOLD present)
[2026-08-31T13:15] episodes: no-new
[2026-08-31T13:15] snapshot: not-due
[2026-08-31T13:15] submit: held (SUBMIT_HOLD present)
[2026-08-31T13:33] episodes: no-new
[2026-08-31T13:33] snapshot: not-due
[2026-08-31T13:33] submit: held (SUBMIT_HOLD present)
[2026-08-31T13:45] episodes: no-new
[2026-08-31T13:45] snapshot: not-due
[2026-08-31T13:45] submit: held (SUBMIT_HOLD present)
[2026-08-31T14:00] episodes: no-new
[2026-08-31T14:00] snapshot: not-due
[2026-08-31T14:00] submit: held (SUBMIT_HOLD present)
[2026-08-31T14:15] episodes: no-new
[2026-08-31T14:15] snapshot: not-due
[2026-08-31T14:15] submit: held (SUBMIT_HOLD present)
[2026-08-31T14:30] episodes: no-new
[2026-08-31T14:30] snapshot: not-due
[2026-08-31T14:30] submit: held (SUBMIT_HOLD present)
[2026-08-31T14:45] episodes: no-new
[2026-08-31T14:45] snapshot: not-due
[2026-08-31T14:45] submit: held (SUBMIT_HOLD present)
[2026-08-31T15:00] episodes: no-new
[2026-08-31T15:00] snapshot: not-due
[2026-08-31T15:00] submit: held (SUBMIT_HOLD present)
[2026-08-31T15:15] episodes: no-new
[2026-08-31T15:15] snapshot: not-due
[2026-08-31T15:15] submit: held (SUBMIT_HOLD present)
[2026-08-31T15:30] episodes: no-new
[2026-08-31T15:30] snapshot: not-due
[2026-08-31T15:30] submit: held (SUBMIT_HOLD present)
[2026-08-31T15:45] episodes: no-new
[2026-08-31T15:45] snapshot: ok(10 rows)
[2026-08-31T15:45] submit: held (SUBMIT_HOLD present)
[2026-08-31T16:00] episodes: no-new
[2026-08-31T16:00] snapshot: not-due
[2026-08-31T16:00] submit: held (SUBMIT_HOLD present)
[2026-08-31T16:15] episodes: no-new
[2026-08-31T16:15] snapshot: not-due
[2026-08-31T16:15] submit: held (SUBMIT_HOLD present)
[2026-08-31T16:30] episodes: no-new
[2026-08-31T16:30] snapshot: not-due
[2026-08-31T16:30] submit: held (SUBMIT_HOLD present)
[2026-08-31T16:45] episodes: no-new
[2026-08-31T16:45] snapshot: not-due
[2026-08-31T16:45] submit: held (SUBMIT_HOLD present)
[2026-08-31T17:00] episodes: no-new
[2026-08-31T17:00] snapshot: not-due
[2026-08-31T17:00] submit: held (SUBMIT_HOLD present)
[2026-08-31T17:15] episodes: no-new
[2026-08-31T17:15] snapshot: not-due
[2026-08-31T17:15] submit: held (SUBMIT_HOLD present)
[2026-08-31T17:30] episodes: no-new
[2026-08-31T17:30] snapshot: not-due
[2026-08-31T17:30] submit: held (SUBMIT_HOLD present)
[2026-08-31T17:45] episodes: no-new
[2026-08-31T17:45] snapshot: not-due
[2026-08-31T17:45] submit: held (SUBMIT_HOLD present)
[2026-08-31T18:00] episodes: no-new
[2026-08-31T18:00] snapshot: not-due
[2026-08-31T18:00] submit: held (SUBMIT_HOLD present)
[2026-08-31T18:15] episodes: no-new
[2026-08-31T18:15] snapshot: not-due
[2026-08-31T18:15] submit: held (SUBMIT_HOLD present)
[2026-08-31T18:30] episodes: no-new
[2026-08-31T18:30] snapshot: not-due
[2026-08-31T18:30] submit: held (SUBMIT_HOLD present)
[2026-08-31T18:45] episodes: no-new
[2026-08-31T18:45] snapshot: not-due
[2026-08-31T18:45] submit: held (SUBMIT_HOLD present)
[2026-08-31T19:00] episodes: no-new
[2026-08-31T19:00] snapshot: not-due
[2026-08-31T19:00] submit: held (SUBMIT_HOLD present)
[2026-08-31T19:15] episodes: no-new
[2026-08-31T19:15] snapshot: not-due
[2026-08-31T19:15] submit: held (SUBMIT_HOLD present)
[2026-08-31T19:30] episodes: no-new
[2026-08-31T19:30] snapshot: not-due
[2026-08-31T19:30] submit: held (SUBMIT_HOLD present)
[2026-08-31T19:45] episodes: no-new
[2026-08-31T19:45] snapshot: not-due
[2026-08-31T19:45] submit: held (SUBMIT_HOLD present)
[2026-08-31T20:00] episodes: no-new
[2026-08-31T20:00] snapshot: ok(10 rows)
[2026-08-31T20:00] submit: held (SUBMIT_HOLD present)
[2026-08-31T20:15] episodes: no-new
[2026-08-31T20:15] snapshot: not-due
[2026-08-31T20:15] submit: held (SUBMIT_HOLD present)
[2026-08-31T20:30] episodes: no-new
[2026-08-31T20:30] snapshot: not-due
[2026-08-31T20:30] submit: held (SUBMIT_HOLD present)
[2026-08-31T20:45] episodes: no-new
[2026-08-31T20:45] snapshot: not-due
[2026-08-31T20:45] submit: held (SUBMIT_HOLD present)
[2026-08-31T21:00] episodes: no-new
[2026-08-31T21:00] snapshot: not-due
[2026-08-31T21:00] submit: held (SUBMIT_HOLD present)
[2026-08-31T21:15] episodes: no-new
[2026-08-31T21:15] snapshot: not-due
[2026-08-31T21:15] submit: held (SUBMIT_HOLD present)
[2026-08-31T21:30] episodes: no-new
[2026-08-31T21:30] snapshot: not-due
[2026-08-31T21:30] submit: held (SUBMIT_HOLD present)
[2026-08-31T21:45] episodes: no-new
[2026-08-31T21:45] snapshot: not-due
[2026-08-31T21:45] submit: held (SUBMIT_HOLD present)
[2026-08-31T22:00] episodes: no-new
[2026-08-31T22:00] snapshot: not-due
[2026-08-31T22:00] submit: held (SUBMIT_HOLD present)
[2026-08-31T22:15] episodes: no-new
[2026-08-31T22:15] snapshot: not-due
[2026-08-31T22:15] submit: held (SUBMIT_HOLD present)
[2026-08-31T22:30] episodes: no-new
[2026-08-31T22:30] snapshot: not-due
[2026-08-31T22:30] submit: held (SUBMIT_HOLD present)
[2026-08-31T22:45] episodes: no-new
[2026-08-31T22:45] snapshot: not-due
[2026-08-31T22:45] submit: held (SUBMIT_HOLD present)
[2026-08-31T23:00] episodes: no-new
[2026-08-31T23:00] snapshot: not-due
[2026-08-31T23:00] submit: held (SUBMIT_HOLD present)
[2026-08-31T23:15] episodes: no-new
[2026-08-31T23:15] snapshot: not-due
[2026-08-31T23:15] submit: held (SUBMIT_HOLD present)
[2026-08-31T23:30] episodes: no-new
[2026-08-31T23:30] snapshot: not-due
[2026-08-31T23:30] submit: held (SUBMIT_HOLD present)
[2026-08-31T23:45] episodes: no-new
[2026-08-31T23:45] snapshot: not-due
[2026-08-31T23:45] submit: held (SUBMIT_HOLD present)
[2026-09-01T00:00] episodes: no-new
[2026-09-01T00:00] snapshot: not-due
[2026-09-01T00:00] submit: held (SUBMIT_HOLD present)
[2026-09-01T00:15] episodes: no-new
[2026-09-01T00:15] snapshot: ok(10 rows)
[2026-09-01T00:15] submit: held (SUBMIT_HOLD present)
[2026-09-01T00:30] episodes: no-new
[2026-09-01T00:30] snapshot: not-due
[2026-09-01T00:30] submit: held (SUBMIT_HOLD present)
[2026-09-01T00:45] episodes: no-new
[2026-09-01T00:45] snapshot: not-due
[2026-09-01T00:45] submit: held (SUBMIT_HOLD present)
[2026-09-01T01:00] episodes: no-new
[2026-09-01T01:00] snapshot: not-due
[2026-09-01T01:00] submit: held (SUBMIT_HOLD present)
[2026-09-01T01:15] episodes: no-new
[2026-09-01T01:15] snapshot: not-due
[2026-09-01T01:15] submit: held (SUBMIT_HOLD present)
[2026-09-01T01:30] episodes: no-new
[2026-09-01T01:30] snapshot: not-due
[2026-09-01T01:30] submit: held (SUBMIT_HOLD present)
[2026-09-01T01:45] episodes: no-new
[2026-09-01T01:45] snapshot: not-due
[2026-09-01T01:45] submit: held (SUBMIT_HOLD present)
[2026-09-01T02:00] episodes: no-new
[2026-09-01T02:00] snapshot: not-due
[2026-09-01T02:00] submit: held (SUBMIT_HOLD present)
[2026-09-01T02:15] episodes: no-new
[2026-09-01T02:15] snapshot: not-due
[2026-09-01T02:15] submit: held (SUBMIT_HOLD present)
[2026-09-01T02:30] episodes: no-new
[2026-09-01T02:30] snapshot: not-due
[2026-09-01T02:30] submit: held (SUBMIT_HOLD present)
[2026-09-01T02:45] episodes: no-new
[2026-09-01T02:45] snapshot: not-due
[2026-09-01T02:45] submit: held (SUBMIT_HOLD present)
[2026-09-01T03:00] episodes: no-new
[2026-09-01T03:00] snapshot: not-due
[2026-09-01T03:00] submit: held (SUBMIT_HOLD present)
[2026-09-01T03:15] episodes: no-new
[2026-09-01T03:15] snapshot: not-due
[2026-09-01T03:15] submit: held (SUBMIT_HOLD present)
[2026-09-01T03:30] episodes: no-new
[2026-09-01T03:30] snapshot: not-due
[2026-09-01T03:30] submit: held (SUBMIT_HOLD present)
[2026-09-01T03:45] episodes: no-new
[2026-09-01T03:45] snapshot: not-due
[2026-09-01T03:45] submit: held (SUBMIT_HOLD present)
[2026-09-01T04:00] episodes: no-new
[2026-09-01T04:00] snapshot: not-due
[2026-09-01T04:00] submit: held (SUBMIT_HOLD present)
[2026-09-01T04:15] episodes: no-new
[2026-09-01T04:15] snapshot: ok(10 rows)
[2026-09-01T04:15] submit: held (SUBMIT_HOLD present)
[2026-09-01T04:30] episodes: no-new
[2026-09-01T04:30] snapshot: not-due
[2026-09-01T04:30] submit: held (SUBMIT_HOLD present)
[2026-09-01T04:45] episodes: no-new
[2026-09-01T04:45] snapshot: not-due
[2026-09-01T04:45] submit: held (SUBMIT_HOLD present)
[2026-09-01T05:00] episodes: no-new
[2026-09-01T05:00] snapshot: not-due
[2026-09-01T05:00] submit: held (SUBMIT_HOLD present)
[2026-09-01T05:15] episodes: no-new
[2026-09-01T05:15] snapshot: not-due
[2026-09-01T05:15] submit: held (SUBMIT_HOLD present)
[2026-09-01T05:30] episodes: no-new
[2026-09-01T05:30] snapshot: not-due
[2026-09-01T05:30] submit: held (SUBMIT_HOLD present)
[2026-09-01T05:45] episodes: no-new
[2026-09-01T05:45] snapshot: not-due
[2026-09-01T05:45] submit: held (SUBMIT_HOLD present)
[2026-09-01T06:00] episodes: no-new
[2026-09-01T06:00] snapshot: not-due
[2026-09-01T06:00] submit: held (SUBMIT_HOLD present)
[2026-09-01T06:15] episodes: no-new
[2026-09-01T06:15] snapshot: not-due
[2026-09-01T06:15] submit: held (SUBMIT_HOLD present)
[2026-09-01T06:31] episodes: no-new
[2026-09-01T06:31] snapshot: not-due
[2026-09-01T06:31] submit: held (SUBMIT_HOLD present)
[2026-09-01T06:45] episodes: no-new
[2026-09-01T06:45] snapshot: not-due
[2026-09-01T06:45] submit: held (SUBMIT_HOLD present)
[2026-09-01T07:00] episodes: no-new
[2026-09-01T07:00] snapshot: not-due
[2026-09-01T07:00] submit: held (SUBMIT_HOLD present)
[2026-09-01T07:17] episodes: no-new
[2026-09-01T07:17] snapshot: not-due
[2026-09-01T07:17] submit: held (SUBMIT_HOLD present)
[2026-09-01T07:30] episodes: no-new
[2026-09-01T07:30] snapshot: not-due
[2026-09-01T07:30] submit: held (SUBMIT_HOLD present)
[2026-09-01T07:45] episodes: no-new
[2026-09-01T07:45] snapshot: not-due
[2026-09-01T07:45] submit: held (SUBMIT_HOLD present)
[2026-09-01T08:00] episodes: no-new
[2026-09-01T08:00] snapshot: not-due
[2026-09-01T08:00] submit: held (SUBMIT_HOLD present)
[2026-09-01T08:15] episodes: no-new
[2026-09-01T08:15] snapshot: ok(10 rows)
[2026-09-01T08:15] submit: held (SUBMIT_HOLD present)
[2026-09-01T08:30] episodes: no-new
[2026-09-01T08:30] snapshot: not-due
[2026-09-01T08:30] submit: held (SUBMIT_HOLD present)
[2026-09-01T08:45] episodes: no-new
[2026-09-01T08:45] snapshot: not-due
[2026-09-01T08:45] submit: held (SUBMIT_HOLD present)
[2026-09-01T09:00] episodes: no-new
[2026-09-01T09:00] snapshot: not-due
[2026-09-01T09:00] submit: held (SUBMIT_HOLD present)
[2026-09-01T09:15] episodes: no-new
[2026-09-01T09:15] snapshot: not-due
[2026-09-01T09:15] submit: held (SUBMIT_HOLD present)
[2026-09-01T09:30] episodes: no-new
[2026-09-01T09:30] snapshot: not-due
[2026-09-01T09:30] submit: held (SUBMIT_HOLD present)
[2026-09-01T09:45] episodes: no-new
[2026-09-01T09:45] snapshot: not-due
[2026-09-01T09:45] submit: held (SUBMIT_HOLD present)
[2026-09-01T10:00] episodes: no-new
[2026-09-01T10:00] snapshot: not-due
[2026-09-01T10:00] submit: held (SUBMIT_HOLD present)
[2026-09-01T10:15] episodes: no-new
[2026-09-01T10:15] snapshot: not-due
[2026-09-01T10:15] submit: held (SUBMIT_HOLD present)
[2026-09-01T10:30] episodes: no-new
[2026-09-01T10:30] snapshot: not-due
[2026-09-01T10:30] submit: held (SUBMIT_HOLD present)
[2026-09-01T10:45] episodes: no-new
[2026-09-01T10:45] snapshot: not-due
[2026-09-01T10:45] submit: held (SUBMIT_HOLD present)
[2026-09-01T11:00] episodes: no-new
[2026-09-01T11:00] snapshot: not-due
[2026-09-01T11:00] submit: held (SUBMIT_HOLD present)
